ix,iy,x0,x1,y0,y1,status,visits,maxdepth,minimum_squared_gap
0,0,0.34090825915336609,0.34090827405452728,0.43484576046466827,0.43484577536582947,1,36709,38,3.3604178094291387e-15
1,0,0.34090827405452728,0.34090828895568848,0.43484576046466827,0.43484577536582947,1,36693,38,7.3286038089337213e-14
2,0,0.34090828895568848,0.34090830385684967,0.43484576046466827,0.43484577536582947,1,36683,38,2.5743757461207082e-14
3,0,0.34090830385684967,0.34090831875801086,0.43484576046466827,0.43484577536582947,1,36639,38,1.1947820875746249e-14
4,0,0.34090831875801086,0.34090833365917206,0.43484576046466827,0.43484577536582947,1,36665,38,1.6959750852327039e-14
5,0,0.34090833365917206,0.34090834856033325,0.43484576046466827,0.43484577536582947,1,36667,38,5.0554797890029834e-14
6,0,0.34090834856033325,0.34090836346149445,0.43484576046466827,0.43484577536582947,1,36633,38,4.0201002434179623e-15
7,0,0.34090836346149445,0.34090837836265564,0.43484576046466827,0.43484577536582947,1,36639,38,4.6817156407013425e-14
8,0,0.34090837836265564,0.34090839326381683,0.43484576046466827,0.43484577536582947,1,36645,38,9.2106847846412134e-15
9,0,0.34090839326381683,0.34090840816497803,0.43484576046466827,0.43484577536582947,1,36659,38,1.6092930358582087e-15
10,0,0.34090840816497803,0.34090842306613922,0.43484576046466827,0.43484577536582947,1,36617,38,6.3467718457752823e-14
11,0,0.34090842306613922,0.34090843796730042,0.43484576046466827,0.43484577536582947,1,36611,38,1.6705212478912848e-14
12,0,0.34090843796730042,0.34090845286846161,0.43484576046466827,0.43484577536582947,1,36583,38,1.4963994433000133e-13
13,0,0.34090845286846161,0.3409084677696228,0.43484576046466827,0.43484577536582947,1,36605,38,2.001925823820074e-13
14,0,0.3409084677696228,0.340908482670784,0.43484576046466827,0.43484577536582947,1,36585,38,1.0225518379482221e-13
15,0,0.340908482670784,0.34090849757194519,0.43484576046466827,0.43484577536582947,1,36605,38,5.4689308243557619e-15
16,0,0.34090849757194519,0.34090851247310638,0.43484576046466827,0.43484577536582947,1,36553,38,4.4599612097942767e-15
17,0,0.34090851247310638,0.34090852737426758,0.43484576046466827,0.43484577536582947,1,36601,38,7.548379894317191e-15
18,0,0.34090852737426758,0.34090854227542877,0.43484576046466827,0.43484577536582947,1,36529,38,2.3187466636082162e-14
19,0,0.34090854227542877,0.34090855717658997,0.43484576046466827,0.43484577536582947,1,36513,38,3.8975222308664041e-14
20,0,0.34090855717658997,0.34090857207775116,0.43484576046466827,0.43484577536582947,1,36507,37,3.396500257745444e-14
21,0,0.34090857207775116,0.34090858697891235,0.43484576046466827,0.43484577536582947,1,36521,37,1.0192507146346252e-13
22,0,0.34090858697891235,0.34090860188007355,0.43484576046466827,0.43484577536582947,1,36519,37,2.1842591694693988e-14
23,0,0.34090860188007355,0.34090861678123474,0.43484576046466827,0.43484577536582947,1,36513,37,8.0412153504407286e-14
24,0,0.34090861678123474,0.34090863168239594,0.43484576046466827,0.43484577536582947,1,36513,37,1.0702072334332372e-13
25,0,0.34090863168239594,0.34090864658355713,0.43484576046466827,0.43484577536582947,1,36493,37,1.5389053712247095e-14
26,0,0.34090864658355713,0.34090866148471832,0.43484576046466827,0.43484577536582947,1,36467,37,1.6946808341182114e-13
27,0,0.34090866148471832,0.34090867638587952,0.43484576046466827,0.43484577536582947,1,36495,37,1.5229938283342714e-13
28,0,0.34090867638587952,0.34090869128704071,0.43484576046466827,0.43484577536582947,1,36487,37,1.2865831884149554e-13
29,0,0.34090869128704071,0.3409087061882019,0.43484576046466827,0.43484577536582947,1,36485,37,8.164659629681762e-16
30,0,0.3409087061882019,0.3409087210893631,0.43484576046466827,0.43484577536582947,1,36493,37,9.8904979019610217e-14
31,0,0.3409087210893631,0.34090873599052429,0.43484576046466827,0.43484577536582947,1,36469,37,4.4902967986327141e-13
32,0,0.34090873599052429,0.34090875089168549,0.43484576046466827,0.43484577536582947,1,36527,37,3.4602220530622324e-14
33,0,0.34090875089168549,0.34090876579284668,0.43484576046466827,0.43484577536582947,1,36447,37,2.1466799580888098e-13
34,0,0.34090876579284668,0.34090878069400787,0.43484576046466827,0.43484577536582947,1,36463,37,3.812438824405456e-14
35,0,0.34090878069400787,0.34090879559516907,0.43484576046466827,0.43484577536582947,1,36443,37,2.3082454888486498e-13
36,0,0.34090879559516907,0.34090881049633026,0.43484576046466827,0.43484577536582947,1,36453,37,2.0668574141878283e-13
37,0,0.34090881049633026,0.34090882539749146,0.43484576046466827,0.43484577536582947,1,36447,37,2.0162210902886951e-15
38,0,0.34090882539749146,0.34090884029865265,0.43484576046466827,0.43484577536582947,1,36487,37,9.0733098593744206e-14
39,0,0.34090884029865265,0.34090885519981384,0.43484576046466827,0.43484577536582947,1,36473,37,2.0629096954406576e-15
40,0,0.34090885519981384,0.34090887010097504,0.43484576046466827,0.43484577536582947,1,36437,37,4.5911836166832035e-14
41,0,0.34090887010097504,0.34090888500213623,0.43484576046466827,0.43484577536582947,1,36427,37,3.6820504762471252e-13
42,0,0.34090888500213623,0.34090889990329742,0.43484576046466827,0.43484577536582947,1,36413,37,3.3829268731315176e-15
43,0,0.34090889990329742,0.34090891480445862,0.43484576046466827,0.43484577536582947,1,36421,37,1.0043476208581205e-13
44,0,0.34090891480445862,0.34090892970561981,0.43484576046466827,0.43484577536582947,1,36411,37,1.6918107527904186e-14
45,0,0.34090892970561981,0.34090894460678101,0.43484576046466827,0.43484577536582947,1,36383,37,2.815876572547892e-13
46,0,0.34090894460678101,0.3409089595079422,0.43484576046466827,0.43484577536582947,1,36411,37,1.8801172122323215e-13
47,0,0.3409089595079422,0.34090897440910339,0.43484576046466827,0.43484577536582947,1,36403,38,1.7180912376096838e-14
48,0,0.34090897440910339,0.34090898931026459,0.43484576046466827,0.43484577536582947,1,36413,38,5.4261633548759295e-15
49,0,0.34090898931026459,0.34090900421142578,0.43484576046466827,0.43484577536582947,1,36367,38,1.0274925960891178e-13
50,0,0.34090900421142578,0.34090901911258698,0.43484576046466827,0.43484577536582947,1,36395,38,6.7240212240731115e-14
51,0,0.34090901911258698,0.34090903401374817,0.43484576046466827,0.43484577536582947,1,36369,38,1.4907596143053632e-13
52,0,0.34090903401374817,0.34090904891490936,0.43484576046466827,0.43484577536582947,1,36373,38,7.886121085363372e-14
53,0,0.34090904891490936,0.34090906381607056,0.43484576046466827,0.43484577536582947,1,36421,38,1.0150259599864929e-13
54,0,0.34090906381607056,0.34090907871723175,0.43484576046466827,0.43484577536582947,1,36373,38,1.5470864254698298e-14
55,0,0.34090907871723175,0.34090909361839294,0.43484576046466827,0.43484577536582947,1,36375,38,3.1812298572630779e-13
56,0,0.34090909361839294,0.34090910851955414,0.43484576046466827,0.43484577536582947,1,36371,38,5.0845735577341979e-13
57,0,0.34090910851955414,0.34090912342071533,0.43484576046466827,0.43484577536582947,1,36379,38,1.9731562048450554e-13
58,0,0.34090912342071533,0.34090913832187653,0.43484576046466827,0.43484577536582947,1,36363,38,1.0880068464782115e-13
59,0,0.34090913832187653,0.34090915322303772,0.43484576046466827,0.43484577536582947,1,36371,38,7.1259856874912687e-16
60,0,0.34090915322303772,0.34090916812419891,0.43484576046466827,0.43484577536582947,1,36315,38,5.552381625500893e-15
61,0,0.34090916812419891,0.34090918302536011,0.43484576046466827,0.43484577536582947,1,36377,38,4.3951763196583244e-14
62,0,0.34090918302536011,0.3409091979265213,0.43484576046466827,0.43484577536582947,1,36361,38,1.668062003609181e-14
63,0,0.3409091979265213,0.3409092128276825,0.43484576046466827,0.43484577536582947,1,36347,38,3.43928916834856e-14
0,1,0.34090825915336609,0.34090827405452728,0.43484577536582947,0.43484579026699066,1,36719,38,4.779501069049778e-14
1,1,0.34090827405452728,0.34090828895568848,0.43484577536582947,0.43484579026699066,1,36675,38,9.6298614097129352e-14
2,1,0.34090828895568848,0.34090830385684967,0.43484577536582947,0.43484579026699066,1,36667,38,4.5423389640839505e-14
3,1,0.34090830385684967,0.34090831875801086,0.43484577536582947,0.43484579026699066,1,36645,38,1.5118937902501552e-14
4,1,0.34090831875801086,0.34090833365917206,0.43484577536582947,0.43484579026699066,1,36653,38,9.6987664039080021e-14
5,1,0.34090833365917206,0.34090834856033325,0.43484577536582947,0.43484579026699066,1,36641,38,6.5725924329182394e-14
6,1,0.34090834856033325,0.34090836346149445,0.43484577536582947,0.43484579026699066,1,36663,38,1.1336218712994439e-13
7,1,0.34090836346149445,0.34090837836265564,0.43484577536582947,0.43484579026699066,1,36645,38,9.6517169690616888e-14
8,1,0.34090837836265564,0.34090839326381683,0.43484577536582947,0.43484579026699066,1,36607,38,2.2622502632413831e-14
9,1,0.34090839326381683,0.34090840816497803,0.43484577536582947,0.43484579026699066,1,36599,38,3.7556772063078921e-14
10,1,0.34090840816497803,0.34090842306613922,0.43484577536582947,0.43484579026699066,1,36627,38,1.8764173778188195e-14
11,1,0.34090842306613922,0.34090843796730042,0.43484577536582947,0.43484579026699066,1,36641,38,5.6880765547675557e-14
12,1,0.34090843796730042,0.34090845286846161,0.43484577536582947,0.43484579026699066,1,36585,38,5.589108336042258e-14
13,1,0.34090845286846161,0.3409084677696228,0.43484577536582947,0.43484579026699066,1,36607,38,8.7085779687198098e-14
14,1,0.3409084677696228,0.340908482670784,0.43484577536582947,0.43484579026699066,1,36613,38,6.2585693813232631e-14
15,1,0.340908482670784,0.34090849757194519,0.43484577536582947,0.43484579026699066,1,36583,38,2.8972321413486379e-14
16,1,0.34090849757194519,0.34090851247310638,0.43484577536582947,0.43484579026699066,1,36557,38,1.8153779955039701e-14
17,1,0.34090851247310638,0.34090852737426758,0.43484577536582947,0.43484579026699066,1,36529,38,5.4413648397682539e-14
18,1,0.34090852737426758,0.34090854227542877,0.43484577536582947,0.43484579026699066,1,36507,38,2.2940758941594225e-13
19,1,0.34090854227542877,0.34090855717658997,0.43484577536582947,0.43484579026699066,1,36543,37,1.2687271076510759e-15
20,1,0.34090855717658997,0.34090857207775116,0.43484577536582947,0.43484579026699066,1,36523,37,2.5673240842154682e-14
21,1,0.34090857207775116,0.34090858697891235,0.43484577536582947,0.43484579026699066,1,36493,37,2.5815703382021964e-15
22,1,0.34090858697891235,0.34090860188007355,0.43484577536582947,0.43484579026699066,1,36521,37,1.7372871961232463e-13
23,1,0.34090860188007355,0.34090861678123474,0.43484577536582947,0.43484579026699066,1,36517,37,4.8405407471120694e-14
24,1,0.34090861678123474,0.34090863168239594,0.43484577536582947,0.43484579026699066,1,36539,37,1.1417463703441357e-13
25,1,0.34090863168239594,0.34090864658355713,0.43484577536582947,0.43484579026699066,1,36483,37,4.8162089074712836e-14
26,1,0.34090864658355713,0.34090866148471832,0.43484577536582947,0.43484579026699066,1,36487,37,1.9337311260195462e-14
27,1,0.34090866148471832,0.34090867638587952,0.43484577536582947,0.43484579026699066,1,36513,37,1.0951787225625533e-14
28,1,0.34090867638587952,0.34090869128704071,0.43484577536582947,0.43484579026699066,1,36493,37,1.265636196018418e-13
29,1,0.34090869128704071,0.3409087061882019,0.43484577536582947,0.43484579026699066,1,36473,37,6.7486033702096618e-14
30,1,0.3409087061882019,0.3409087210893631,0.43484577536582947,0.43484579026699066,1,36495,37,9.9304491858301093e-15
31,1,0.3409087210893631,0.34090873599052429,0.43484577536582947,0.43484579026699066,1,36501,37,2.9493669270105158e-14
32,1,0.34090873599052429,0.34090875089168549,0.43484577536582947,0.43484579026699066,1,36487,37,1.3635008815320525e-13
33,1,0.34090875089168549,0.34090876579284668,0.43484577536582947,0.43484579026699066,1,36499,37,1.6796599018300739e-14
34,1,0.34090876579284668,0.34090878069400787,0.43484577536582947,0.43484579026699066,1,36475,37,4.3497943106404798e-14
35,1,0.34090878069400787,0.34090879559516907,0.43484577536582947,0.43484579026699066,1,36451,37,3.8812066384546266e-14
36,1,0.34090879559516907,0.34090881049633026,0.43484577536582947,0.43484579026699066,1,36477,37,6.8522375663169781e-14
37,1,0.34090881049633026,0.34090882539749146,0.43484577536582947,0.43484579026699066,1,36487,37,3.0035867518462538e-14
38,1,0.34090882539749146,0.34090884029865265,0.43484577536582947,0.43484579026699066,1,36469,37,1.9203606334041245e-13
39,1,0.34090884029865265,0.34090885519981384,0.43484577536582947,0.43484579026699066,1,36443,37,9.1588337645441064e-14
40,1,0.34090885519981384,0.34090887010097504,0.43484577536582947,0.43484579026699066,1,36471,37,2.7678371315136964e-14
41,1,0.34090887010097504,0.34090888500213623,0.43484577536582947,0.43484579026699066,1,36421,37,1.4053200121362494e-13
42,1,0.34090888500213623,0.34090889990329742,0.43484577536582947,0.43484579026699066,1,36427,37,9.1926356025731563e-14
43,1,0.34090889990329742,0.34090891480445862,0.43484577536582947,0.43484579026699066,1,36427,37,1.4486650003126518e-14
44,1,0.34090891480445862,0.34090892970561981,0.43484577536582947,0.43484579026699066,1,36475,37,3.5669561914163601e-14
45,1,0.34090892970561981,0.34090894460678101,0.43484577536582947,0.43484579026699066,1,36381,37,5.8375231581668589e-14
46,1,0.34090894460678101,0.3409089595079422,0.43484577536582947,0.43484579026699066,1,36387,37,8.2603643129253802e-14
47,1,0.3409089595079422,0.34090897440910339,0.43484577536582947,0.43484579026699066,1,36369,38,3.5697336429242575e-15
48,1,0.34090897440910339,0.34090898931026459,0.43484577536582947,0.43484579026699066,1,36403,38,3.2713352067049709e-14
49,1,0.34090898931026459,0.34090900421142578,0.43484577536582947,0.43484579026699066,1,36355,38,4.6747484537954412e-14
50,1,0.34090900421142578,0.34090901911258698,0.43484577536582947,0.43484579026699066,1,36389,38,1.9474499736932702e-13
51,1,0.34090901911258698,0.34090903401374817,0.43484577536582947,0.43484579026699066,1,36405,38,1.0127798690534901e-13
52,1,0.34090903401374817,0.34090904891490936,0.43484577536582947,0.43484579026699066,1,36367,38,2.8444733056000967e-14
53,1,0.34090904891490936,0.34090906381607056,0.43484577536582947,0.43484579026699066,1,36347,38,1.165720940037586e-13
54,1,0.34090906381607056,0.34090907871723175,0.43484577536582947,0.43484579026699066,1,36365,38,6.5315048998763629e-14
55,1,0.34090907871723175,0.34090909361839294,0.43484577536582947,0.43484579026699066,1,36331,38,1.242705132022825e-13
56,1,0.34090909361839294,0.34090910851955414,0.43484577536582947,0.43484579026699066,1,36393,38,1.890614990958585e-14
57,1,0.34090910851955414,0.34090912342071533,0.43484577536582947,0.43484579026699066,1,36379,38,2.5333381278627784e-14
58,1,0.34090912342071533,0.34090913832187653,0.43484577536582947,0.43484579026699066,1,36351,38,2.8868636002621009e-15
59,1,0.34090913832187653,0.34090915322303772,0.43484577536582947,0.43484579026699066,1,36343,38,5.3496701759278899e-14
60,1,0.34090915322303772,0.34090916812419891,0.43484577536582947,0.43484579026699066,1,36359,38,1.7098856072566468e-14
61,1,0.34090916812419891,0.34090918302536011,0.43484577536582947,0.43484579026699066,1,36335,38,4.9578376832795293e-14
62,1,0.34090918302536011,0.3409091979265213,0.43484577536582947,0.43484579026699066,1,36371,38,1.2847378401232573e-13
63,1,0.3409091979265213,0.3409092128276825,0.43484577536582947,0.43484579026699066,1,36365,38,3.1672902798364673e-13
0,2,0.34090825915336609,0.34090827405452728,0.43484579026699066,0.43484580516815186,1,36683,38,6.8877202261257332e-14
1,2,0.34090827405452728,0.34090828895568848,0.43484579026699066,0.43484580516815186,1,36671,38,9.7177952861501485e-15
2,2,0.34090828895568848,0.34090830385684967,0.43484579026699066,0.43484580516815186,1,36659,38,5.841206969897379e-14
3,2,0.34090830385684967,0.34090831875801086,0.43484579026699066,0.43484580516815186,1,36637,38,2.0375807791415286e-14
4,2,0.34090831875801086,0.34090833365917206,0.43484579026699066,0.43484580516815186,1,36639,38,1.7572413133706209e-13
5,2,0.34090833365917206,0.34090834856033325,0.43484579026699066,0.43484580516815186,1,36655,38,1.7734999217301168e-14
6,2,0.34090834856033325,0.34090836346149445,0.43484579026699066,0.43484580516815186,1,36625,38,1.8988212492076229e-15
7,2,0.34090836346149445,0.34090837836265564,0.43484579026699066,0.43484580516815186,1,36589,38,8.9168474561305515e-15
8,2,0.34090837836265564,0.34090839326381683,0.43484579026699066,0.43484580516815186,1,36595,38,1.610414354782186e-14
9,2,0.34090839326381683,0.34090840816497803,0.43484579026699066,0.43484580516815186,1,36603,38,7.9788133776781433e-14
10,2,0.34090840816497803,0.34090842306613922,0.43484579026699066,0.43484580516815186,1,36631,38,2.2848684326537911e-13
11,2,0.34090842306613922,0.34090843796730042,0.43484579026699066,0.43484580516815186,1,36591,38,4.3097374354704793e-14
12,2,0.34090843796730042,0.34090845286846161,0.43484579026699066,0.43484580516815186,1,36593,38,1.1145584846840282e-14
13,2,0.34090845286846161,0.3409084677696228,0.43484579026699066,0.43484580516815186,1,36557,38,3.3752802418023744e-14
14,2,0.3409084677696228,0.340908482670784,0.43484579026699066,0.43484580516815186,1,36573,38,4.6341788787221672e-14
15,2,0.340908482670784,0.34090849757194519,0.43484579026699066,0.43484580516815186,1,36595,38,7.2043362376054653e-14
16,2,0.34090849757194519,0.34090851247310638,0.43484579026699066,0.43484580516815186,1,36545,38,1.3302525279940251e-14
17,2,0.34090851247310638,0.34090852737426758,0.43484579026699066,0.43484580516815186,1,36535,38,5.1069137406867464e-14
18,2,0.34090852737426758,0.34090854227542877,0.43484579026699066,0.43484580516815186,1,36553,38,8.4270232185504844e-14
19,2,0.34090854227542877,0.34090855717658997,0.43484579026699066,0.43484580516815186,1,36505,37,6.9318099775313893e-15
20,2,0.34090855717658997,0.34090857207775116,0.43484579026699066,0.43484580516815186,1,36561,37,3.8587543277672327e-14
21,2,0.34090857207775116,0.34090858697891235,0.43484579026699066,0.43484580516815186,1,36513,37,7.3099450007448094e-14
22,2,0.34090858697891235,0.34090860188007355,0.43484579026699066,0.43484580516815186,1,36539,37,2.8475807429003884e-14
23,2,0.34090860188007355,0.34090861678123474,0.43484579026699066,0.43484580516815186,1,36511,37,1.5076182569128739e-13
24,2,0.34090861678123474,0.34090863168239594,0.43484579026699066,0.43484580516815186,1,36487,37,2.5366465870081537e-14
25,2,0.34090863168239594,0.34090864658355713,0.43484579026699066,0.43484580516815186,1,36463,37,5.7310169362654238e-14
26,2,0.34090864658355713,0.34090866148471832,0.43484579026699066,0.43484580516815186,1,36485,37,1.0133432529706002e-13
27,2,0.34090866148471832,0.34090867638587952,0.43484579026699066,0.43484580516815186,1,36523,37,1.1245666547580748e-13
28,2,0.34090867638587952,0.34090869128704071,0.43484579026699066,0.43484580516815186,1,36449,37,2.5518663836025642e-14
29,2,0.34090869128704071,0.3409087061882019,0.43484579026699066,0.43484580516815186,1,36459,37,2.6742068731003162e-13
30,2,0.3409087061882019,0.3409087210893631,0.43484579026699066,0.43484580516815186,1,36483,37,3.4643159796647887e-14
31,2,0.3409087210893631,0.34090873599052429,0.43484579026699066,0.43484580516815186,1,36443,37,2.4287449767376687e-14
32,2,0.34090873599052429,0.34090875089168549,0.43484579026699066,0.43484580516815186,1,36459,37,1.719806366664065e-13
33,2,0.34090875089168549,0.34090876579284668,0.43484579026699066,0.43484580516815186,1,36451,37,1.1899108386463156e-13
34,2,0.34090876579284668,0.34090878069400787,0.43484579026699066,0.43484580516815186,1,36453,37,5.3921950148465738e-14
35,2,0.34090878069400787,0.34090879559516907,0.43484579026699066,0.43484580516815186,1,36445,37,1.7578037449663239e-14
36,2,0.34090879559516907,0.34090881049633026,0.43484579026699066,0.43484580516815186,1,36439,37,4.9860669103721219e-14
37,2,0.34090881049633026,0.34090882539749146,0.43484579026699066,0.43484580516815186,1,36467,37,1.5609762984322763e-14
38,2,0.34090882539749146,0.34090884029865265,0.43484579026699066,0.43484580516815186,1,36407,37,5.9302764912377271e-15
39,2,0.34090884029865265,0.34090885519981384,0.43484579026699066,0.43484580516815186,1,36421,37,7.069778749306955e-14
40,2,0.34090885519981384,0.34090887010097504,0.43484579026699066,0.43484580516815186,1,36425,37,1.0204358804988515e-13
41,2,0.34090887010097504,0.34090888500213623,0.43484579026699066,0.43484580516815186,1,36419,37,7.4036855017524255e-15
42,2,0.34090888500213623,0.34090889990329742,0.43484579026699066,0.43484580516815186,1,36407,37,5.9332563882451209e-14
43,2,0.34090889990329742,0.34090891480445862,0.43484579026699066,0.43484580516815186,1,36429,37,1.2611291530332499e-13
44,2,0.34090891480445862,0.34090892970561981,0.43484579026699066,0.43484580516815186,1,36379,37,1.6768979778464424e-14
45,2,0.34090892970561981,0.34090894460678101,0.43484579026699066,0.43484580516815186,1,36399,37,4.0725825008648618e-14
46,2,0.34090894460678101,0.3409089595079422,0.43484579026699066,0.43484580516815186,1,36371,37,2.9857729496928554e-14
47,2,0.3409089595079422,0.34090897440910339,0.43484579026699066,0.43484580516815186,1,36385,38,2.3992875152344354e-13
48,2,0.34090897440910339,0.34090898931026459,0.43484579026699066,0.43484580516815186,1,36433,38,1.3192902284825285e-13
49,2,0.34090898931026459,0.34090900421142578,0.43484579026699066,0.43484580516815186,1,36415,38,1.153649212058009e-13
50,2,0.34090900421142578,0.34090901911258698,0.43484579026699066,0.43484580516815186,1,36359,38,2.7836477501925933e-13
51,2,0.34090901911258698,0.34090903401374817,0.43484579026699066,0.43484580516815186,1,36399,38,1.0912483829853887e-13
52,2,0.34090903401374817,0.34090904891490936,0.43484579026699066,0.43484580516815186,1,36349,38,2.5993824992622176e-14
53,2,0.34090904891490936,0.34090906381607056,0.43484579026699066,0.43484580516815186,1,36347,38,1.5335089715810432e-13
54,2,0.34090906381607056,0.34090907871723175,0.43484579026699066,0.43484580516815186,1,36355,38,6.5040930987138534e-14
55,2,0.34090907871723175,0.34090909361839294,0.43484579026699066,0.43484580516815186,1,36377,38,6.9703169591033868e-15
56,2,0.34090909361839294,0.34090910851955414,0.43484579026699066,0.43484580516815186,1,36385,38,7.7339028849368165e-14
57,2,0.34090910851955414,0.34090912342071533,0.43484579026699066,0.43484580516815186,1,36373,38,5.062772978389128e-16
58,2,0.34090912342071533,0.34090913832187653,0.43484579026699066,0.43484580516815186,1,36325,38,8.0525503401881323e-16
59,2,0.34090913832187653,0.34090915322303772,0.43484579026699066,0.43484580516815186,1,36379,38,1.326206611924543e-14
60,2,0.34090915322303772,0.34090916812419891,0.43484579026699066,0.43484580516815186,1,36379,38,6.2172284965411997e-14
61,2,0.34090916812419891,0.34090918302536011,0.43484579026699066,0.43484580516815186,1,36349,38,9.4041074131767793e-15
62,2,0.34090918302536011,0.3409091979265213,0.43484579026699066,0.43484580516815186,1,36333,38,3.8354539047239237e-14
63,2,0.3409091979265213,0.3409092128276825,0.43484579026699066,0.43484580516815186,1,36361,38,1.2840922988932141e-13
0,3,0.34090825915336609,0.34090827405452728,0.43484580516815186,0.43484582006931305,1,36707,38,3.2161317663475126e-14
1,3,0.34090827405452728,0.34090828895568848,0.43484580516815186,0.43484582006931305,1,36685,38,6.8458417982591241e-14
2,3,0.34090828895568848,0.34090830385684967,0.43484580516815186,0.43484582006931305,1,36655,38,3.1271056541687517e-14
3,3,0.34090830385684967,0.34090831875801086,0.43484580516815186,0.43484582006931305,1,36621,38,1.714307068012985e-13
4,3,0.34090831875801086,0.34090833365917206,0.43484580516815186,0.43484582006931305,1,36665,38,2.1932151999214068e-15
5,3,0.34090833365917206,0.34090834856033325,0.43484580516815186,0.43484582006931305,1,36637,38,6.5919179629775228e-14
6,3,0.34090834856033325,0.34090836346149445,0.43484580516815186,0.43484582006931305,1,36635,38,4.9778094473955619e-15
7,3,0.34090836346149445,0.34090837836265564,0.43484580516815186,0.43484582006931305,1,36625,38,5.9981396934022648e-14
8,3,0.34090837836265564,0.34090839326381683,0.43484580516815186,0.43484582006931305,1,36579,38,1.9541537053271792e-14
9,3,0.34090839326381683,0.34090840816497803,0.43484580516815186,0.43484582006931305,1,36585,38,1.5317883262279535e-13
10,3,0.34090840816497803,0.34090842306613922,0.43484580516815186,0.43484582006931305,1,36579,38,1.0676458809411808e-14
11,3,0.34090842306613922,0.34090843796730042,0.43484580516815186,0.43484582006931305,1,36613,38,3.6086222261671995e-13
12,3,0.34090843796730042,0.34090845286846161,0.43484580516815186,0.43484582006931305,1,36621,38,1.5350695132277898e-13
13,3,0.34090845286846161,0.3409084677696228,0.43484580516815186,0.43484582006931305,1,36585,38,7.0713337844651289e-14
14,3,0.3409084677696228,0.340908482670784,0.43484580516815186,0.43484582006931305,1,36565,38,2.4365158105366572e-14
15,3,0.340908482670784,0.34090849757194519,0.43484580516815186,0.43484582006931305,1,36539,38,2.4159638174788296e-14
16,3,0.34090849757194519,0.34090851247310638,0.43484580516815186,0.43484582006931305,1,36541,38,3.5588972680641764e-15
17,3,0.34090851247310638,0.34090852737426758,0.43484580516815186,0.43484582006931305,1,36517,38,4.6754863134834816e-15
18,3,0.34090852737426758,0.34090854227542877,0.43484580516815186,0.43484582006931305,1,36531,37,7.4574934390919857e-14
19,3,0.34090854227542877,0.34090855717658997,0.43484580516815186,0.43484582006931305,1,36499,37,3.6109356982501714e-14
20,3,0.34090855717658997,0.34090857207775116,0.43484580516815186,0.43484582006931305,1,36499,37,1.6178274516308004e-13
21,3,0.34090857207775116,0.34090858697891235,0.43484580516815186,0.43484582006931305,1,36467,37,2.1311793169021518e-13
22,3,0.34090858697891235,0.34090860188007355,0.43484580516815186,0.43484582006931305,1,36473,37,1.7906955164746638e-14
23,3,0.34090860188007355,0.34090861678123474,0.43484580516815186,0.43484582006931305,1,36515,37,3.1925883041861429e-13
24,3,0.34090861678123474,0.34090863168239594,0.43484580516815186,0.43484582006931305,1,36489,37,4.511117214931777e-14
25,3,0.34090863168239594,0.34090864658355713,0.43484580516815186,0.43484582006931305,1,36499,37,5.6938960738254891e-14
26,3,0.34090864658355713,0.34090866148471832,0.43484580516815186,0.43484582006931305,1,36485,37,2.1307024746635076e-14
27,3,0.34090866148471832,0.34090867638587952,0.43484580516815186,0.43484582006931305,1,36471,37,2.1548351046335712e-13
28,3,0.34090867638587952,0.34090869128704071,0.43484580516815186,0.43484582006931305,1,36461,37,1.0957662124915969e-13
29,3,0.34090869128704071,0.3409087061882019,0.43484580516815186,0.43484582006931305,1,36467,37,1.0505164946278979e-13
30,3,0.3409087061882019,0.3409087210893631,0.43484580516815186,0.43484582006931305,1,36475,37,6.3070047471041557e-14
31,3,0.3409087210893631,0.34090873599052429,0.43484580516815186,0.43484582006931305,1,36459,37,1.9879176559038876e-13
32,3,0.34090873599052429,0.34090875089168549,0.43484580516815186,0.43484582006931305,1,36451,37,2.9400685964714658e-14
33,3,0.34090875089168549,0.34090876579284668,0.43484580516815186,0.43484582006931305,1,36441,37,1.1400152011267663e-14
34,3,0.34090876579284668,0.34090878069400787,0.43484580516815186,0.43484582006931305,1,36457,37,1.6739199887757212e-14
35,3,0.34090878069400787,0.34090879559516907,0.43484580516815186,0.43484582006931305,1,36459,37,1.7140245505028461e-14
36,3,0.34090879559516907,0.34090881049633026,0.43484580516815186,0.43484582006931305,1,36427,37,6.6206233303241621e-14
37,3,0.34090881049633026,0.34090882539749146,0.43484580516815186,0.43484582006931305,1,36457,37,4.622549893032432e-14
38,3,0.34090882539749146,0.34090884029865265,0.43484580516815186,0.43484582006931305,1,36423,37,1.8640909235617872e-14
39,3,0.34090884029865265,0.34090885519981384,0.43484580516815186,0.43484582006931305,1,36461,37,1.0713326599461112e-13
40,3,0.34090885519981384,0.34090887010097504,0.43484580516815186,0.43484582006931305,1,36439,37,2.860315759110948e-14
41,3,0.34090887010097504,0.34090888500213623,0.43484580516815186,0.43484582006931305,1,36455,37,2.9612856879402598e-15
42,3,0.34090888500213623,0.34090889990329742,0.43484580516815186,0.43484582006931305,1,36431,37,1.446137894943408e-13
43,3,0.34090889990329742,0.34090891480445862,0.43484580516815186,0.43484582006931305,1,36431,37,6.3994350021129951e-16
44,3,0.34090891480445862,0.34090892970561981,0.43484580516815186,0.43484582006931305,1,36383,37,6.270805665451487e-15
45,3,0.34090892970561981,0.34090894460678101,0.43484580516815186,0.43484582006931305,1,36453,37,5.032217585428872e-14
46,3,0.34090894460678101,0.3409089595079422,0.43484580516815186,0.43484582006931305,1,36381,37,8.6249840154432537e-14
47,3,0.3409089595079422,0.34090897440910339,0.43484580516815186,0.43484582006931305,1,36363,37,6.5275956955982675e-14
48,3,0.34090897440910339,0.34090898931026459,0.43484580516815186,0.43484582006931305,1,36411,38,3.613317698431006e-13
49,3,0.34090898931026459,0.34090900421142578,0.43484580516815186,0.43484582006931305,1,36349,38,1.2375534444548864e-13
50,3,0.34090900421142578,0.34090901911258698,0.43484580516815186,0.43484582006931305,1,36385,38,1.4056532723461043e-13
51,3,0.34090901911258698,0.34090903401374817,0.43484580516815186,0.43484582006931305,1,36371,38,8.4079100768483559e-14
52,3,0.34090903401374817,0.34090904891490936,0.43484580516815186,0.43484582006931305,1,36359,38,7.0767662891075041e-14
53,3,0.34090904891490936,0.34090906381607056,0.43484580516815186,0.43484582006931305,1,36331,38,1.5673866146468977e-13
54,3,0.34090906381607056,0.34090907871723175,0.43484580516815186,0.43484582006931305,1,36377,38,1.4711546976366609e-13
55,3,0.34090907871723175,0.34090909361839294,0.43484580516815186,0.43484582006931305,1,36365,38,2.2386746396051627e-13
56,3,0.34090909361839294,0.34090910851955414,0.43484580516815186,0.43484582006931305,1,36333,38,1.6369162715869278e-14
57,3,0.34090910851955414,0.34090912342071533,0.43484580516815186,0.43484582006931305,1,36375,38,4.7531411703473842e-14
58,3,0.34090912342071533,0.34090913832187653,0.43484580516815186,0.43484582006931305,1,36371,38,2.4836432632446883e-15
59,3,0.34090913832187653,0.34090915322303772,0.43484580516815186,0.43484582006931305,1,36341,38,1.139614242808069e-14
60,3,0.34090915322303772,0.34090916812419891,0.43484580516815186,0.43484582006931305,1,36349,38,1.1418461338864728e-13
61,3,0.34090916812419891,0.34090918302536011,0.43484580516815186,0.43484582006931305,1,36341,38,8.1364737403456819e-14
62,3,0.34090918302536011,0.3409091979265213,0.43484580516815186,0.43484582006931305,1,36325,38,1.2142539106728704e-14
63,3,0.3409091979265213,0.3409092128276825,0.43484580516815186,0.43484582006931305,1,36353,38,5.3193320477742192e-14
0,4,0.34090825915336609,0.34090827405452728,0.43484582006931305,0.43484583497047424,1,36685,38,1.4158311238639479e-14
1,4,0.34090827405452728,0.34090828895568848,0.43484582006931305,0.43484583497047424,1,36681,38,6.3581752588596099e-14
2,4,0.34090828895568848,0.34090830385684967,0.43484582006931305,0.43484583497047424,1,36661,38,6.2796712159774518e-14
3,4,0.34090830385684967,0.34090831875801086,0.43484582006931305,0.43484583497047424,1,36655,38,3.343229484047981e-14
4,4,0.34090831875801086,0.34090833365917206,0.43484582006931305,0.43484583497047424,1,36637,38,4.7702638395450266e-14
5,4,0.34090833365917206,0.34090834856033325,0.43484582006931305,0.43484583497047424,1,36619,38,4.3496382219480812e-14
6,4,0.34090834856033325,0.34090836346149445,0.43484582006931305,0.43484583497047424,1,36631,38,7.6936248860883557e-14
7,4,0.34090836346149445,0.34090837836265564,0.43484582006931305,0.43484583497047424,1,36583,38,2.9011700989741253e-14
8,4,0.34090837836265564,0.34090839326381683,0.43484582006931305,0.43484583497047424,1,36607,38,1.1996770831241169e-13
9,4,0.34090839326381683,0.34090840816497803,0.43484582006931305,0.43484583497047424,1,36583,38,2.8896106386296481e-13
10,4,0.34090840816497803,0.34090842306613922,0.43484582006931305,0.43484583497047424,1,36603,38,1.9569942358359346e-13
11,4,0.34090842306613922,0.34090843796730042,0.43484582006931305,0.43484583497047424,1,36571,38,5.112030610214011e-14
12,4,0.34090843796730042,0.34090845286846161,0.43484582006931305,0.43484583497047424,1,36557,38,2.1096476660271813e-14
13,4,0.34090845286846161,0.3409084677696228,0.43484582006931305,0.43484583497047424,1,36591,38,8.652340591795974e-14
14,4,0.3409084677696228,0.340908482670784,0.43484582006931305,0.43484583497047424,1,36549,38,3.652168902416559e-14
15,4,0.340908482670784,0.34090849757194519,0.43484582006931305,0.43484583497047424,1,36529,38,4.9817359734964595e-14
16,4,0.34090849757194519,0.34090851247310638,0.43484582006931305,0.43484583497047424,1,36549,38,8.7020074475259921e-14
17,4,0.34090851247310638,0.34090852737426758,0.43484582006931305,0.43484583497047424,1,36543,37,3.0495250036013456e-14
18,4,0.34090852737426758,0.34090854227542877,0.43484582006931305,0.43484583497047424,1,36511,37,9.0009895729906944e-14
19,4,0.34090854227542877,0.34090855717658997,0.43484582006931305,0.43484583497047424,1,36525,37,5.2979734707154601e-14
20,4,0.34090855717658997,0.34090857207775116,0.43484582006931305,0.43484583497047424,1,36511,37,1.1241082056307911e-13
21,4,0.34090857207775116,0.34090858697891235,0.43484582006931305,0.43484583497047424,1,36507,37,4.6328099150271418e-14
22,4,0.34090858697891235,0.34090860188007355,0.43484582006931305,0.43484583497047424,1,36477,37,6.3118299550276737e-14
23,4,0.34090860188007355,0.34090861678123474,0.43484582006931305,0.43484583497047424,1,36491,37,6.5625384737920892e-14
24,4,0.34090861678123474,0.34090863168239594,0.43484582006931305,0.43484583497047424,1,36485,37,2.232890026622345e-14
25,4,0.34090863168239594,0.34090864658355713,0.43484582006931305,0.43484583497047424,1,36493,37,5.0404639588783429e-14
26,4,0.34090864658355713,0.34090866148471832,0.43484582006931305,0.43484583497047424,1,36453,37,5.4912797520663247e-14
27,4,0.34090866148471832,0.34090867638587952,0.43484582006931305,0.43484583497047424,1,36479,37,5.7831433247367512e-14
28,4,0.34090867638587952,0.34090869128704071,0.43484582006931305,0.43484583497047424,1,36471,37,1.3128632173258065e-13
29,4,0.34090869128704071,0.3409087061882019,0.43484582006931305,0.43484583497047424,1,36463,37,2.2372974070490333e-13
30,4,0.3409087061882019,0.3409087210893631,0.43484582006931305,0.43484583497047424,1,36465,37,3.1380552161044211e-15
31,4,0.3409087210893631,0.34090873599052429,0.43484582006931305,0.43484583497047424,1,36471,37,1.5260301006854992e-13
32,4,0.34090873599052429,0.34090875089168549,0.43484582006931305,0.43484583497047424,1,36491,37,3.7089977212855335e-14
33,4,0.34090875089168549,0.34090876579284668,0.43484582006931305,0.43484583497047424,1,36445,37,7.7554825749510608e-14
34,4,0.34090876579284668,0.34090878069400787,0.43484582006931305,0.43484583497047424,1,36455,37,1.5326152962429075e-13
35,4,0.34090878069400787,0.34090879559516907,0.43484582006931305,0.43484583497047424,1,36465,37,1.7072670538693024e-14
36,4,0.34090879559516907,0.34090881049633026,0.43484582006931305,0.43484583497047424,1,36449,37,3.170045376727823e-13
37,4,0.34090881049633026,0.34090882539749146,0.43484582006931305,0.43484583497047424,1,36431,37,1.2145944552952443e-14
38,4,0.34090882539749146,0.34090884029865265,0.43484582006931305,0.43484583497047424,1,36447,37,1.5116881867781269e-13
39,4,0.34090884029865265,0.34090885519981384,0.43484582006931305,0.43484583497047424,1,36457,37,5.3279293244421132e-14
40,4,0.34090885519981384,0.34090887010097504,0.43484582006931305,0.43484583497047424,1,36443,37,4.1750230802722506e-14
41,4,0.34090887010097504,0.34090888500213623,0.43484582006931305,0.43484583497047424,1,36437,37,2.4586312523640691e-13
42,4,0.34090888500213623,0.34090889990329742,0.43484582006931305,0.43484583497047424,1,36429,37,2.22312126779766e-14
43,4,0.34090889990329742,0.34090891480445862,0.43484582006931305,0.43484583497047424,1,36431,37,3.8527484494331803e-14
44,4,0.34090891480445862,0.34090892970561981,0.43484582006931305,0.43484583497047424,1,36385,37,1.3132365702239863e-13
45,4,0.34090892970561981,0.34090894460678101,0.43484582006931305,0.43484583497047424,1,36399,37,1.5158973486048079e-13
46,4,0.34090894460678101,0.3409089595079422,0.43484582006931305,0.43484583497047424,1,36391,37,1.9910992824981074e-14
47,4,0.3409089595079422,0.34090897440910339,0.43484582006931305,0.43484583497047424,1,36385,37,5.11310419232221e-14
48,4,0.34090897440910339,0.34090898931026459,0.43484582006931305,0.43484583497047424,1,36403,38,5.6545565893721774e-14
49,4,0.34090898931026459,0.34090900421142578,0.43484582006931305,0.43484583497047424,1,36361,38,1.2692381424055259e-14
50,4,0.34090900421142578,0.34090901911258698,0.43484582006931305,0.43484583497047424,1,36375,38,7.9283084625211124e-16
51,4,0.34090901911258698,0.34090903401374817,0.43484582006931305,0.43484583497047424,1,36349,38,9.2467441341549177e-14
52,4,0.34090903401374817,0.34090904891490936,0.43484582006931305,0.43484583497047424,1,36389,38,4.7930989400937724e-14
53,4,0.34090904891490936,0.34090906381607056,0.43484582006931305,0.43484583497047424,1,36371,38,3.8132421646382626e-13
54,4,0.34090906381607056,0.34090907871723175,0.43484582006931305,0.43484583497047424,1,36347,38,7.3932050127488635e-14
55,4,0.34090907871723175,0.34090909361839294,0.43484582006931305,0.43484583497047424,1,36379,38,2.7677252191906408e-14
56,4,0.34090909361839294,0.34090910851955414,0.43484582006931305,0.43484583497047424,1,36315,38,1.7359775164282783e-13
57,4,0.34090910851955414,0.34090912342071533,0.43484582006931305,0.43484583497047424,1,36325,38,9.0635514515318457e-14
58,4,0.34090912342071533,0.34090913832187653,0.43484582006931305,0.43484583497047424,1,36321,38,3.8240050868866869e-14
59,4,0.34090913832187653,0.34090915322303772,0.43484582006931305,0.43484583497047424,1,36357,38,4.1581961077820281e-14
60,4,0.34090915322303772,0.34090916812419891,0.43484582006931305,0.43484583497047424,1,36305,38,3.07339610761593e-14
61,4,0.34090916812419891,0.34090918302536011,0.43484582006931305,0.43484583497047424,1,36369,38,6.1840711963788308e-14
62,4,0.34090918302536011,0.3409091979265213,0.43484582006931305,0.43484583497047424,1,36365,38,2.2670049161315164e-14
63,4,0.3409091979265213,0.3409092128276825,0.43484582006931305,0.43484583497047424,1,36357,38,4.046771397497331e-14
0,5,0.34090825915336609,0.34090827405452728,0.43484583497047424,0.43484584987163544,1,36693,38,5.199588159949433e-14
1,5,0.34090827405452728,0.34090828895568848,0.43484583497047424,0.43484584987163544,1,36645,38,1.33413080799535e-13
2,5,0.34090828895568848,0.34090830385684967,0.43484583497047424,0.43484584987163544,1,36637,38,2.1396002259087445e-13
3,5,0.34090830385684967,0.34090831875801086,0.43484583497047424,0.43484584987163544,1,36625,38,1.8571629942012094e-14
4,5,0.34090831875801086,0.34090833365917206,0.43484583497047424,0.43484584987163544,1,36653,38,6.2587749783388883e-14
5,5,0.34090833365917206,0.34090834856033325,0.43484583497047424,0.43484584987163544,1,36647,38,2.3351015062279666e-14
6,5,0.34090834856033325,0.34090836346149445,0.43484583497047424,0.43484584987163544,1,36607,38,9.656991359435692e-14
7,5,0.34090836346149445,0.34090837836265564,0.43484583497047424,0.43484584987163544,1,36587,38,4.7728975155656214e-14
8,5,0.34090837836265564,0.34090839326381683,0.43484583497047424,0.43484584987163544,1,36577,38,3.558236787382033e-14
9,5,0.34090839326381683,0.34090840816497803,0.43484583497047424,0.43484584987163544,1,36589,38,1.9748548897163629e-14
10,5,0.34090840816497803,0.34090842306613922,0.43484583497047424,0.43484584987163544,1,36559,38,1.3131401710338051e-13
11,5,0.34090842306613922,0.34090843796730042,0.43484583497047424,0.43484584987163544,1,36601,38,1.0536733640641073e-13
12,5,0.34090843796730042,0.34090845286846161,0.43484583497047424,0.43484584987163544,1,36605,38,1.7452682999664529e-14
13,5,0.34090845286846161,0.3409084677696228,0.43484583497047424,0.43484584987163544,1,36575,38,2.2477430576452484e-14
14,5,0.3409084677696228,0.340908482670784,0.43484583497047424,0.43484584987163544,1,36565,38,4.9855650559776565e-14
15,5,0.340908482670784,0.34090849757194519,0.43484583497047424,0.43484584987163544,1,36525,38,9.1181391486379264e-14
16,5,0.34090849757194519,0.34090851247310638,0.43484583497047424,0.43484584987163544,1,36541,38,1.4842212802971083e-14
17,5,0.34090851247310638,0.34090852737426758,0.43484583497047424,0.43484584987163544,1,36549,37,1.8350822751932199e-14
18,5,0.34090852737426758,0.34090854227542877,0.43484583497047424,0.43484584987163544,1,36477,37,8.5278504628183515e-14
19,5,0.34090854227542877,0.34090855717658997,0.43484583497047424,0.43484584987163544,1,36483,37,1.1902511418386441e-14
20,5,0.34090855717658997,0.34090857207775116,0.43484583497047424,0.43484584987163544,1,36503,37,1.360009032039685e-13
21,5,0.34090857207775116,0.34090858697891235,0.43484583497047424,0.43484584987163544,1,36479,37,1.0314162903246512e-13
22,5,0.34090858697891235,0.34090860188007355,0.43484583497047424,0.43484584987163544,1,36473,37,4.8083967424761654e-13
23,5,0.34090860188007355,0.34090861678123474,0.43484583497047424,0.43484584987163544,1,36455,37,6.6031173301442906e-14
24,5,0.34090861678123474,0.34090863168239594,0.43484583497047424,0.43484584987163544,1,36483,37,1.4794627252155225e-13
25,5,0.34090863168239594,0.34090864658355713,0.43484583497047424,0.43484584987163544,1,36467,37,1.1233058594420585e-14
26,5,0.34090864658355713,0.34090866148471832,0.43484583497047424,0.43484584987163544,1,36491,37,1.8962546576737438e-13
27,5,0.34090866148471832,0.34090867638587952,0.43484583497047424,0.43484584987163544,1,36485,37,5.8150020368472076e-14
28,5,0.34090867638587952,0.34090869128704071,0.43484583497047424,0.43484584987163544,1,36465,37,5.5782444343620413e-14
29,5,0.34090869128704071,0.3409087061882019,0.43484583497047424,0.43484584987163544,1,36485,37,1.090729998121926e-14
30,5,0.3409087061882019,0.3409087210893631,0.43484583497047424,0.43484584987163544,1,36431,37,7.8696384918298606e-14
31,5,0.3409087210893631,0.34090873599052429,0.43484583497047424,0.43484584987163544,1,36449,37,6.5824065774509693e-14
32,5,0.34090873599052429,0.34090875089168549,0.43484583497047424,0.43484584987163544,1,36451,37,1.0572360114679557e-13
33,5,0.34090875089168549,0.34090876579284668,0.43484583497047424,0.43484584987163544,1,36439,37,2.852912111509655e-15
34,5,0.34090876579284668,0.34090878069400787,0.43484583497047424,0.43484584987163544,1,36439,37,5.773702469400699e-14
35,5,0.34090878069400787,0.34090879559516907,0.43484583497047424,0.43484584987163544,1,36461,37,5.7552127960013209e-14
36,5,0.34090879559516907,0.34090881049633026,0.43484583497047424,0.43484584987163544,1,36491,37,3.5047274110540496e-14
37,5,0.34090881049633026,0.34090882539749146,0.43484583497047424,0.43484584987163544,1,36413,37,6.8502610972655268e-14
38,5,0.34090882539749146,0.34090884029865265,0.43484583497047424,0.43484584987163544,1,36421,37,3.0000394866349478e-13
39,5,0.34090884029865265,0.34090885519981384,0.43484583497047424,0.43484584987163544,1,36409,37,4.941744096419619e-14
40,5,0.34090885519981384,0.34090887010097504,0.43484583497047424,0.43484584987163544,1,36413,37,1.0782811910227258e-13
41,5,0.34090887010097504,0.34090888500213623,0.43484583497047424,0.43484584987163544,1,36433,37,2.2600182589229873e-13
42,5,0.34090888500213623,0.34090889990329742,0.43484583497047424,0.43484584987163544,1,36421,37,1.5991769531238387e-14
43,5,0.34090889990329742,0.34090891480445862,0.43484583497047424,0.43484584987163544,1,36385,37,2.263992823329548e-14
44,5,0.34090891480445862,0.34090892970561981,0.43484583497047424,0.43484584987163544,1,36421,37,1.3241457911249567e-14
45,5,0.34090892970561981,0.34090894460678101,0.43484583497047424,0.43484584987163544,1,36411,37,3.2228167125767154e-14
46,5,0.34090894460678101,0.3409089595079422,0.43484583497047424,0.43484584987163544,1,36373,37,3.383751596379171e-14
47,5,0.3409089595079422,0.34090897440910339,0.43484583497047424,0.43484584987163544,1,36359,37,1.0932064506096327e-13
48,5,0.34090897440910339,0.34090898931026459,0.43484583497047424,0.43484584987163544,1,36369,38,1.6799860749033943e-13
49,5,0.34090898931026459,0.34090900421142578,0.43484583497047424,0.43484584987163544,1,36375,38,3.9745765153991705e-15
50,5,0.34090900421142578,0.34090901911258698,0.43484583497047424,0.43484584987163544,1,36393,38,2.6387077734570021e-15
51,5,0.34090901911258698,0.34090903401374817,0.43484583497047424,0.43484584987163544,1,36341,38,2.206357429087556e-13
52,5,0.34090903401374817,0.34090904891490936,0.43484583497047424,0.43484584987163544,1,36363,38,5.809896964554007e-15
53,5,0.34090904891490936,0.34090906381607056,0.43484583497047424,0.43484584987163544,1,36325,38,2.6625046070660078e-14
54,5,0.34090906381607056,0.34090907871723175,0.43484583497047424,0.43484584987163544,1,36329,38,4.202990144605985e-14
55,5,0.34090907871723175,0.34090909361839294,0.43484583497047424,0.43484584987163544,1,36343,38,9.0620316986705633e-14
56,5,0.34090909361839294,0.34090910851955414,0.43484583497047424,0.43484584987163544,1,36353,38,7.7168367638343791e-15
57,5,0.34090910851955414,0.34090912342071533,0.43484583497047424,0.43484584987163544,1,36345,38,1.3076249080200154e-13
58,5,0.34090912342071533,0.34090913832187653,0.43484583497047424,0.43484584987163544,1,36335,38,7.9587570569736828e-14
59,5,0.34090913832187653,0.34090915322303772,0.43484583497047424,0.43484584987163544,1,36349,38,1.0240592831939201e-13
60,5,0.34090915322303772,0.34090916812419891,0.43484583497047424,0.43484584987163544,1,36339,38,9.0510660371952011e-14
61,5,0.34090916812419891,0.34090918302536011,0.43484583497047424,0.43484584987163544,1,36319,38,8.0137387208717913e-14
62,5,0.34090918302536011,0.3409091979265213,0.43484583497047424,0.43484584987163544,1,36313,38,7.1286133430839236e-14
63,5,0.3409091979265213,0.3409092128276825,0.43484583497047424,0.43484584987163544,1,36307,38,6.395688876503004e-14
0,6,0.34090825915336609,0.34090827405452728,0.43484584987163544,0.43484586477279663,1,36665,38,2.6103513370116118e-14
1,6,0.34090827405452728,0.34090828895568848,0.43484584987163544,0.43484586477279663,1,36635,38,1.9987451686926148e-14
2,6,0.34090828895568848,0.34090830385684967,0.43484584987163544,0.43484586477279663,1,36639,38,2.0404098776652517e-14
3,6,0.34090830385684967,0.34090831875801086,0.43484584987163544,0.43484586477279663,1,36617,38,7.1713930015014437e-14
4,6,0.34090831875801086,0.34090833365917206,0.43484584987163544,0.43484586477279663,1,36609,38,2.7919273577792717e-14
5,6,0.34090833365917206,0.34090834856033325,0.43484584987163544,0.43484586477279663,1,36605,38,6.3380512502764635e-16
6,6,0.34090834856033325,0.34090836346149445,0.43484584987163544,0.43484586477279663,1,36597,38,3.3657045400877397e-14
7,6,0.34090836346149445,0.34090837836265564,0.43484584987163544,0.43484586477279663,1,36563,38,3.5273221087631136e-14
8,6,0.34090837836265564,0.34090839326381683,0.43484584987163544,0.43484586477279663,1,36581,38,1.6102785395834329e-13
9,6,0.34090839326381683,0.34090840816497803,0.43484584987163544,0.43484586477279663,1,36623,38,1.5271528630896641e-15
10,6,0.34090840816497803,0.34090842306613922,0.43484584987163544,0.43484586477279663,1,36571,38,9.9609064508926121e-15
11,6,0.34090842306613922,0.34090843796730042,0.43484584987163544,0.43484586477279663,1,36575,38,1.1747725108644481e-13
12,6,0.34090843796730042,0.34090845286846161,0.43484584987163544,0.43484586477279663,1,36585,38,1.5163015260149584e-13
13,6,0.34090845286846161,0.3409084677696228,0.43484584987163544,0.43484586477279663,1,36563,38,6.0117936184212482e-14
14,6,0.3409084677696228,0.340908482670784,0.43484584987163544,0.43484586477279663,1,36557,38,2.7701336019133784e-14
15,6,0.340908482670784,0.34090849757194519,0.43484584987163544,0.43484586477279663,1,36519,38,1.1935032968050542e-13
16,6,0.34090849757194519,0.34090851247310638,0.43484584987163544,0.43484586477279663,1,36557,37,2.8034130544030015e-14
17,6,0.34090851247310638,0.34090852737426758,0.43484584987163544,0.43484586477279663,1,36539,37,9.0698310150768515e-15
18,6,0.34090852737426758,0.34090854227542877,0.43484584987163544,0.43484586477279663,1,36489,37,4.8773990426772889e-14
19,6,0.34090854227542877,0.34090855717658997,0.43484584987163544,0.43484586477279663,1,36511,37,7.3080274812211899e-14
20,6,0.34090855717658997,0.34090857207775116,0.43484584987163544,0.43484586477279663,1,36493,37,1.8334914969121193e-14
21,6,0.34090857207775116,0.34090858697891235,0.43484584987163544,0.43484586477279663,1,36463,37,1.614770520929872e-13
22,6,0.34090858697891235,0.34090860188007355,0.43484584987163544,0.43484586477279663,1,36515,37,1.0591486142209669e-13
23,6,0.34090860188007355,0.34090861678123474,0.43484584987163544,0.43484586477279663,1,36471,37,3.2789092176076415e-14
24,6,0.34090861678123474,0.34090863168239594,0.43484584987163544,0.43484586477279663,1,36493,37,2.1829351101661177e-13
25,6,0.34090863168239594,0.34090864658355713,0.43484584987163544,0.43484586477279663,1,36461,37,3.4841618915354334e-14
26,6,0.34090864658355713,0.34090866148471832,0.43484584987163544,0.43484586477279663,1,36443,37,7.1623220092087295e-14
27,6,0.34090866148471832,0.34090867638587952,0.43484584987163544,0.43484586477279663,1,36485,37,3.0594853381318597e-16
28,6,0.34090867638587952,0.34090869128704071,0.43484584987163544,0.43484586477279663,1,36435,37,2.1092453819421721e-15
29,6,0.34090869128704071,0.3409087061882019,0.43484584987163544,0.43484586477279663,1,36475,37,2.9769579937892566e-14
30,6,0.3409087061882019,0.3409087210893631,0.43484584987163544,0.43484586477279663,1,36431,37,7.03671102984517e-14
31,6,0.3409087210893631,0.34090873599052429,0.43484584987163544,0.43484586477279663,1,36481,37,2.7254024860560013e-13
32,6,0.34090873599052429,0.34090875089168549,0.43484584987163544,0.43484586477279663,1,36483,37,1.9828924431973407e-14
33,6,0.34090875089168549,0.34090876579284668,0.43484584987163544,0.43484586477279663,1,36451,37,1.2184009469292011e-13
34,6,0.34090876579284668,0.34090878069400787,0.43484584987163544,0.43484586477279663,1,36465,37,4.8693399074738107e-14
35,6,0.34090878069400787,0.34090879559516907,0.43484584987163544,0.43484586477279663,1,36419,37,3.8477961084817244e-14
36,6,0.34090879559516907,0.34090881049633026,0.43484584987163544,0.43484586477279663,1,36417,37,5.5614717446585996e-14
37,6,0.34090881049633026,0.34090882539749146,0.43484584987163544,0.43484586477279663,1,36417,37,8.1923961160290496e-14
38,6,0.34090882539749146,0.34090884029865265,0.43484584987163544,0.43484586477279663,1,36453,37,1.4950422045833385e-14
39,6,0.34090884029865265,0.34090885519981384,0.43484584987163544,0.43484586477279663,1,36423,37,1.5756857272741705e-14
40,6,0.34090885519981384,0.34090887010097504,0.43484584987163544,0.43484586477279663,1,36457,37,1.4579717524095715e-13
41,6,0.34090887010097504,0.34090888500213623,0.43484584987163544,0.43484586477279663,1,36395,37,4.7053297690851978e-15
42,6,0.34090888500213623,0.34090889990329742,0.43484584987163544,0.43484586477279663,1,36399,37,9.5858182949130664e-14
43,6,0.34090889990329742,0.34090891480445862,0.43484584987163544,0.43484586477279663,1,36399,37,6.3992881621480278e-14
44,6,0.34090891480445862,0.34090892970561981,0.43484584987163544,0.43484586477279663,1,36405,37,3.0472392114474433e-14
45,6,0.34090892970561981,0.34090894460678101,0.43484584987163544,0.43484586477279663,1,36345,37,5.4659917691487746e-14
46,6,0.34090894460678101,0.3409089595079422,0.43484584987163544,0.43484586477279663,1,36353,37,1.1813190215779704e-13
47,6,0.3409089595079422,0.34090897440910339,0.43484584987163544,0.43484586477279663,1,36389,37,2.9757203487497728e-14
48,6,0.34090897440910339,0.34090898931026459,0.43484584987163544,0.43484586477279663,1,36341,38,4.4393188918439249e-14
49,6,0.34090898931026459,0.34090900421142578,0.43484584987163544,0.43484586477279663,1,36361,38,1.465948896943018e-14
50,6,0.34090900421142578,0.34090901911258698,0.43484584987163544,0.43484586477279663,1,36333,38,1.0695419969737433e-13
51,6,0.34090901911258698,0.34090903401374817,0.43484584987163544,0.43484586477279663,1,36383,38,3.1052545292950016e-13
52,6,0.34090903401374817,0.34090904891490936,0.43484584987163544,0.43484586477279663,1,36341,38,2.305513447761141e-13
53,6,0.34090904891490936,0.34090906381607056,0.43484584987163544,0.43484586477279663,1,36323,38,5.9427153190214124e-14
54,6,0.34090906381607056,0.34090907871723175,0.43484584987163544,0.43484586477279663,1,36317,38,1.2351424578174699e-14
55,6,0.34090907871723175,0.34090909361839294,0.43484584987163544,0.43484586477279663,1,36329,38,8.920284613026823e-14
56,6,0.34090909361839294,0.34090910851955414,0.43484584987163544,0.43484586477279663,1,36327,38,6.6557228001274676e-14
57,6,0.34090910851955414,0.34090912342071533,0.43484584987163544,0.43484586477279663,1,36351,38,2.2485832079017992e-13
58,6,0.34090912342071533,0.34090913832187653,0.43484584987163544,0.43484586477279663,1,36323,38,6.2183996742218545e-14
59,6,0.34090913832187653,0.34090915322303772,0.43484584987163544,0.43484586477279663,1,36337,38,4.7599167229378328e-14
60,6,0.34090915322303772,0.34090916812419891,0.43484584987163544,0.43484586477279663,1,36321,38,7.2578504247137862e-14
61,6,0.34090916812419891,0.34090918302536011,0.43484584987163544,0.43484586477279663,1,36363,38,1.0365691859081258e-13
62,6,0.34090918302536011,0.3409091979265213,0.43484584987163544,0.43484586477279663,1,36309,38,2.0843638170047131e-13
63,6,0.3409091979265213,0.3409092128276825,0.43484584987163544,0.43484586477279663,1,36313,38,1.7403892464185229e-14
0,7,0.34090825915336609,0.34090827405452728,0.43484586477279663,0.43484587967395782,1,36637,38,2.5070119011679756e-14
1,7,0.34090827405452728,0.34090828895568848,0.43484586477279663,0.43484587967395782,1,36623,38,1.1322063099775792e-14
2,7,0.34090828895568848,0.34090830385684967,0.43484586477279663,0.43484587967395782,1,36609,38,1.983766538630448e-14
3,7,0.34090830385684967,0.34090831875801086,0.43484586477279663,0.43484587967395782,1,36591,38,1.3512586235275465e-14
4,7,0.34090831875801086,0.34090833365917206,0.43484586477279663,0.43484587967395782,1,36631,38,1.0977312147031452e-14
5,7,0.34090833365917206,0.34090834856033325,0.43484586477279663,0.43484587967395782,1,36607,38,1.9406689626896952e-15
6,7,0.34090834856033325,0.34090836346149445,0.43484586477279663,0.43484587967395782,1,36627,38,7.5946920862264987e-14
7,7,0.34090836346149445,0.34090837836265564,0.43484586477279663,0.43484587967395782,1,36577,38,2.4918295333131562e-13
8,7,0.34090837836265564,0.34090839326381683,0.43484586477279663,0.43484587967395782,1,36591,38,3.5522410593570435e-14
9,7,0.34090839326381683,0.34090840816497803,0.43484586477279663,0.43484587967395782,1,36587,38,1.5029315005631324e-13
10,7,0.34090840816497803,0.34090842306613922,0.43484586477279663,0.43484587967395782,1,36601,38,1.7021770003579244e-13
11,7,0.34090842306613922,0.34090843796730042,0.43484586477279663,0.43484587967395782,1,36563,38,2.7705351999649018e-13
12,7,0.34090843796730042,0.34090845286846161,0.43484586477279663,0.43484587967395782,1,36577,38,5.4275329885113187e-14
13,7,0.34090845286846161,0.3409084677696228,0.43484586477279663,0.43484587967395782,1,36551,38,7.3217530363666625e-14
14,7,0.3409084677696228,0.340908482670784,0.43484586477279663,0.43484587967395782,1,36543,38,6.749437195152747e-14
15,7,0.340908482670784,0.34090849757194519,0.43484586477279663,0.43484587967395782,1,36521,38,3.6179456770716089e-14
16,7,0.34090849757194519,0.34090851247310638,0.43484586477279663,0.43484587967395782,1,36511,37,4.6341219371944979e-14
17,7,0.34090851247310638,0.34090852737426758,0.43484586477279663,0.43484587967395782,1,36525,37,1.1512691615902167e-13
18,7,0.34090852737426758,0.34090854227542877,0.43484586477279663,0.43484587967395782,1,36493,37,5.1166592748806032e-14
19,7,0.34090854227542877,0.34090855717658997,0.43484586477279663,0.43484587967395782,1,36489,37,9.8346910039029537e-14
20,7,0.34090855717658997,0.34090857207775116,0.43484586477279663,0.43484587967395782,1,36541,37,1.269338603080432e-13
21,7,0.34090857207775116,0.34090858697891235,0.43484586477279663,0.43484587967395782,1,36491,37,1.7124090304083233e-13
22,7,0.34090858697891235,0.34090860188007355,0.43484586477279663,0.43484587967395782,1,36527,37,2.7613495108804416e-15
23,7,0.34090860188007355,0.34090861678123474,0.43484586477279663,0.43484587967395782,1,36477,37,5.1905230244996756e-14
24,7,0.34090861678123474,0.34090863168239594,0.43484586477279663,0.43484587967395782,1,36455,37,9.507431265035903e-14
25,7,0.34090863168239594,0.34090864658355713,0.43484586477279663,0.43484587967395782,1,36515,37,1.4403202695785499e-14
26,7,0.34090864658355713,0.34090866148471832,0.43484586477279663,0.43484587967395782,1,36437,37,1.4333268425629752e-14
27,7,0.34090866148471832,0.34090867638587952,0.43484586477279663,0.43484587967395782,1,36515,37,3.2464199555501211e-13
28,7,0.34090867638587952,0.34090869128704071,0.43484586477279663,0.43484587967395782,1,36451,37,5.3319484835927229e-14
29,7,0.34090869128704071,0.3409087061882019,0.43484586477279663,0.43484587967395782,1,36441,37,2.3656387071988815e-14
30,7,0.3409087061882019,0.3409087210893631,0.43484586477279663,0.43484587967395782,1,36441,37,6.392056778663277e-14
31,7,0.3409087210893631,0.34090873599052429,0.43484586477279663,0.43484587967395782,1,36431,37,4.6195708770040555e-15
32,7,0.34090873599052429,0.34090875089168549,0.43484586477279663,0.43484587967395782,1,36425,37,8.0380911300228865e-16
33,7,0.34090875089168549,0.34090876579284668,0.43484586477279663,0.43484587967395782,1,36461,37,2.3111405175937166e-14
34,7,0.34090876579284668,0.34090878069400787,0.43484586477279663,0.43484587967395782,1,36455,37,4.6945109910644698e-14
35,7,0.34090878069400787,0.34090879559516907,0.43484586477279663,0.43484587967395782,1,36423,37,1.5189804613292038e-14
36,7,0.34090879559516907,0.34090881049633026,0.43484586477279663,0.43484587967395782,1,36415,37,1.9777521764245225e-13
37,7,0.34090881049633026,0.34090882539749146,0.43484586477279663,0.43484587967395782,1,36421,37,2.7015903327603891e-14
38,7,0.34090882539749146,0.34090884029865265,0.43484586477279663,0.43484587967395782,1,36425,37,1.0004158654932243e-13
39,7,0.34090884029865265,0.34090885519981384,0.43484586477279663,0.43484587967395782,1,36435,37,1.8829627900789136e-14
40,7,0.34090885519981384,0.34090887010097504,0.43484586477279663,0.43484587967395782,1,36427,37,9.2761213684101354e-14
41,7,0.34090887010097504,0.34090888500213623,0.43484586477279663,0.43484587967395782,1,36433,37,8.0714849310420889e-14
42,7,0.34090888500213623,0.34090889990329742,0.43484586477279663,0.43484587967395782,1,36377,37,1.4561864141516735e-13
43,7,0.34090889990329742,0.34090891480445862,0.43484586477279663,0.43484587967395782,1,36391,37,8.4504855832058571e-14
44,7,0.34090891480445862,0.34090892970561981,0.43484586477279663,0.43484587967395782,1,36413,37,2.5932776584831094e-13
45,7,0.34090892970561981,0.34090894460678101,0.43484586477279663,0.43484587967395782,1,36383,37,1.2271795889204508e-13
46,7,0.34090894460678101,0.3409089595079422,0.43484586477279663,0.43484587967395782,1,36379,37,7.0534160350555498e-14
47,7,0.3409089595079422,0.34090897440910339,0.43484586477279663,0.43484587967395782,1,36379,37,7.3628406603867741e-14
48,7,0.34090897440910339,0.34090898931026459,0.43484586477279663,0.43484587967395782,1,36347,38,7.6997003980812804e-14
49,7,0.34090898931026459,0.34090900421142578,0.43484586477279663,0.43484587967395782,1,36319,38,2.4012803615333758e-13
50,7,0.34090900421142578,0.34090901911258698,0.43484586477279663,0.43484587967395782,1,36355,38,1.3894850717689955e-13
51,7,0.34090901911258698,0.34090903401374817,0.43484586477279663,0.43484587967395782,1,36335,38,2.3400348609487053e-14
52,7,0.34090903401374817,0.34090904891490936,0.43484586477279663,0.43484587967395782,1,36337,38,7.9869004905836918e-14
53,7,0.34090904891490936,0.34090906381607056,0.43484586477279663,0.43484587967395782,1,36329,38,2.0619789651054913e-13
54,7,0.34090906381607056,0.34090907871723175,0.43484586477279663,0.43484587967395782,1,36363,38,2.4052445005667597e-13
55,7,0.34090907871723175,0.34090909361839294,0.43484586477279663,0.43484587967395782,1,36341,38,2.8030989596322851e-14
56,7,0.34090909361839294,0.34090910851955414,0.43484586477279663,0.43484587967395782,1,36353,38,3.0094106824589207e-13
57,7,0.34090910851955414,0.34090912342071533,0.43484586477279663,0.43484587967395782,1,36317,38,1.9574628624869111e-13
58,7,0.34090912342071533,0.34090913832187653,0.43484586477279663,0.43484587967395782,1,36319,38,5.937150710359448e-14
59,7,0.34090913832187653,0.34090915322303772,0.43484586477279663,0.43484587967395782,1,36309,38,2.1148843992406431e-14
60,7,0.34090915322303772,0.34090916812419891,0.43484586477279663,0.43484587967395782,1,36345,38,6.336191877556821e-14
61,7,0.34090916812419891,0.34090918302536011,0.43484586477279663,0.43484587967395782,1,36317,38,1.0709707988381543e-13
62,7,0.34090918302536011,0.3409091979265213,0.43484586477279663,0.43484587967395782,1,36331,38,1.5235430849966155e-13
63,7,0.3409091979265213,0.3409092128276825,0.43484586477279663,0.43484587967395782,1,36343,38,1.9536208259582715e-13
0,8,0.34090825915336609,0.34090827405452728,0.43484587967395782,0.43484589457511902,1,36629,38,5.2848559567526884e-15
1,8,0.34090827405452728,0.34090828895568848,0.43484587967395782,0.43484589457511902,1,36627,38,1.2539860928513168e-13
2,8,0.34090828895568848,0.34090830385684967,0.43484587967395782,0.43484589457511902,1,36643,38,9.3599421398037967e-14
3,8,0.34090830385684967,0.34090831875801086,0.43484587967395782,0.43484589457511902,1,36635,38,4.3402071530100898e-15
4,8,0.34090831875801086,0.34090833365917206,0.43484587967395782,0.43484589457511902,1,36625,38,2.188456817575037e-14
5,8,0.34090833365917206,0.34090834856033325,0.43484587967395782,0.43484589457511902,1,36583,38,3.8291771792100727e-15
6,8,0.34090834856033325,0.34090836346149445,0.43484587967395782,0.43484589457511902,1,36599,38,4.204001703143766e-14
7,8,0.34090836346149445,0.34090837836265564,0.43484587967395782,0.43484589457511902,1,36633,38,2.5736569174167641e-14
8,8,0.34090837836265564,0.34090839326381683,0.43484587967395782,0.43484589457511902,1,36571,38,6.1488714717165973e-14
9,8,0.34090839326381683,0.34090840816497803,0.43484587967395782,0.43484589457511902,1,36555,38,1.2705255223294517e-13
10,8,0.34090840816497803,0.34090842306613922,0.43484587967395782,0.43484589457511902,1,36543,38,1.0069459439961109e-13
11,8,0.34090842306613922,0.34090843796730042,0.43484587967395782,0.43484589457511902,1,36551,38,5.107757813791776e-14
12,8,0.34090843796730042,0.34090845286846161,0.43484587967395782,0.43484589457511902,1,36597,38,9.3959243004939972e-15
13,8,0.34090845286846161,0.3409084677696228,0.43484587967395782,0.43484589457511902,1,36537,38,6.48270142228267e-15
14,8,0.3409084677696228,0.340908482670784,0.43484587967395782,0.43484589457511902,1,36537,38,4.5292404998082814e-14
15,8,0.340908482670784,0.34090849757194519,0.43484587967395782,0.43484589457511902,1,36533,37,1.2587714976983399e-14
16,8,0.34090849757194519,0.34090851247310638,0.43484587967395782,0.43484589457511902,1,36535,37,1.2710108800677368e-14
17,8,0.34090851247310638,0.34090852737426758,0.43484587967395782,0.43484589457511902,1,36501,37,2.088376802382444e-15
18,8,0.34090852737426758,0.34090854227542877,0.43484587967395782,0.43484589457511902,1,36519,37,3.2577272485940719e-14
19,8,0.34090854227542877,0.34090855717658997,0.43484587967395782,0.43484589457511902,1,36511,37,7.220517550973408e-14
20,8,0.34090855717658997,0.34090857207775116,0.43484587967395782,0.43484589457511902,1,36479,37,2.2532041823238738e-15
21,8,0.34090857207775116,0.34090858697891235,0.43484587967395782,0.43484589457511902,1,36531,37,1.462348871592507e-13
22,8,0.34090858697891235,0.34090860188007355,0.43484587967395782,0.43484589457511902,1,36485,37,2.9686627153514351e-14
23,8,0.34090860188007355,0.34090861678123474,0.43484587967395782,0.43484589457511902,1,36455,37,1.4580533205452772e-14
24,8,0.34090861678123474,0.34090863168239594,0.43484587967395782,0.43484589457511902,1,36499,37,4.8580325593049281e-14
25,8,0.34090863168239594,0.34090864658355713,0.43484587967395782,0.43484589457511902,1,36493,37,3.9486100506743072e-14
26,8,0.34090864658355713,0.34090866148471832,0.43484587967395782,0.43484589457511902,1,36439,37,5.7840522574303331e-15
27,8,0.34090866148471832,0.34090867638587952,0.43484587967395782,0.43484589457511902,1,36439,37,1.485478326402264e-14
28,8,0.34090867638587952,0.34090869128704071,0.43484587967395782,0.43484589457511902,1,36441,37,1.1829124851277064e-13
29,8,0.34090869128704071,0.3409087061882019,0.43484587967395782,0.43484589457511902,1,36439,37,6.2091690910099274e-14
30,8,0.3409087061882019,0.3409087210893631,0.43484587967395782,0.43484589457511902,1,36473,37,5.9356786029037008e-14
31,8,0.3409087210893631,0.34090873599052429,0.43484587967395782,0.43484589457511902,1,36457,37,1.1444333864483407e-13
32,8,0.34090873599052429,0.34090875089168549,0.43484587967395782,0.43484589457511902,1,36441,37,1.4694360040056283e-13
33,8,0.34090875089168549,0.34090876579284668,0.43484587967395782,0.43484589457511902,1,36397,37,5.8572017532429688e-15
34,8,0.34090876579284668,0.34090878069400787,0.43484587967395782,0.43484589457511902,1,36461,37,2.134305135723711e-13
35,8,0.34090878069400787,0.34090879559516907,0.43484587967395782,0.43484589457511902,1,36431,37,1.1408716301220607e-13
36,8,0.34090879559516907,0.34090881049633026,0.43484587967395782,0.43484589457511902,1,36415,37,6.3018674199912277e-14
37,8,0.34090881049633026,0.34090882539749146,0.43484587967395782,0.43484589457511902,1,36421,37,1.1333222713602626e-13
38,8,0.34090882539749146,0.34090884029865265,0.43484587967395782,0.43484589457511902,1,36423,37,3.6158695410675713e-14
39,8,0.34090884029865265,0.34090885519981384,0.43484587967395782,0.43484589457511902,1,36397,37,1.1171285330128928e-14
40,8,0.34090885519981384,0.34090887010097504,0.43484587967395782,0.43484589457511902,1,36401,37,1.310087236741235e-13
41,8,0.34090887010097504,0.34090888500213623,0.43484587967395782,0.43484589457511902,1,36407,37,1.5321946255232654e-13
42,8,0.34090888500213623,0.34090889990329742,0.43484587967395782,0.43484589457511902,1,36395,37,7.7762789101225619e-14
43,8,0.34090889990329742,0.34090891480445862,0.43484587967395782,0.43484589457511902,1,36353,37,1.3294024039254897e-13
44,8,0.34090891480445862,0.34090892970561981,0.43484587967395782,0.43484589457511902,1,36373,37,6.8898281911686172e-14
45,8,0.34090892970561981,0.34090894460678101,0.43484587967395782,0.43484589457511902,1,36375,37,9.2139097660274723e-15
46,8,0.34090894460678101,0.3409089595079422,0.43484587967395782,0.43484589457511902,1,36391,37,1.3815428346018418e-13
47,8,0.3409089595079422,0.34090897440910339,0.43484587967395782,0.43484589457511902,1,36397,37,1.275953213983305e-14
48,8,0.34090897440910339,0.34090898931026459,0.43484587967395782,0.43484589457511902,1,36365,38,3.670757786312813e-14
49,8,0.34090898931026459,0.34090900421142578,0.43484587967395782,0.43484589457511902,1,36359,38,5.180529103718228e-15
50,8,0.34090900421142578,0.34090901911258698,0.43484587967395782,0.43484589457511902,1,36339,38,3.2385225502281287e-15
51,8,0.34090901911258698,0.34090903401374817,0.43484587967395782,0.43484589457511902,1,36331,38,3.3536485832665875e-14
52,8,0.34090903401374817,0.34090904891490936,0.43484587967395782,0.43484589457511902,1,36337,38,1.4772064468073919e-13
53,8,0.34090904891490936,0.34090906381607056,0.43484587967395782,0.43484589457511902,1,36349,38,7.6419919334060126e-14
54,8,0.34090906381607056,0.34090907871723175,0.43484587967395782,0.43484589457511902,1,36301,38,2.9389712626413199e-14
55,8,0.34090907871723175,0.34090909361839294,0.43484587967395782,0.43484589457511902,1,36305,38,1.4340893228509098e-13
56,8,0.34090909361839294,0.34090910851955414,0.43484587967395782,0.43484589457511902,1,36307,38,5.0191698693048146e-14
57,8,0.34090910851955414,0.34090912342071533,0.43484587967395782,0.43484589457511902,1,36327,38,1.3006442537248781e-13
58,8,0.34090912342071533,0.34090913832187653,0.43484587967395782,0.43484589457511902,1,36301,38,9.3660161448610535e-14
59,8,0.34090913832187653,0.34090915322303772,0.43484587967395782,0.43484589457511902,1,36321,38,6.6223189737154299e-14
60,8,0.34090915322303772,0.34090916812419891,0.43484587967395782,0.43484589457511902,1,36299,38,4.1661958433628538e-14
61,8,0.34090916812419891,0.34090918302536011,0.43484587967395782,0.43484589457511902,1,36327,38,1.5431133842006911e-13
62,8,0.34090918302536011,0.3409091979265213,0.43484587967395782,0.43484589457511902,1,36307,38,2.8199873709418254e-15
63,8,0.3409091979265213,0.3409092128276825,0.43484587967395782,0.43484589457511902,1,36293,38,1.1613777342336736e-14
0,9,0.34090825915336609,0.34090827405452728,0.43484589457511902,0.43484590947628021,1,36631,38,6.3449700896000099e-15
1,9,0.34090827405452728,0.34090828895568848,0.43484589457511902,0.43484590947628021,1,36609,38,2.2044539281674304e-14
2,9,0.34090828895568848,0.34090830385684967,0.43484589457511902,0.43484590947628021,1,36583,38,2.4524610423785765e-14
3,9,0.34090830385684967,0.34090831875801086,0.43484589457511902,0.43484590947628021,1,36589,38,2.2916111559703894e-14
4,9,0.34090831875801086,0.34090833365917206,0.43484589457511902,0.43484590947628021,1,36615,38,1.6726490953588573e-14
5,9,0.34090833365917206,0.34090834856033325,0.43484589457511902,0.43484590947628021,1,36583,38,1.041953807269002e-13
6,9,0.34090834856033325,0.34090836346149445,0.43484589457511902,0.43484590947628021,1,36591,38,1.922874811221167e-14
7,9,0.34090836346149445,0.34090837836265564,0.43484589457511902,0.43484590947628021,1,36557,38,4.6442172685084558e-14
8,9,0.34090837836265564,0.34090839326381683,0.43484589457511902,0.43484590947628021,1,36557,38,1.1271163595179128e-14
9,9,0.34090839326381683,0.34090840816497803,0.43484589457511902,0.43484590947628021,1,36563,38,1.2160754286922581e-13
10,9,0.34090840816497803,0.34090842306613922,0.43484589457511902,0.43484590947628021,1,36589,38,1.5975619762481299e-13
11,9,0.34090842306613922,0.34090843796730042,0.43484589457511902,0.43484590947628021,1,36601,38,2.9424296607453762e-14
12,9,0.34090843796730042,0.34090845286846161,0.43484589457511902,0.43484590947628021,1,36547,38,2.9421041829403021e-14
13,9,0.34090845286846161,0.3409084677696228,0.43484589457511902,0.43484590947628021,1,36517,38,4.5917252134917105e-14
14,9,0.3409084677696228,0.340908482670784,0.43484589457511902,0.43484590947628021,1,36525,37,1.2869171799797801e-14
15,9,0.340908482670784,0.34090849757194519,0.43484589457511902,0.43484590947628021,1,36523,37,4.6229751621156615e-14
16,9,0.34090849757194519,0.34090851247310638,0.43484589457511902,0.43484590947628021,1,36493,37,8.7228742795703873e-14
17,9,0.34090851247310638,0.34090852737426758,0.43484589457511902,0.43484590947628021,1,36519,37,1.0294775255968655e-14
18,9,0.34090852737426758,0.34090854227542877,0.43484589457511902,0.43484590947628021,1,36505,37,4.2994126226976585e-14
19,9,0.34090854227542877,0.34090855717658997,0.43484589457511902,0.43484590947628021,1,36487,37,1.1601136683242267e-14
20,9,0.34090855717658997,0.34090857207775116,0.43484589457511902,0.43484590947628021,1,36489,37,1.129589924019476e-13
21,9,0.34090857207775116,0.34090858697891235,0.43484589457511902,0.43484590947628021,1,36505,37,7.078767908403565e-14
22,9,0.34090858697891235,0.34090860188007355,0.43484589457511902,0.43484590947628021,1,36465,37,8.9298168805505486e-15
23,9,0.34090860188007355,0.34090861678123474,0.43484589457511902,0.43484590947628021,1,36455,37,2.0633078437527557e-13
24,9,0.34090861678123474,0.34090863168239594,0.43484589457511902,0.43484590947628021,1,36441,37,8.650085052697641e-14
25,9,0.34090863168239594,0.34090864658355713,0.43484589457511902,0.43484590947628021,1,36487,37,2.3655608214253059e-14
26,9,0.34090864658355713,0.34090866148471832,0.43484589457511902,0.43484590947628021,1,36453,37,4.2353556729205301e-14
27,9,0.34090866148471832,0.34090867638587952,0.43484589457511902,0.43484590947628021,1,36501,37,7.1977888193638848e-14
28,9,0.34090867638587952,0.34090869128704071,0.43484589457511902,0.43484590947628021,1,36459,37,2.2791045445207608e-13
29,9,0.34090869128704071,0.3409087061882019,0.43484589457511902,0.43484590947628021,1,36417,37,2.2293883883423987e-13
30,9,0.3409087061882019,0.3409087210893631,0.43484589457511902,0.43484590947628021,1,36417,37,5.6675691464751039e-14
31,9,0.3409087210893631,0.34090873599052429,0.43484589457511902,0.43484590947628021,1,36455,37,5.6709666436566539e-14
32,9,0.34090873599052429,0.34090875089168549,0.43484589457511902,0.43484590947628021,1,36467,37,7.096973052301657e-14
33,9,0.34090875089168549,0.34090876579284668,0.43484589457511902,0.43484590947628021,1,36443,37,8.2464058352463038e-14
34,9,0.34090876579284668,0.34090878069400787,0.43484589457511902,0.43484590947628021,1,36441,37,3.1788855710275706e-14
35,9,0.34090878069400787,0.34090879559516907,0.43484589457511902,0.43484590947628021,1,36415,37,1.2678181663069947e-14
36,9,0.34090879559516907,0.34090881049633026,0.43484589457511902,0.43484590947628021,1,36387,37,2.307559791486692e-13
37,9,0.34090881049633026,0.34090882539749146,0.43484589457511902,0.43484590947628021,1,36371,37,8.0603216061986841e-14
38,9,0.34090882539749146,0.34090884029865265,0.43484589457511902,0.43484590947628021,1,36401,37,8.0416857187929277e-14
39,9,0.34090884029865265,0.34090885519981384,0.43484589457511902,0.43484590947628021,1,36433,37,8.502018873706766e-14
40,9,0.34090885519981384,0.34090887010097504,0.43484589457511902,0.43484590947628021,1,36401,37,6.4906800434553898e-15
41,9,0.34090887010097504,0.34090888500213623,0.43484589457511902,0.43484590947628021,1,36393,37,4.3047740062508e-14
42,9,0.34090888500213623,0.34090889990329742,0.43484589457511902,0.43484590947628021,1,36367,37,1.696702820321166e-13
43,9,0.34090889990329742,0.34090891480445862,0.43484589457511902,0.43484590947628021,1,36373,37,9.0512148476885642e-14
44,9,0.34090891480445862,0.34090892970561981,0.43484589457511902,0.43484590947628021,1,36361,37,4.7879105978437652e-14
45,9,0.34090892970561981,0.34090894460678101,0.43484589457511902,0.43484590947628021,1,36401,37,1.278629109006518e-13
46,9,0.34090894460678101,0.3409089595079422,0.43484589457511902,0.43484590947628021,1,36351,37,1.6800347663106088e-13
47,9,0.3409089595079422,0.34090897440910339,0.43484589457511902,0.43484590947628021,1,36329,37,8.6644719320187761e-14
48,9,0.34090897440910339,0.34090898931026459,0.43484589457511902,0.43484590947628021,1,36335,38,1.2412205707498082e-13
49,9,0.34090898931026459,0.34090900421142578,0.43484589457511902,0.43484590947628021,1,36335,38,2.3038234338545484e-13
50,9,0.34090900421142578,0.34090901911258698,0.43484589457511902,0.43484590947628021,1,36355,38,1.2988657547425922e-13
51,9,0.34090901911258698,0.34090903401374817,0.43484589457511902,0.43484590947628021,1,36343,38,4.1179123446860485e-14
52,9,0.34090903401374817,0.34090904891490936,0.43484589457511902,0.43484590947628021,1,36305,38,1.7432152777849691e-15
53,9,0.34090904891490936,0.34090906381607056,0.43484589457511902,0.43484590947628021,1,36345,38,2.4170631719003778e-14
54,9,0.34090906381607056,0.34090907871723175,0.43484589457511902,0.43484590947628021,1,36305,38,8.9945418672174748e-14
55,9,0.34090907871723175,0.34090909361839294,0.43484589457511902,0.43484590947628021,1,36305,38,1.24575303227565e-14
56,9,0.34090909361839294,0.34090910851955414,0.43484589457511902,0.43484590947628021,1,36319,38,1.6871358157708996e-14
57,9,0.34090910851955414,0.34090912342071533,0.43484589457511902,0.43484590947628021,1,36341,38,6.9756968908259641e-15
58,9,0.34090912342071533,0.34090913832187653,0.43484589457511902,0.43484590947628021,1,36335,38,1.1120662383175071e-13
59,9,0.34090913832187653,0.34090915322303772,0.43484589457511902,0.43484590947628021,1,36307,38,1.4774864514089395e-14
60,9,0.34090915322303772,0.34090916812419891,0.43484589457511902,0.43484590947628021,1,36325,38,2.2987544288627215e-13
61,9,0.34090916812419891,0.34090918302536011,0.43484589457511902,0.43484590947628021,1,36317,38,3.2134416938488137e-13
62,9,0.34090918302536011,0.3409091979265213,0.43484589457511902,0.43484590947628021,1,36321,38,4.275563943325883e-15
63,9,0.3409091979265213,0.3409092128276825,0.43484589457511902,0.43484590947628021,1,36283,38,8.3976073183598571e-14
0,10,0.34090825915336609,0.34090827405452728,0.43484590947628021,0.43484592437744141,1,36611,38,2.4210699253839014e-14
1,10,0.34090827405452728,0.34090828895568848,0.43484590947628021,0.43484592437744141,1,36587,38,3.1035201697357135e-14
2,10,0.34090828895568848,0.34090830385684967,0.43484590947628021,0.43484592437744141,1,36595,38,3.9381760654481275e-14
3,10,0.34090830385684967,0.34090831875801086,0.43484590947628021,0.43484592437744141,1,36595,38,4.9250357642203147e-14
4,10,0.34090831875801086,0.34090833365917206,0.43484590947628021,0.43484592437744141,1,36617,38,3.1999819173821774e-14
5,10,0.34090833365917206,0.34090834856033325,0.43484590947628021,0.43484592437744141,1,36593,38,7.3553730959256259e-14
6,10,0.34090834856033325,0.34090836346149445,0.43484590947628021,0.43484592437744141,1,36573,38,8.7988477409983674e-14
7,10,0.34090836346149445,0.34090837836265564,0.43484590947628021,0.43484592437744141,1,36593,38,1.0066295219734206e-14
8,10,0.34090837836265564,0.34090839326381683,0.43484590947628021,0.43484592437744141,1,36549,38,1.2142414751724814e-13
9,10,0.34090839326381683,0.34090840816497803,0.43484590947628021,0.43484592437744141,1,36563,38,1.4042506538715921e-13
10,10,0.34090840816497803,0.34090842306613922,0.43484590947628021,0.43484592437744141,1,36571,38,4.7357890760074998e-15
11,10,0.34090842306613922,0.34090843796730042,0.43484590947628021,0.43484592437744141,1,36545,38,1.0842140646653618e-14
12,10,0.34090843796730042,0.34090845286846161,0.43484590947628021,0.43484592437744141,1,36527,38,6.2709022842267134e-14
13,10,0.34090845286846161,0.3409084677696228,0.43484590947628021,0.43484592437744141,1,36527,38,2.6310425165827858e-14
14,10,0.3409084677696228,0.340908482670784,0.43484590947628021,0.43484592437744141,1,36547,37,2.7462426516800593e-15
15,10,0.340908482670784,0.34090849757194519,0.43484590947628021,0.43484592437744141,1,36511,37,3.8349664634327053e-15
16,10,0.34090849757194519,0.34090851247310638,0.43484590947628021,0.43484592437744141,1,36507,37,1.5573898448077834e-13
17,10,0.34090851247310638,0.34090852737426758,0.43484590947628021,0.43484592437744141,1,36515,37,3.5569480179051842e-14
18,10,0.34090852737426758,0.34090854227542877,0.43484590947628021,0.43484592437744141,1,36547,37,1.2610603894528998e-13
19,10,0.34090854227542877,0.34090855717658997,0.43484590947628021,0.43484592437744141,1,36497,37,1.0316277516173896e-13
20,10,0.34090855717658997,0.34090857207775116,0.43484590947628021,0.43484592437744141,1,36477,37,2.9807225947599875e-15
21,10,0.34090857207775116,0.34090858697891235,0.43484590947628021,0.43484592437744141,1,36465,37,5.4953585042938677e-14
22,10,0.34090858697891235,0.34090860188007355,0.43484590947628021,0.43484592437744141,1,36461,37,6.8416975991254072e-14
23,10,0.34090860188007355,0.34090861678123474,0.43484590947628021,0.43484592437744141,1,36467,37,4.2507989329629438e-14
24,10,0.34090861678123474,0.34090863168239594,0.43484590947628021,0.43484592437744141,1,36473,37,1.4902630168764644e-14
25,10,0.34090863168239594,0.34090864658355713,0.43484590947628021,0.43484592437744141,1,36453,37,4.3158077831241007e-14
26,10,0.34090864658355713,0.34090866148471832,0.43484590947628021,0.43484592437744141,1,36471,37,9.1518923577966839e-14
27,10,0.34090866148471832,0.34090867638587952,0.43484590947628021,0.43484592437744141,1,36447,37,1.2054987350171443e-14
28,10,0.34090867638587952,0.34090869128704071,0.43484590947628021,0.43484592437744141,1,36437,37,5.9394747373629374e-14
29,10,0.34090869128704071,0.3409087061882019,0.43484590947628021,0.43484592437744141,1,36441,37,2.3683166331466306e-13
30,10,0.3409087061882019,0.3409087210893631,0.43484590947628021,0.43484592437744141,1,36433,37,5.5877350952922606e-14
31,10,0.3409087210893631,0.34090873599052429,0.43484590947628021,0.43484592437744141,1,36423,37,1.2594371028807004e-14
32,10,0.34090873599052429,0.34090875089168549,0.43484590947628021,0.43484592437744141,1,36411,37,7.7649247985743856e-14
33,10,0.34090875089168549,0.34090876579284668,0.43484590947628021,0.43484592437744141,1,36463,37,9.0485907632469016e-14
34,10,0.34090876579284668,0.34090878069400787,0.43484590947628021,0.43484592437744141,1,36491,37,1.0734253360706959e-13
35,10,0.34090878069400787,0.34090879559516907,0.43484590947628021,0.43484592437744141,1,36431,37,3.3457823991043714e-13
36,10,0.34090879559516907,0.34090881049633026,0.43484590947628021,0.43484592437744141,1,36433,37,2.1142338371972142e-14
37,10,0.34090881049633026,0.34090882539749146,0.43484590947628021,0.43484592437744141,1,36397,37,1.5082795671608829e-13
38,10,0.34090882539749146,0.34090884029865265,0.43484590947628021,0.43484592437744141,1,36397,37,6.5376314020946594e-14
39,10,0.34090884029865265,0.34090885519981384,0.43484590947628021,0.43484592437744141,1,36417,37,1.060692635529126e-13
40,10,0.34090885519981384,0.34090887010097504,0.43484590947628021,0.43484592437744141,1,36389,37,1.9187057740818727e-15
41,10,0.34090887010097504,0.34090888500213623,0.43484590947628021,0.43484592437744141,1,36373,37,9.1854740656790771e-14
42,10,0.34090888500213623,0.34090889990329742,0.43484590947628021,0.43484592437744141,1,36389,37,8.3768161711759776e-14
43,10,0.34090889990329742,0.34090891480445862,0.43484590947628021,0.43484592437744141,1,36345,37,6.5923748866911515e-14
44,10,0.34090891480445862,0.34090892970561981,0.43484590947628021,0.43484592437744141,1,36365,37,1.3285440009052162e-13
45,10,0.34090892970561981,0.34090894460678101,0.43484590947628021,0.43484592437744141,1,36385,37,2.793571488784821e-14
46,10,0.34090894460678101,0.3409089595079422,0.43484590947628021,0.43484592437744141,1,36341,37,2.8634905385032267e-14
47,10,0.3409089595079422,0.34090897440910339,0.43484590947628021,0.43484592437744141,1,36363,37,7.6218396238631359e-14
48,10,0.34090897440910339,0.34090898931026459,0.43484590947628021,0.43484592437744141,1,36327,37,1.0299605668865432e-13
49,10,0.34090898931026459,0.34090900421142578,0.43484590947628021,0.43484592437744141,1,36319,38,1.5946223426247593e-13
50,10,0.34090900421142578,0.34090901911258698,0.43484590947628021,0.43484592437744141,1,36335,38,2.837229714914092e-13
51,10,0.34090901911258698,0.34090903401374817,0.43484590947628021,0.43484592437744141,1,36301,38,1.2274837953052911e-14
52,10,0.34090903401374817,0.34090904891490936,0.43484590947628021,0.43484592437744141,1,36347,38,3.387077610042302e-14
53,10,0.34090904891490936,0.34090906381607056,0.43484590947628021,0.43484592437744141,1,36285,38,1.0662809658616303e-13
54,10,0.34090906381607056,0.34090907871723175,0.43484590947628021,0.43484592437744141,1,36299,38,1.8090798395049924e-13
55,10,0.34090907871723175,0.34090909361839294,0.43484590947628021,0.43484592437744141,1,36329,38,1.1695572817105006e-13
56,10,0.34090909361839294,0.34090910851955414,0.43484590947628021,0.43484592437744141,1,36313,38,9.4217763294385289e-14
57,10,0.34090910851955414,0.34090912342071533,0.43484590947628021,0.43484592437744141,1,36311,38,1.4568490290285568e-13
58,10,0.34090912342071533,0.34090913832187653,0.43484590947628021,0.43484592437744141,1,36325,38,1.1689028716587927e-13
59,10,0.34090913832187653,0.34090915322303772,0.43484590947628021,0.43484592437744141,1,36295,38,2.5301443329056312e-13
60,10,0.34090915322303772,0.34090916812419891,0.43484590947628021,0.43484592437744141,1,36313,38,2.3708553640205219e-13
61,10,0.34090916812419891,0.34090918302536011,0.43484590947628021,0.43484592437744141,1,36331,38,1.2554618431720954e-13
62,10,0.34090918302536011,0.3409091979265213,0.43484590947628021,0.43484592437744141,1,36317,38,1.2673976548158722e-13
63,10,0.3409091979265213,0.3409092128276825,0.43484590947628021,0.43484592437744141,1,36261,38,5.3656857326182164e-14
0,11,0.34090825915336609,0.34090827405452728,0.43484592437744141,0.4348459392786026,1,36615,38,9.1412999514601302e-14
1,11,0.34090827405452728,0.34090828895568848,0.43484592437744141,0.4348459392786026,1,36637,38,5.8530487316470534e-14
2,11,0.34090828895568848,0.34090830385684967,0.43484592437744141,0.4348459392786026,1,36573,38,3.0411707238347988e-14
3,11,0.34090830385684967,0.34090831875801086,0.43484592437744141,0.4348459392786026,1,36595,38,4.5807403560462316e-16
4,11,0.34090831875801086,0.34090833365917206,0.43484592437744141,0.4348459392786026,1,36551,38,4.3386271701079059e-14
5,11,0.34090833365917206,0.34090834856033325,0.43484592437744141,0.4348459392786026,1,36587,38,1.5026480877565457e-13
6,11,0.34090834856033325,0.34090836346149445,0.43484592437744141,0.4348459392786026,1,36597,38,9.2156420434308579e-14
7,11,0.34090836346149445,0.34090837836265564,0.43484592437744141,0.4348459392786026,1,36553,38,1.6854442910650595e-14
8,11,0.34090837836265564,0.34090839326381683,0.43484592437744141,0.4348459392786026,1,36571,38,3.1895861075075499e-15
9,11,0.34090839326381683,0.34090840816497803,0.43484592437744141,0.4348459392786026,1,36563,38,2.1856340254085787e-13
10,11,0.34090840816497803,0.34090842306613922,0.43484592437744141,0.4348459392786026,1,36565,38,1.1796268364004643e-13
11,11,0.34090842306613922,0.34090843796730042,0.43484592437744141,0.4348459392786026,1,36551,38,9.9868826363648605e-16
12,11,0.34090843796730042,0.34090845286846161,0.43484592437744141,0.4348459392786026,1,36549,38,9.5695417928889203e-14
13,11,0.34090845286846161,0.3409084677696228,0.43484592437744141,0.4348459392786026,1,36537,37,4.6051074690991495e-14
14,11,0.3409084677696228,0.340908482670784,0.43484592437744141,0.4348459392786026,1,36539,37,2.0807007555646309e-14
15,11,0.340908482670784,0.34090849757194519,0.43484592437744141,0.4348459392786026,1,36549,37,5.0862812220795089e-14
16,11,0.34090849757194519,0.34090851247310638,0.43484592437744141,0.4348459392786026,1,36467,37,2.916671531332253e-15
17,11,0.34090851247310638,0.34090852737426758,0.43484592437744141,0.4348459392786026,1,36503,37,9.2012575556478475e-14
18,11,0.34090852737426758,0.34090854227542877,0.43484592437744141,0.4348459392786026,1,36499,37,9.5446319553932359e-14
19,11,0.34090854227542877,0.34090855717658997,0.43484592437744141,0.4348459392786026,1,36513,37,5.6849223559966249e-14
20,11,0.34090855717658997,0.34090857207775116,0.43484592437744141,0.4348459392786026,1,36453,37,7.6846569463021856e-15
21,11,0.34090857207775116,0.34090858697891235,0.43484592437744141,0.4348459392786026,1,36471,37,3.4208507212596554e-14
22,11,0.34090858697891235,0.34090860188007355,0.43484592437744141,0.4348459392786026,1,36447,37,8.1060369064026173e-14
23,11,0.34090860188007355,0.34090861678123474,0.43484592437744141,0.4348459392786026,1,36451,37,6.853196780373812e-14
24,11,0.34090861678123474,0.34090863168239594,0.43484592437744141,0.4348459392786026,1,36481,37,3.5747323895998818e-15
25,11,0.34090863168239594,0.34090864658355713,0.43484592437744141,0.4348459392786026,1,36515,37,4.7276871801339407e-14
26,11,0.34090864658355713,0.34090866148471832,0.43484592437744141,0.4348459392786026,1,36447,37,1.4450043236634856e-13
27,11,0.34090866148471832,0.34090867638587952,0.43484592437744141,0.4348459392786026,1,36459,37,8.3766988672250658e-14
28,11,0.34090867638587952,0.34090869128704071,0.43484592437744141,0.4348459392786026,1,36451,37,2.4528766007938748e-13
29,11,0.34090869128704071,0.3409087061882019,0.43484592437744141,0.4348459392786026,1,36447,37,1.3897177299667594e-13
30,11,0.3409087061882019,0.3409087210893631,0.43484592437744141,0.4348459392786026,1,36493,37,5.9898224377332882e-15
31,11,0.3409087210893631,0.34090873599052429,0.43484592437744141,0.4348459392786026,1,36461,37,1.1885861910734439e-13
32,11,0.34090873599052429,0.34090875089168549,0.43484592437744141,0.4348459392786026,1,36441,37,2.0456086428762995e-14
33,11,0.34090875089168549,0.34090876579284668,0.43484592437744141,0.4348459392786026,1,36449,37,4.7077663448160718e-15
34,11,0.34090876579284668,0.34090878069400787,0.43484592437744141,0.4348459392786026,1,36413,37,1.101549970867401e-13
35,11,0.34090878069400787,0.34090879559516907,0.43484592437744141,0.4348459392786026,1,36425,37,1.8930279870491908e-14
36,11,0.34090879559516907,0.34090881049633026,0.43484592437744141,0.4348459392786026,1,36421,37,4.2596161978669054e-15
37,11,0.34090881049633026,0.34090882539749146,0.43484592437744141,0.4348459392786026,1,36427,37,5.2655274326905599e-14
38,11,0.34090882539749146,0.34090884029865265,0.43484592437744141,0.4348459392786026,1,36433,37,9.7459550109453202e-14
39,11,0.34090884029865265,0.34090885519981384,0.43484592437744141,0.4348459392786026,1,36411,37,6.3804730397504635e-14
40,11,0.34090885519981384,0.34090887010097504,0.43484592437744141,0.4348459392786026,1,36367,37,1.1656908123332253e-14
41,11,0.34090887010097504,0.34090888500213623,0.43484592437744141,0.4348459392786026,1,36403,37,6.7757408945916933e-14
42,11,0.34090888500213623,0.34090889990329742,0.43484592437744141,0.4348459392786026,1,36353,37,3.3303904170431081e-14
43,11,0.34090889990329742,0.34090891480445862,0.43484592437744141,0.4348459392786026,1,36355,37,1.3165779714035685e-14
44,11,0.34090891480445862,0.34090892970561981,0.43484592437744141,0.4348459392786026,1,36339,37,3.55625415122284e-14
45,11,0.34090892970561981,0.34090894460678101,0.43484592437744141,0.4348459392786026,1,36343,37,4.6848904001062235e-14
46,11,0.34090894460678101,0.3409089595079422,0.43484592437744141,0.4348459392786026,1,36329,37,8.3712197216775032e-14
47,11,0.3409089595079422,0.34090897440910339,0.43484592437744141,0.4348459392786026,1,36383,37,2.6433215998329686e-13
48,11,0.34090897440910339,0.34090898931026459,0.43484592437744141,0.4348459392786026,1,36315,37,1.1152807633224315e-14
49,11,0.34090898931026459,0.34090900421142578,0.43484592437744141,0.4348459392786026,1,36327,38,1.7213230946282108e-13
50,11,0.34090900421142578,0.34090901911258698,0.43484592437744141,0.4348459392786026,1,36349,38,2.5850738954834552e-14
51,11,0.34090901911258698,0.34090903401374817,0.43484592437744141,0.4348459392786026,1,36319,38,2.4545340465102799e-13
52,11,0.34090903401374817,0.34090904891490936,0.43484592437744141,0.4348459392786026,1,36321,38,1.319239615557757e-13
53,11,0.34090904891490936,0.34090906381607056,0.43484592437744141,0.4348459392786026,1,36309,38,5.4001406109483671e-15
54,11,0.34090906381607056,0.34090907871723175,0.43484592437744141,0.4348459392786026,1,36327,38,1.7430092176104979e-13
55,11,0.34090907871723175,0.34090909361839294,0.43484592437744141,0.4348459392786026,1,36277,38,2.185482609836409e-14
56,11,0.34090909361839294,0.34090910851955414,0.43484592437744141,0.4348459392786026,1,36329,38,1.1393638947608897e-13
57,11,0.34090910851955414,0.34090912342071533,0.43484592437744141,0.4348459392786026,1,36317,38,4.6627057387271037e-13
58,11,0.34090912342071533,0.34090913832187653,0.43484592437744141,0.4348459392786026,1,36309,38,6.6426000892644621e-13
59,11,0.34090913832187653,0.34090915322303772,0.43484592437744141,0.4348459392786026,1,36317,38,2.4376965253806197e-13
60,11,0.34090915322303772,0.34090916812419891,0.43484592437744141,0.4348459392786026,1,36323,38,4.5962046513837114e-14
61,11,0.34090916812419891,0.34090918302536011,0.43484592437744141,0.4348459392786026,1,36291,38,1.3175672633005063e-13
62,11,0.34090918302536011,0.3409091979265213,0.43484592437744141,0.4348459392786026,1,36283,38,4.6201691551051723e-14
63,11,0.3409091979265213,0.3409092128276825,0.43484592437744141,0.4348459392786026,1,36265,38,1.439705999907687e-13
0,12,0.34090825915336609,0.34090827405452728,0.4348459392786026,0.43484595417976379,1,36601,38,1.6524887464295126e-14
1,12,0.34090827405452728,0.34090828895568848,0.4348459392786026,0.43484595417976379,1,36615,38,9.5086081231383689e-14
2,12,0.34090828895568848,0.34090830385684967,0.4348459392786026,0.43484595417976379,1,36591,38,1.2769224220666728e-14
3,12,0.34090830385684967,0.34090831875801086,0.4348459392786026,0.43484595417976379,1,36577,38,4.2835436060921852e-14
4,12,0.34090831875801086,0.34090833365917206,0.4348459392786026,0.43484595417976379,1,36591,38,6.4892735151758734e-14
5,12,0.34090833365917206,0.34090834856033325,0.4348459392786026,0.43484595417976379,1,36575,38,4.8280934241776763e-16
6,12,0.34090834856033325,0.34090836346149445,0.4348459392786026,0.43484595417976379,1,36583,38,1.893574744108661e-13
7,12,0.34090836346149445,0.34090837836265564,0.4348459392786026,0.43484595417976379,1,36547,38,1.0655490713964e-13
8,12,0.34090837836265564,0.34090839326381683,0.4348459392786026,0.43484595417976379,1,36549,38,5.5726711097780955e-14
9,12,0.34090839326381683,0.34090840816497803,0.4348459392786026,0.43484595417976379,1,36545,38,3.6516906450609428e-14
10,12,0.34090840816497803,0.34090842306613922,0.4348459392786026,0.43484595417976379,1,36555,38,4.7243878458909367e-14
11,12,0.34090842306613922,0.34090843796730042,0.4348459392786026,0.43484595417976379,1,36511,38,7.4480601174028825e-14
12,12,0.34090843796730042,0.34090845286846161,0.4348459392786026,0.43484595417976379,1,36563,38,1.199672273190638e-14
13,12,0.34090845286846161,0.3409084677696228,0.4348459392786026,0.43484595417976379,1,36541,37,3.0719842390860059e-14
14,12,0.3409084677696228,0.340908482670784,0.4348459392786026,0.43484595417976379,1,36481,37,2.5793229505687809e-14
15,12,0.340908482670784,0.34090849757194519,0.4348459392786026,0.43484595417976379,1,36487,37,2.9243394288813777e-14
16,12,0.34090849757194519,0.34090851247310638,0.4348459392786026,0.43484595417976379,1,36535,37,7.1510081780541244e-14
17,12,0.34090851247310638,0.34090852737426758,0.4348459392786026,0.43484595417976379,1,36477,37,2.2344889263076178e-14
18,12,0.34090852737426758,0.34090854227542877,0.4348459392786026,0.43484595417976379,1,36491,37,6.9026729675094641e-14
19,12,0.34090854227542877,0.34090855717658997,0.4348459392786026,0.43484595417976379,1,36463,37,3.7204450001015418e-14
20,12,0.34090855717658997,0.34090857207775116,0.4348459392786026,0.43484595417976379,1,36463,37,7.8125591269307413e-15
21,12,0.34090857207775116,0.34090858697891235,0.4348459392786026,0.43484595417976379,1,36475,37,7.4025094486382214e-14
22,12,0.34090858697891235,0.34090860188007355,0.4348459392786026,0.43484595417976379,1,36471,37,2.5157894242692339e-14
23,12,0.34090860188007355,0.34090861678123474,0.4348459392786026,0.43484595417976379,1,36481,37,4.2648742110809845e-14
24,12,0.34090861678123474,0.34090863168239594,0.4348459392786026,0.43484595417976379,1,36469,37,2.9244208816681041e-14
25,12,0.34090863168239594,0.34090864658355713,0.4348459392786026,0.43484595417976379,1,36445,37,1.7362107176324388e-14
26,12,0.34090864658355713,0.34090866148471832,0.4348459392786026,0.43484595417976379,1,36439,37,7.0024304202229972e-15
27,12,0.34090866148471832,0.34090867638587952,0.4348459392786026,0.43484595417976379,1,36447,37,1.7569405436748165e-13
28,12,0.34090867638587952,0.34090869128704071,0.4348459392786026,0.43484595417976379,1,36429,37,1.9754164345656606e-13
29,12,0.34090869128704071,0.3409087061882019,0.4348459392786026,0.43484595417976379,1,36473,37,5.0092481659610158e-15
30,12,0.3409087061882019,0.3409087210893631,0.4348459392786026,0.43484595417976379,1,36419,37,2.3821978234790476e-14
31,12,0.3409087210893631,0.34090873599052429,0.4348459392786026,0.43484595417976379,1,36447,37,2.9639027953234816e-14
32,12,0.34090873599052429,0.34090875089168549,0.4348459392786026,0.43484595417976379,1,36477,37,8.2733055940966781e-15
33,12,0.34090875089168549,0.34090876579284668,0.4348459392786026,0.43484595417976379,1,36427,37,3.6405673989393061e-14
34,12,0.34090876579284668,0.34090878069400787,0.4348459392786026,0.43484595417976379,1,36451,37,2.6765729041120369e-13
35,12,0.34090878069400787,0.34090879559516907,0.4348459392786026,0.43484595417976379,1,36433,37,7.1749812433495418e-14
36,12,0.34090879559516907,0.34090881049633026,0.4348459392786026,0.43484595417976379,1,36419,37,1.2992015642629951e-13
37,12,0.34090881049633026,0.34090882539749146,0.4348459392786026,0.43484595417976379,1,36397,37,9.8972304945696354e-15
38,12,0.34090882539749146,0.34090884029865265,0.4348459392786026,0.43484595417976379,1,36377,37,1.4353569509567961e-15
39,12,0.34090884029865265,0.34090885519981384,0.4348459392786026,0.43484595417976379,1,36353,37,1.0867170670209433e-14
40,12,0.34090885519981384,0.34090887010097504,0.4348459392786026,0.43484595417976379,1,36353,37,2.1821444203124758e-14
41,12,0.34090887010097504,0.34090888500213623,0.4348459392786026,0.43484595417976379,1,36339,37,3.4298113031734639e-14
42,12,0.34090888500213623,0.34090889990329742,0.4348459392786026,0.43484595417976379,1,36369,37,4.0921937727552309e-15
43,12,0.34090889990329742,0.34090891480445862,0.4348459392786026,0.43484595417976379,1,36381,37,6.3818744403528719e-14
44,12,0.34090891480445862,0.34090892970561981,0.4348459392786026,0.43484595417976379,1,36337,37,8.0862703130592712e-14
45,12,0.34090892970561981,0.34090894460678101,0.4348459392786026,0.43484595417976379,1,36341,37,6.7944528264094668e-14
46,12,0.34090894460678101,0.3409089595079422,0.4348459392786026,0.43484595417976379,1,36345,37,1.1951785868577107e-13
47,12,0.3409089595079422,0.34090897440910339,0.4348459392786026,0.43484595417976379,1,36319,37,2.6572170985635939e-14
48,12,0.34090897440910339,0.34090898931026459,0.4348459392786026,0.43484595417976379,1,36339,37,6.0222621174314921e-16
49,12,0.34090898931026459,0.34090900421142578,0.4348459392786026,0.43484595417976379,1,36341,38,2.7776934707365909e-14
50,12,0.34090900421142578,0.34090901911258698,0.4348459392786026,0.43484595417976379,1,36311,38,1.0129421547761782e-13
51,12,0.34090901911258698,0.34090903401374817,0.4348459392786026,0.43484595417976379,1,36317,38,3.6845725526566436e-14
52,12,0.34090903401374817,0.34090904891490936,0.4348459392786026,0.43484595417976379,1,36281,38,2.5828081502223042e-14
53,12,0.34090904891490936,0.34090906381607056,0.4348459392786026,0.43484595417976379,1,36301,38,6.516980362041736e-14
54,12,0.34090906381607056,0.34090907871723175,0.4348459392786026,0.43484595417976379,1,36323,38,8.066784083665863e-16
55,12,0.34090907871723175,0.34090909361839294,0.4348459392786026,0.43484595417976379,1,36287,38,4.9480289243992448e-15
56,12,0.34090909361839294,0.34090910851955414,0.4348459392786026,0.43484595417976379,1,36315,38,4.0413891243779915e-13
57,12,0.34090910851955414,0.34090912342071533,0.4348459392786026,0.43484595417976379,1,36307,38,1.7808202313015167e-14
58,12,0.34090912342071533,0.34090913832187653,0.4348459392786026,0.43484595417976379,1,36277,38,1.7920893393840481e-13
59,12,0.34090913832187653,0.34090915322303772,0.4348459392786026,0.43484595417976379,1,36329,38,4.786983020984499e-15
60,12,0.34090915322303772,0.34090916812419891,0.4348459392786026,0.43484595417976379,1,36311,38,1.9921700214634335e-13
61,12,0.34090916812419891,0.34090918302536011,0.4348459392786026,0.43484595417976379,1,36345,38,3.8915726894935831e-14
62,12,0.34090918302536011,0.3409091979265213,0.4348459392786026,0.43484595417976379,1,36251,38,1.7688567324754595e-13
63,12,0.3409091979265213,0.3409092128276825,0.4348459392786026,0.43484595417976379,1,36289,38,4.7750618672067127e-14
0,13,0.34090825915336609,0.34090827405452728,0.43484595417976379,0.43484596908092499,1,36603,38,9.2566902735804651e-14
1,13,0.34090827405452728,0.34090828895568848,0.43484595417976379,0.43484596908092499,1,36587,38,7.3608921458931381e-14
2,13,0.34090828895568848,0.34090830385684967,0.43484595417976379,0.43484596908092499,1,36631,38,1.0731517371784947e-13
3,13,0.34090830385684967,0.34090831875801086,0.43484595417976379,0.43484596908092499,1,36595,38,1.6078383077036693e-13
4,13,0.34090831875801086,0.34090833365917206,0.43484595417976379,0.43484596908092499,1,36579,38,1.512593434461437e-14
5,13,0.34090833365917206,0.34090834856033325,0.43484595417976379,0.43484596908092499,1,36565,38,1.5445033413861726e-14
6,13,0.34090834856033325,0.34090836346149445,0.43484595417976379,0.43484596908092499,1,36575,38,1.3070712636993781e-14
7,13,0.34090836346149445,0.34090837836265564,0.43484595417976379,0.43484596908092499,1,36567,38,3.5422814670542069e-13
8,13,0.34090837836265564,0.34090839326381683,0.43484595417976379,0.43484596908092499,1,36533,38,3.0020395350596433e-15
9,13,0.34090839326381683,0.34090840816497803,0.43484595417976379,0.43484596908092499,1,36517,38,8.8966288905476428e-15
10,13,0.34090840816497803,0.34090842306613922,0.43484595417976379,0.43484596908092499,1,36551,38,4.8839588734328139e-14
11,13,0.34090842306613922,0.34090843796730042,0.43484595417976379,0.43484596908092499,1,36545,38,4.3406347153856516e-15
12,13,0.34090843796730042,0.34090845286846161,0.43484595417976379,0.43484596908092499,1,36535,37,4.1374338959394924e-14
13,13,0.34090845286846161,0.3409084677696228,0.43484595417976379,0.43484596908092499,1,36535,37,2.222982549152693e-14
14,13,0.3409084677696228,0.340908482670784,0.43484595417976379,0.43484596908092499,1,36485,37,7.6973374062775024e-14
15,13,0.340908482670784,0.34090849757194519,0.43484595417976379,0.43484596908092499,1,36511,37,3.0475327584197262e-14
16,13,0.34090849757194519,0.34090851247310638,0.43484595417976379,0.43484596908092499,1,36545,37,8.1133318659326546e-15
17,13,0.34090851247310638,0.34090852737426758,0.43484595417976379,0.43484596908092499,1,36487,37,5.121733658210531e-14
18,13,0.34090852737426758,0.34090854227542877,0.43484595417976379,0.43484596908092499,1,36467,37,2.2987017075326986e-14
19,13,0.34090854227542877,0.34090855717658997,0.43484595417976379,0.43484596908092499,1,36483,37,5.2657491220384207e-14
20,13,0.34090855717658997,0.34090857207775116,0.43484595417976379,0.43484596908092499,1,36475,37,7.9095618794987255e-14
21,13,0.34090857207775116,0.34090858697891235,0.43484595417976379,0.43484596908092499,1,36487,37,8.1290263931364245e-14
22,13,0.34090858697891235,0.34090860188007355,0.43484595417976379,0.43484596908092499,1,36441,37,1.6229217584790388e-13
23,13,0.34090860188007355,0.34090861678123474,0.43484595417976379,0.43484596908092499,1,36493,37,6.1378192799003457e-14
24,13,0.34090861678123474,0.34090863168239594,0.43484595417976379,0.43484596908092499,1,36435,37,1.8741909522442892e-14
25,13,0.34090863168239594,0.34090864658355713,0.43484595417976379,0.43484596908092499,1,36461,37,6.0080101907764782e-14
26,13,0.34090864658355713,0.34090866148471832,0.43484595417976379,0.43484596908092499,1,36443,37,4.6804734666153602e-15
27,13,0.34090866148471832,0.34090867638587952,0.43484595417976379,0.43484596908092499,1,36469,37,9.0048214501631448e-14
28,13,0.34090867638587952,0.34090869128704071,0.43484595417976379,0.43484596908092499,1,36417,37,1.6226196205486945e-13
29,13,0.34090869128704071,0.3409087061882019,0.43484595417976379,0.43484596908092499,1,36415,37,2.2255620655514383e-14
30,13,0.3409087061882019,0.3409087210893631,0.43484595417976379,0.43484596908092499,1,36443,37,6.4778625121484937e-14
31,13,0.3409087210893631,0.34090873599052429,0.43484595417976379,0.43484596908092499,1,36443,37,2.9959980571204714e-13
32,13,0.34090873599052429,0.34090875089168549,0.43484595417976379,0.43484596908092499,1,36421,37,8.5593116480115235e-14
33,13,0.34090875089168549,0.34090876579284668,0.43484595417976379,0.43484596908092499,1,36417,37,7.4945447022036282e-15
34,13,0.34090876579284668,0.34090878069400787,0.43484595417976379,0.43484596908092499,1,36411,37,1.9837811821433685e-13
35,13,0.34090878069400787,0.34090879559516907,0.43484595417976379,0.43484596908092499,1,36449,37,1.5707704178214829e-13
36,13,0.34090879559516907,0.34090881049633026,0.43484595417976379,0.43484596908092499,1,36399,37,4.3404265412487616e-14
37,13,0.34090881049633026,0.34090882539749146,0.43484595417976379,0.43484596908092499,1,36391,37,2.1848551002691053e-13
38,13,0.34090882539749146,0.34090884029865265,0.43484595417976379,0.43484596908092499,1,36395,37,1.2114936617546654e-13
39,13,0.34090884029865265,0.34090885519981384,0.43484595417976379,0.43484596908092499,1,36365,37,4.7264798794153831e-13
40,13,0.34090885519981384,0.34090887010097504,0.43484595417976379,0.43484596908092499,1,36341,37,1.5471611749309858e-13
41,13,0.34090887010097504,0.34090888500213623,0.43484595417976379,0.43484596908092499,1,36363,37,5.5180520080640643e-14
42,13,0.34090888500213623,0.34090889990329742,0.43484595417976379,0.43484596908092499,1,36359,37,6.8215395495617099e-14
43,13,0.34090889990329742,0.34090891480445862,0.43484595417976379,0.43484596908092499,1,36381,37,3.0944354420821739e-13
44,13,0.34090891480445862,0.34090892970561981,0.43484595417976379,0.43484596908092499,1,36331,37,4.9665434342687463e-14
45,13,0.34090892970561981,0.34090894460678101,0.43484595417976379,0.43484596908092499,1,36357,37,1.2872255525186474e-13
46,13,0.34090894460678101,0.3409089595079422,0.43484595417976379,0.43484596908092499,1,36333,37,3.2342371769780133e-14
47,13,0.3409089595079422,0.34090897440910339,0.43484595417976379,0.43484596908092499,1,36333,37,2.105395454446014e-13
48,13,0.34090897440910339,0.34090898931026459,0.43484595417976379,0.43484596908092499,1,36353,37,1.4004650912242888e-14
49,13,0.34090898931026459,0.34090900421142578,0.43484595417976379,0.43484596908092499,1,36307,38,1.575447660459747e-13
50,13,0.34090900421142578,0.34090901911258698,0.43484595417976379,0.43484596908092499,1,36345,38,6.2965984363666535e-15
51,13,0.34090901911258698,0.34090903401374817,0.43484595417976379,0.43484596908092499,1,36315,38,2.1488619780580154e-14
52,13,0.34090903401374817,0.34090904891490936,0.43484595417976379,0.43484596908092499,1,36279,38,1.4715270308367293e-13
53,13,0.34090904891490936,0.34090906381607056,0.43484595417976379,0.43484596908092499,1,36275,38,3.1167027219928169e-13
54,13,0.34090906381607056,0.34090907871723175,0.43484595417976379,0.43484596908092499,1,36285,38,1.0532035881212469e-13
55,13,0.34090907871723175,0.34090909361839294,0.43484595417976379,0.43484596908092499,1,36323,38,9.2767440500091933e-14
56,13,0.34090909361839294,0.34090910851955414,0.43484595417976379,0.43484596908092499,1,36267,38,4.0885898801962866e-14
57,13,0.34090910851955414,0.34090912342071533,0.43484595417976379,0.43484596908092499,1,36343,38,3.2989709267878831e-13
58,13,0.34090912342071533,0.34090913832187653,0.43484595417976379,0.43484596908092499,1,36295,38,8.7714688286397644e-14
59,13,0.34090913832187653,0.34090915322303772,0.43484595417976379,0.43484596908092499,1,36255,38,5.743470627444279e-14
60,13,0.34090915322303772,0.34090916812419891,0.43484595417976379,0.43484596908092499,1,36285,38,1.9360956517589429e-13
61,13,0.34090916812419891,0.34090918302536011,0.43484595417976379,0.43484596908092499,1,36305,38,6.6105455815071825e-14
62,13,0.34090918302536011,0.3409091979265213,0.43484595417976379,0.43484596908092499,1,36299,38,4.1236314094046328e-14
63,13,0.3409091979265213,0.3409092128276825,0.43484595417976379,0.43484596908092499,1,36273,38,4.3963112158815785e-14
0,14,0.34090825915336609,0.34090827405452728,0.43484596908092499,0.43484598398208618,1,36577,38,1.0253739972840302e-15
1,14,0.34090827405452728,0.34090828895568848,0.43484596908092499,0.43484598398208618,1,36573,38,2.1841945201947488e-14
2,14,0.34090828895568848,0.34090830385684967,0.43484596908092499,0.43484598398208618,1,36637,38,8.8432627442440334e-14
3,14,0.34090830385684967,0.34090831875801086,0.43484596908092499,0.43484598398208618,1,36591,38,1.8915141446945305e-14
4,14,0.34090831875801086,0.34090833365917206,0.43484596908092499,0.43484598398208618,1,36587,38,6.5413646304997023e-14
5,14,0.34090833365917206,0.34090834856033325,0.43484596908092499,0.43484598398208618,1,36585,38,5.0641452964223836e-17
6,14,0.34090834856033325,0.34090836346149445,0.43484596908092499,0.43484598398208618,1,36575,38,1.9992667724699778e-13
7,14,0.34090836346149445,0.34090837836265564,0.43484596908092499,0.43484598398208618,1,36559,38,2.1136959682293566e-14
8,14,0.34090837836265564,0.34090839326381683,0.43484596908092499,0.43484598398208618,1,36519,38,2.9210172627283433e-14
9,14,0.34090839326381683,0.34090840816497803,0.43484596908092499,0.43484598398208618,1,36553,38,9.1485516904693813e-15
10,14,0.34090840816497803,0.34090842306613922,0.43484596908092499,0.43484598398208618,1,36529,38,1.6472106892227906e-13
11,14,0.34090842306613922,0.34090843796730042,0.43484596908092499,0.43484598398208618,1,36527,37,1.4700317294874098e-14
12,14,0.34090843796730042,0.34090845286846161,0.43484596908092499,0.43484598398208618,1,36549,37,5.8723944379140749e-14
13,14,0.34090845286846161,0.3409084677696228,0.43484596908092499,0.43484598398208618,1,36499,37,5.1377014791620296e-14
14,14,0.3409084677696228,0.340908482670784,0.43484596908092499,0.43484598398208618,1,36515,37,6.8521290336710209e-14
15,14,0.340908482670784,0.34090849757194519,0.43484596908092499,0.43484598398208618,1,36515,37,6.7514379028702466e-14
16,14,0.34090849757194519,0.34090851247310638,0.43484596908092499,0.43484598398208618,1,36497,37,1.2336383643918505e-13
17,14,0.34090851247310638,0.34090852737426758,0.43484596908092499,0.43484598398208618,1,36523,37,2.0682786140879911e-14
18,14,0.34090852737426758,0.34090854227542877,0.43484596908092499,0.43484598398208618,1,36497,37,6.9975920904212903e-14
19,14,0.34090854227542877,0.34090855717658997,0.43484596908092499,0.43484598398208618,1,36477,37,1.1038776039059635e-13
20,14,0.34090855717658997,0.34090857207775116,0.43484596908092499,0.43484598398208618,1,36449,37,1.2616565158258265e-13
21,14,0.34090857207775116,0.34090858697891235,0.43484596908092499,0.43484598398208618,1,36457,37,4.5088703080977386e-14
22,14,0.34090858697891235,0.34090860188007355,0.43484596908092499,0.43484598398208618,1,36461,37,3.229170274296991e-14
23,14,0.34090860188007355,0.34090861678123474,0.43484596908092499,0.43484598398208618,1,36483,37,7.320297095532371e-14
24,14,0.34090861678123474,0.34090863168239594,0.43484596908092499,0.43484598398208618,1,36433,37,1.0388133296818773e-13
25,14,0.34090863168239594,0.34090864658355713,0.43484596908092499,0.43484598398208618,1,36437,37,3.6152923411324174e-14
26,14,0.34090864658355713,0.34090866148471832,0.43484596908092499,0.43484598398208618,1,36427,37,6.2030080564128052e-14
27,14,0.34090866148471832,0.34090867638587952,0.43484596908092499,0.43484598398208618,1,36413,37,7.6144842048161385e-15
28,14,0.34090867638587952,0.34090869128704071,0.43484596908092499,0.43484598398208618,1,36405,37,1.5779372350677863e-13
29,14,0.34090869128704071,0.3409087061882019,0.43484596908092499,0.43484598398208618,1,36437,37,7.1672473764867113e-15
30,14,0.3409087061882019,0.3409087210893631,0.43484596908092499,0.43484598398208618,1,36443,37,7.1511189103936965e-14
31,14,0.3409087210893631,0.34090873599052429,0.43484596908092499,0.43484598398208618,1,36437,37,2.8323203492437579e-14
32,14,0.34090873599052429,0.34090875089168549,0.43484596908092499,0.43484598398208618,1,36433,37,1.3785594398582547e-13
33,14,0.34090875089168549,0.34090876579284668,0.43484596908092499,0.43484598398208618,1,36421,37,3.4263573517183771e-14
34,14,0.34090876579284668,0.34090878069400787,0.43484596908092499,0.43484598398208618,1,36425,37,8.607453886853401e-14
35,14,0.34090878069400787,0.34090879559516907,0.43484596908092499,0.43484598398208618,1,36411,37,4.2757654480799777e-14
36,14,0.34090879559516907,0.34090881049633026,0.43484596908092499,0.43484598398208618,1,36381,37,4.6789833362640835e-14
37,14,0.34090881049633026,0.34090882539749146,0.43484596908092499,0.43484598398208618,1,36343,37,1.1906298960061162e-13
38,14,0.34090882539749146,0.34090884029865265,0.43484596908092499,0.43484598398208618,1,36347,37,5.7550776860054475e-15
39,14,0.34090884029865265,0.34090885519981384,0.43484596908092499,0.43484598398208618,1,36341,37,9.7613596323334518e-14
40,14,0.34090885519981384,0.34090887010097504,0.43484596908092499,0.43484598398208618,1,36377,37,8.9172290459725547e-14
41,14,0.34090887010097504,0.34090888500213623,0.43484596908092499,0.43484598398208618,1,36359,37,8.2253238164571986e-14
42,14,0.34090888500213623,0.34090889990329742,0.43484596908092499,0.43484598398208618,1,36345,37,2.2571658831090195e-14
43,14,0.34090889990329742,0.34090891480445862,0.43484596908092499,0.43484598398208618,1,36355,37,7.2981982220484886e-14
44,14,0.34090891480445862,0.34090892970561981,0.43484596908092499,0.43484598398208618,1,36351,37,7.0629739586865119e-14
45,14,0.34090892970561981,0.34090894460678101,0.43484596908092499,0.43484598398208618,1,36313,37,6.9799782001196347e-14
46,14,0.34090894460678101,0.3409089595079422,0.43484596908092499,0.43484598398208618,1,36355,37,7.0492078902980644e-14
47,14,0.3409089595079422,0.34090897440910339,0.43484596908092499,0.43484598398208618,1,36337,37,7.2706650494191618e-14
48,14,0.34090897440910339,0.34090898931026459,0.43484596908092499,0.43484598398208618,1,36299,37,8.4359598976348656e-15
49,14,0.34090898931026459,0.34090900421142578,0.43484596908092499,0.43484598398208618,1,36305,38,8.1702602599371675e-14
50,14,0.34090900421142578,0.34090901911258698,0.43484596908092499,0.43484598398208618,1,36297,38,2.7111888051171433e-14
51,14,0.34090901911258698,0.34090903401374817,0.43484596908092499,0.43484598398208618,1,36273,38,6.6940894368429401e-14
52,14,0.34090903401374817,0.34090904891490936,0.43484596908092499,0.43484598398208618,1,36301,38,1.0661350499869129e-13
53,14,0.34090904891490936,0.34090906381607056,0.43484596908092499,0.43484598398208618,1,36341,38,1.1796165476008813e-13
54,14,0.34090906381607056,0.34090907871723175,0.43484596908092499,0.43484598398208618,1,36305,38,1.7974352071433784e-15
55,14,0.34090907871723175,0.34090909361839294,0.43484596908092499,0.43484598398208618,1,36261,38,1.4522476795497499e-13
56,14,0.34090909361839294,0.34090910851955414,0.43484596908092499,0.43484598398208618,1,36307,38,1.1582499892451883e-13
57,14,0.34090910851955414,0.34090912342071533,0.43484596908092499,0.43484598398208618,1,36261,38,1.7857696116303548e-13
58,14,0.34090912342071533,0.34090913832187653,0.43484596908092499,0.43484598398208618,1,36239,38,8.7134460787948978e-14
59,14,0.34090913832187653,0.34090915322303772,0.43484596908092499,0.43484598398208618,1,36341,38,2.1801819820571606e-13
60,14,0.34090915322303772,0.34090916812419891,0.43484596908092499,0.43484598398208618,1,36317,38,1.0063333793748084e-13
61,14,0.34090916812419891,0.34090918302536011,0.43484596908092499,0.43484598398208618,1,36257,38,1.4332584690557343e-13
62,14,0.34090918302536011,0.3409091979265213,0.43484596908092499,0.43484598398208618,1,36299,38,8.6035393982780114e-14
63,14,0.3409091979265213,0.3409092128276825,0.43484596908092499,0.43484598398208618,1,36281,38,9.5017453170424418e-14
0,15,0.34090825915336609,0.34090827405452728,0.43484598398208618,0.43484599888324738,1,36569,38,5.1991679091405971e-14
1,15,0.34090827405452728,0.34090828895568848,0.43484598398208618,0.43484599888324738,1,36591,38,1.0122909303091956e-14
2,15,0.34090828895568848,0.34090830385684967,0.43484598398208618,0.43484599888324738,1,36605,38,5.5326884112960491e-14
3,15,0.34090830385684967,0.34090831875801086,0.43484598398208618,0.43484599888324738,1,36563,38,8.2451865810090216e-14
4,15,0.34090831875801086,0.34090833365917206,0.43484598398208618,0.43484599888324738,1,36601,38,3.8533820755364712e-13
5,15,0.34090833365917206,0.34090834856033325,0.43484598398208618,0.43484599888324738,1,36573,38,1.1813334343884732e-15
6,15,0.34090834856033325,0.34090836346149445,0.43484598398208618,0.43484599888324738,1,36563,38,2.1807167202223969e-14
7,15,0.34090836346149445,0.34090837836265564,0.43484598398208618,0.43484599888324738,1,36547,38,3.3157358784658825e-15
8,15,0.34090837836265564,0.34090839326381683,0.43484598398208618,0.43484599888324738,1,36553,38,2.1086121579969701e-14
9,15,0.34090839326381683,0.34090840816497803,0.43484598398208618,0.43484599888324738,1,36563,38,3.4246362313258014e-14
10,15,0.34090840816497803,0.34090842306613922,0.43484598398208618,0.43484599888324738,1,36559,38,8.9529655643531525e-14
11,15,0.34090842306613922,0.34090843796730042,0.43484598398208618,0.43484599888324738,1,36505,37,3.3214187978066778e-14
12,15,0.34090843796730042,0.34090845286846161,0.43484598398208618,0.43484599888324738,1,36575,37,5.2014143855408639e-14
13,15,0.34090845286846161,0.3409084677696228,0.43484598398208618,0.43484599888324738,1,36461,37,4.2306665009482341e-14
14,15,0.3409084677696228,0.340908482670784,0.43484598398208618,0.43484599888324738,1,36507,37,1.6809968342084106e-13
15,15,0.340908482670784,0.34090849757194519,0.43484598398208618,0.43484599888324738,1,36501,37,2.8627757897451926e-14
16,15,0.34090849757194519,0.34090851247310638,0.43484598398208618,0.43484599888324738,1,36499,37,3.5662409548052952e-14
17,15,0.34090851247310638,0.34090852737426758,0.43484598398208618,0.43484599888324738,1,36511,37,7.685833120474273e-14
18,15,0.34090852737426758,0.34090854227542877,0.43484598398208618,0.43484599888324738,1,36507,37,4.6015433974630572e-14
19,15,0.34090854227542877,0.34090855717658997,0.43484598398208618,0.43484599888324738,1,36485,37,4.151601006981578e-15
20,15,0.34090855717658997,0.34090857207775116,0.43484598398208618,0.43484599888324738,1,36493,37,1.6580815607116622e-13
21,15,0.34090857207775116,0.34090858697891235,0.43484598398208618,0.43484599888324738,1,36453,37,3.3616180494834611e-14
22,15,0.34090858697891235,0.34090860188007355,0.43484598398208618,0.43484599888324738,1,36481,37,1.4394737448797569e-13
23,15,0.34090860188007355,0.34090861678123474,0.43484598398208618,0.43484599888324738,1,36431,37,4.7260132690120447e-15
24,15,0.34090861678123474,0.34090863168239594,0.43484598398208618,0.43484599888324738,1,36441,37,2.0582489955462342e-14
25,15,0.34090863168239594,0.34090864658355713,0.43484598398208618,0.43484599888324738,1,36429,37,3.1208166782822505e-14
26,15,0.34090864658355713,0.34090866148471832,0.43484598398208618,0.43484599888324738,1,36449,37,2.1609430348657695e-14
27,15,0.34090866148471832,0.34090867638587952,0.43484598398208618,0.43484599888324738,1,36451,37,1.9316222847081148e-13
28,15,0.34090867638587952,0.34090869128704071,0.43484598398208618,0.43484599888324738,1,36403,37,4.6131522575305415e-14
29,15,0.34090869128704071,0.3409087061882019,0.43484598398208618,0.43484599888324738,1,36393,37,1.9257167774277621e-13
30,15,0.3409087061882019,0.3409087210893631,0.43484598398208618,0.43484599888324738,1,36401,37,8.0126501229442391e-14
31,15,0.3409087210893631,0.34090873599052429,0.43484598398208618,0.43484599888324738,1,36385,37,8.0724216755382674e-15
32,15,0.34090873599052429,0.34090875089168549,0.43484598398208618,0.43484599888324738,1,36423,37,6.452285048271424e-14
33,15,0.34090875089168549,0.34090876579284668,0.43484598398208618,0.43484599888324738,1,36385,37,2.4012521933033055e-14
34,15,0.34090876579284668,0.34090878069400787,0.43484598398208618,0.43484599888324738,1,36407,37,4.060426826322267e-14
35,15,0.34090878069400787,0.34090879559516907,0.43484598398208618,0.43484599888324738,1,36375,37,1.2138683135640834e-13
36,15,0.34090879559516907,0.34090881049633026,0.43484598398208618,0.43484599888324738,1,36421,37,2.532866123028669e-13
37,15,0.34090881049633026,0.34090882539749146,0.43484598398208618,0.43484599888324738,1,36387,37,1.7852459525358043e-13
38,15,0.34090882539749146,0.34090884029865265,0.43484598398208618,0.43484599888324738,1,36399,37,2.355772300050559e-14
39,15,0.34090884029865265,0.34090885519981384,0.43484598398208618,0.43484599888324738,1,36397,37,2.8121899797861341e-14
40,15,0.34090885519981384,0.34090887010097504,0.43484598398208618,0.43484599888324738,1,36359,37,1.0982012231596258e-13
41,15,0.34090887010097504,0.34090888500213623,0.43484598398208618,0.43484599888324738,1,36361,37,5.0863948455478e-14
42,15,0.34090888500213623,0.34090889990329742,0.43484598398208618,0.43484599888324738,1,36341,37,9.4893875160057848e-14
43,15,0.34090889990329742,0.34090891480445862,0.43484598398208618,0.43484599888324738,1,36373,37,1.9037785633519354e-13
44,15,0.34090891480445862,0.34090892970561981,0.43484598398208618,0.43484599888324738,1,36331,37,1.7650934648053635e-13
45,15,0.34090892970561981,0.34090894460678101,0.43484598398208618,0.43484599888324738,1,36313,37,1.8184739438392808e-13
46,15,0.34090894460678101,0.3409089595079422,0.43484598398208618,0.43484599888324738,1,36323,37,6.3593565937016789e-14
47,15,0.3409089595079422,0.34090897440910339,0.43484598398208618,0.43484599888324738,1,36307,37,1.4272792833145308e-13
48,15,0.34090897440910339,0.34090898931026459,0.43484598398208618,0.43484599888324738,1,36333,37,1.3095614023295006e-13
49,15,0.34090898931026459,0.34090900421142578,0.43484598398208618,0.43484599888324738,1,36293,38,1.0466979063570081e-13
50,15,0.34090900421142578,0.34090901911258698,0.43484598398208618,0.43484599888324738,1,36289,38,7.5676732900918263e-14
51,15,0.34090901911258698,0.34090903401374817,0.43484598398208618,0.43484599888324738,1,36357,38,2.135173231361542e-13
52,15,0.34090903401374817,0.34090904891490936,0.43484598398208618,0.43484599888324738,1,36303,38,1.2053886055943987e-13
53,15,0.34090904891490936,0.34090906381607056,0.43484598398208618,0.43484599888324738,1,36311,38,7.5617479645807181e-14
54,15,0.34090906381607056,0.34090907871723175,0.43484598398208618,0.43484599888324738,1,36281,38,2.5554742610353501e-13
55,15,0.34090907871723175,0.34090909361839294,0.43484598398208618,0.43484599888324738,1,36333,38,2.5875796709012943e-14
56,15,0.34090909361839294,0.34090910851955414,0.43484598398208618,0.43484599888324738,1,36253,38,3.3443740668793255e-14
57,15,0.34090910851955414,0.34090912342071533,0.43484598398208618,0.43484599888324738,1,36287,38,3.0274218307221524e-14
58,15,0.34090912342071533,0.34090913832187653,0.43484598398208618,0.43484599888324738,1,36259,38,2.6314242215283925e-13
59,15,0.34090913832187653,0.34090915322303772,0.43484598398208618,0.43484599888324738,1,36287,38,9.3947213365171157e-14
60,15,0.34090915322303772,0.34090916812419891,0.43484598398208618,0.43484599888324738,1,36269,38,5.0294964915895091e-14
61,15,0.34090916812419891,0.34090918302536011,0.43484598398208618,0.43484599888324738,1,36259,38,2.0195965705712558e-13
62,15,0.34090918302536011,0.3409091979265213,0.43484598398208618,0.43484599888324738,1,36297,38,2.5447116215800084e-13
63,15,0.3409091979265213,0.3409092128276825,0.43484598398208618,0.43484599888324738,1,36247,38,1.4759371243716242e-13
0,16,0.34090825915336609,0.34090827405452728,0.43484599888324738,0.43484601378440857,1,36575,38,1.4242100270408639e-14
1,16,0.34090827405452728,0.34090828895568848,0.43484599888324738,0.43484601378440857,1,36577,38,8.8888080700335987e-14
2,16,0.34090828895568848,0.34090830385684967,0.43484599888324738,0.43484601378440857,1,36543,38,5.157840588471388e-15
3,16,0.34090830385684967,0.34090831875801086,0.43484599888324738,0.43484601378440857,1,36569,38,2.2842691108797025e-14
4,16,0.34090831875801086,0.34090833365917206,0.43484599888324738,0.43484601378440857,1,36537,38,2.1044917005007051e-14
5,16,0.34090833365917206,0.34090834856033325,0.43484599888324738,0.43484601378440857,1,36571,38,1.4422438971760342e-13
6,16,0.34090834856033325,0.34090836346149445,0.43484599888324738,0.43484601378440857,1,36545,38,7.896987145427933e-14
7,16,0.34090836346149445,0.34090837836265564,0.43484599888324738,0.43484601378440857,1,36531,38,1.0017069256577882e-13
8,16,0.34090837836265564,0.34090839326381683,0.43484599888324738,0.43484601378440857,1,36529,38,1.7888035893731282e-14
9,16,0.34090839326381683,0.34090840816497803,0.43484599888324738,0.43484601378440857,1,36523,38,1.5779697640861896e-15
10,16,0.34090840816497803,0.34090842306613922,0.43484599888324738,0.43484601378440857,1,36501,37,5.2702840056594729e-14
11,16,0.34090842306613922,0.34090843796730042,0.43484599888324738,0.43484601378440857,1,36495,37,1.4210550598941075e-14
12,16,0.34090843796730042,0.34090845286846161,0.43484599888324738,0.43484601378440857,1,36537,37,1.0847435056379458e-14
13,16,0.34090845286846161,0.3409084677696228,0.43484599888324738,0.43484601378440857,1,36497,37,1.0782973161623986e-13
14,16,0.3409084677696228,0.340908482670784,0.43484599888324738,0.43484601378440857,1,36489,37,7.2935624379889369e-14
15,16,0.340908482670784,0.34090849757194519,0.43484599888324738,0.43484601378440857,1,36541,37,1.9062197502094058e-14
16,16,0.34090849757194519,0.34090851247310638,0.43484599888324738,0.43484601378440857,1,36515,37,4.4172765315656743e-14
17,16,0.34090851247310638,0.34090852737426758,0.43484599888324738,0.43484601378440857,1,36495,37,3.7171967536705423e-14
18,16,0.34090852737426758,0.34090854227542877,0.43484599888324738,0.43484601378440857,1,36485,37,1.8288253599543596e-13
19,16,0.34090854227542877,0.34090855717658997,0.43484599888324738,0.43484601378440857,1,36493,37,3.4343064709400807e-14
20,16,0.34090855717658997,0.34090857207775116,0.43484599888324738,0.43484601378440857,1,36475,37,6.9950320738458272e-14
21,16,0.34090857207775116,0.34090858697891235,0.43484599888324738,0.43484601378440857,1,36495,37,1.2060793788590664e-13
22,16,0.34090858697891235,0.34090860188007355,0.43484599888324738,0.43484601378440857,1,36455,37,6.2869614907371323e-14
23,16,0.34090860188007355,0.34090861678123474,0.43484599888324738,0.43484601378440857,1,36441,37,3.1556899009867374e-18
24,16,0.34090861678123474,0.34090863168239594,0.43484599888324738,0.43484601378440857,1,36491,37,9.197732862817556e-14
25,16,0.34090863168239594,0.34090864658355713,0.43484599888324738,0.43484601378440857,1,36435,37,1.4738957803045732e-14
26,16,0.34090864658355713,0.34090866148471832,0.43484599888324738,0.43484601378440857,1,36413,37,7.0018807329082603e-15
27,16,0.34090866148471832,0.34090867638587952,0.43484599888324738,0.43484601378440857,1,36461,37,5.9955160635635571e-14
28,16,0.34090867638587952,0.34090869128704071,0.43484599888324738,0.43484601378440857,1,36411,37,3.5754374510189341e-14
29,16,0.34090869128704071,0.3409087061882019,0.43484599888324738,0.43484601378440857,1,36425,37,1.7378182817156467e-13
30,16,0.3409087061882019,0.3409087210893631,0.43484599888324738,0.43484601378440857,1,36407,37,5.0582221500177864e-14
31,16,0.3409087210893631,0.34090873599052429,0.43484599888324738,0.43484601378440857,1,36421,37,5.9922203206680004e-14
32,16,0.34090873599052429,0.34090875089168549,0.43484599888324738,0.43484601378440857,1,36429,37,1.0463846426890328e-13
33,16,0.34090875089168549,0.34090876579284668,0.43484599888324738,0.43484601378440857,1,36417,37,1.5283324758334629e-14
34,16,0.34090876579284668,0.34090878069400787,0.43484599888324738,0.43484601378440857,1,36411,37,3.0982018905533061e-14
35,16,0.34090878069400787,0.34090879559516907,0.43484599888324738,0.43484601378440857,1,36395,37,1.3691702936379663e-13
36,16,0.34090879559516907,0.34090881049633026,0.43484599888324738,0.43484601378440857,1,36367,37,3.1761021133224711e-14
37,16,0.34090881049633026,0.34090882539749146,0.43484599888324738,0.43484601378440857,1,36371,37,2.9983984079906116e-13
38,16,0.34090882539749146,0.34090884029865265,0.43484599888324738,0.43484601378440857,1,36427,37,1.3474762248433719e-13
39,16,0.34090884029865265,0.34090885519981384,0.43484599888324738,0.43484601378440857,1,36327,37,1.1957527483600161e-14
40,16,0.34090885519981384,0.34090887010097504,0.43484599888324738,0.43484601378440857,1,36375,37,7.0065667856151008e-14
41,16,0.34090887010097504,0.34090888500213623,0.43484599888324738,0.43484601378440857,1,36379,37,1.8051916560382239e-14
42,16,0.34090888500213623,0.34090889990329742,0.43484599888324738,0.43484601378440857,1,36407,37,1.5262000777700447e-14
43,16,0.34090889990329742,0.34090891480445862,0.43484599888324738,0.43484601378440857,1,36351,37,1.5352007733178131e-15
44,16,0.34090891480445862,0.34090892970561981,0.43484599888324738,0.43484601378440857,1,36337,37,4.2044064542264511e-14
45,16,0.34090892970561981,0.34090894460678101,0.43484599888324738,0.43484601378440857,1,36365,37,1.3939470836276543e-13
46,16,0.34090894460678101,0.3409089595079422,0.43484599888324738,0.43484601378440857,1,36329,37,3.5138662781503679e-13
47,16,0.3409089595079422,0.34090897440910339,0.43484599888324738,0.43484601378440857,1,36301,37,6.6957045660622472e-14
48,16,0.34090897440910339,0.34090898931026459,0.43484599888324738,0.43484601378440857,1,36307,37,1.3725902197980443e-13
49,16,0.34090898931026459,0.34090900421142578,0.43484599888324738,0.43484601378440857,1,36309,37,9.0755887190109734e-14
50,16,0.34090900421142578,0.34090901911258698,0.43484599888324738,0.43484601378440857,1,36293,38,1.0808424868815062e-13
51,16,0.34090901911258698,0.34090903401374817,0.43484599888324738,0.43484601378440857,1,36285,38,1.7549602840701468e-13
52,16,0.34090903401374817,0.34090904891490936,0.43484599888324738,0.43484601378440857,1,36309,38,1.4116502224627882e-14
53,16,0.34090904891490936,0.34090906381607056,0.43484599888324738,0.43484601378440857,1,36269,38,2.4789556008883194e-14
54,16,0.34090906381607056,0.34090907871723175,0.43484599888324738,0.43484601378440857,1,36303,38,2.4192217609519949e-13
55,16,0.34090907871723175,0.34090909361839294,0.43484599888324738,0.43484601378440857,1,36297,38,6.3307450292000198e-14
56,16,0.34090909361839294,0.34090910851955414,0.43484599888324738,0.43484601378440857,1,36259,38,2.749952107030361e-13
57,16,0.34090910851955414,0.34090912342071533,0.43484599888324738,0.43484601378440857,1,36275,38,4.7499012477295527e-14
58,16,0.34090912342071533,0.34090913832187653,0.43484599888324738,0.43484601378440857,1,36259,38,8.4487872916385098e-14
59,16,0.34090913832187653,0.34090915322303772,0.43484599888324738,0.43484601378440857,1,36295,38,7.1616053456219276e-14
60,16,0.34090915322303772,0.34090916812419891,0.43484599888324738,0.43484601378440857,1,36299,38,8.9950656380553373e-14
61,16,0.34090916812419891,0.34090918302536011,0.43484599888324738,0.43484601378440857,1,36303,38,1.3836185209257476e-13
62,16,0.34090918302536011,0.3409091979265213,0.43484599888324738,0.43484601378440857,1,36243,38,2.7757660239399129e-14
63,16,0.3409091979265213,0.3409092128276825,0.43484599888324738,0.43484601378440857,1,36291,38,3.8278867608252518e-14
0,17,0.34090825915336609,0.34090827405452728,0.43484601378440857,0.43484602868556976,1,36559,38,4.4464604896750311e-14
1,17,0.34090827405452728,0.34090828895568848,0.43484601378440857,0.43484602868556976,1,36573,38,1.1293717287314425e-14
2,17,0.34090828895568848,0.34090830385684967,0.43484601378440857,0.43484602868556976,1,36563,38,8.430425285031209e-15
3,17,0.34090830385684967,0.34090831875801086,0.43484601378440857,0.43484602868556976,1,36567,38,1.9418398949476719e-13
4,17,0.34090831875801086,0.34090833365917206,0.43484601378440857,0.43484602868556976,1,36585,38,1.8895543614298416e-13
5,17,0.34090833365917206,0.34090834856033325,0.43484601378440857,0.43484602868556976,1,36527,38,1.0841602849767442e-13
6,17,0.34090834856033325,0.34090836346149445,0.43484601378440857,0.43484602868556976,1,36527,38,1.8768088503427066e-14
7,17,0.34090836346149445,0.34090837836265564,0.43484601378440857,0.43484602868556976,1,36537,38,2.336207212533411e-14
8,17,0.34090837836265564,0.34090839326381683,0.43484601378440857,0.43484602868556976,1,36513,38,6.3178650630501216e-15
9,17,0.34090839326381683,0.34090840816497803,0.43484601378440857,0.43484602868556976,1,36523,37,3.1360902577907662e-15
10,17,0.34090840816497803,0.34090842306613922,0.43484601378440857,0.43484602868556976,1,36503,37,1.5108044339122033e-14
11,17,0.34090842306613922,0.34090843796730042,0.43484601378440857,0.43484602868556976,1,36477,37,8.1828991073936501e-14
12,17,0.34090843796730042,0.34090845286846161,0.43484601378440857,0.43484602868556976,1,36481,37,7.3298449897670729e-15
13,17,0.34090845286846161,0.3409084677696228,0.43484601378440857,0.43484602868556976,1,36505,37,7.2677685106894912e-14
14,17,0.3409084677696228,0.340908482670784,0.43484601378440857,0.43484602868556976,1,36519,37,1.4398148639038444e-14
15,17,0.340908482670784,0.34090849757194519,0.43484601378440857,0.43484602868556976,1,36541,37,1.3238177566299787e-14
16,17,0.34090849757194519,0.34090851247310638,0.43484601378440857,0.43484602868556976,1,36509,37,1.8261312719512562e-14
17,17,0.34090851247310638,0.34090852737426758,0.43484601378440857,0.43484602868556976,1,36527,37,1.1478247809045888e-13
18,17,0.34090852737426758,0.34090854227542877,0.43484601378440857,0.43484602868556976,1,36485,37,9.2161273929025067e-14
19,17,0.34090854227542877,0.34090855717658997,0.43484601378440857,0.43484602868556976,1,36465,37,2.3123061701705837e-14
20,17,0.34090855717658997,0.34090857207775116,0.43484601378440857,0.43484602868556976,1,36455,37,3.0239085173560942e-14
21,17,0.34090857207775116,0.34090858697891235,0.43484601378440857,0.43484602868556976,1,36487,37,1.0415708875143314e-14
22,17,0.34090858697891235,0.34090860188007355,0.43484601378440857,0.43484602868556976,1,36413,37,8.3049006818233654e-14
23,17,0.34090860188007355,0.34090861678123474,0.43484601378440857,0.43484602868556976,1,36417,37,2.0285501683765893e-13
24,17,0.34090861678123474,0.34090863168239594,0.43484601378440857,0.43484602868556976,1,36457,37,3.8701537809130784e-14
25,17,0.34090863168239594,0.34090864658355713,0.43484601378440857,0.43484602868556976,1,36447,37,2.4647727767724314e-14
26,17,0.34090864658355713,0.34090866148471832,0.43484601378440857,0.43484602868556976,1,36415,37,2.3167257570015889e-13
27,17,0.34090866148471832,0.34090867638587952,0.43484601378440857,0.43484602868556976,1,36431,37,4.4259506868016571e-14
28,17,0.34090867638587952,0.34090869128704071,0.43484601378440857,0.43484602868556976,1,36415,37,4.4252700583081427e-14
29,17,0.34090869128704071,0.3409087061882019,0.43484601378440857,0.43484602868556976,1,36405,37,3.8343523819167389e-14
30,17,0.3409087061882019,0.3409087210893631,0.43484601378440857,0.43484602868556976,1,36387,37,6.4282874241361314e-14
31,17,0.3409087210893631,0.34090873599052429,0.43484601378440857,0.43484602868556976,1,36433,37,7.8718978935566313e-14
32,17,0.34090873599052429,0.34090875089168549,0.43484601378440857,0.43484602868556976,1,36389,37,2.4049394019285593e-14
33,17,0.34090875089168549,0.34090876579284668,0.43484601378440857,0.43484602868556976,1,36401,37,8.0759578270844498e-15
34,17,0.34090876579284668,0.34090878069400787,0.43484601378440857,0.43484602868556976,1,36395,37,2.2961959531571063e-13
35,17,0.34090878069400787,0.34090879559516907,0.43484601378440857,0.43484602868556976,1,36429,37,1.0092901601304523e-13
36,17,0.34090879559516907,0.34090881049633026,0.43484601378440857,0.43484602868556976,1,36345,37,2.3593041284535919e-13
37,17,0.34090881049633026,0.34090882539749146,0.43484601378440857,0.43484602868556976,1,36371,37,5.3983471799362468e-14
38,17,0.34090882539749146,0.34090884029865265,0.43484601378440857,0.43484602868556976,1,36351,37,1.7552447811801388e-13
39,17,0.34090884029865265,0.34090885519981384,0.43484601378440857,0.43484602868556976,1,36325,37,4.0458135879951158e-15
40,17,0.34090885519981384,0.34090887010097504,0.43484601378440857,0.43484602868556976,1,36335,37,1.353644495259254e-13
41,17,0.34090887010097504,0.34090888500213623,0.43484601378440857,0.43484602868556976,1,36371,37,7.4672337225187664e-15
42,17,0.34090888500213623,0.34090889990329742,0.43484601378440857,0.43484602868556976,1,36311,37,1.2144683692569495e-14
43,17,0.34090889990329742,0.34090891480445862,0.43484601378440857,0.43484602868556976,1,36311,37,3.1833874844378657e-13
44,17,0.34090891480445862,0.34090892970561981,0.43484601378440857,0.43484602868556976,1,36335,37,5.7260988181385438e-14
45,17,0.34090892970561981,0.34090894460678101,0.43484601378440857,0.43484602868556976,1,36367,37,1.9240005317418511e-13
46,17,0.34090894460678101,0.3409089595079422,0.43484601378440857,0.43484602868556976,1,36349,37,8.7691984116150248e-15
47,17,0.3409089595079422,0.34090897440910339,0.43484601378440857,0.43484602868556976,1,36311,37,2.206158825922784e-13
48,17,0.34090897440910339,0.34090898931026459,0.43484601378440857,0.43484602868556976,1,36293,37,5.1003464085036036e-14
49,17,0.34090898931026459,0.34090900421142578,0.43484601378440857,0.43484602868556976,1,36351,37,2.8499852390982161e-15
50,17,0.34090900421142578,0.34090901911258698,0.43484601378440857,0.43484602868556976,1,36279,38,2.5476903249782511e-13
51,17,0.34090901911258698,0.34090903401374817,0.43484601378440857,0.43484602868556976,1,36279,38,9.3925759094401038e-14
52,17,0.34090903401374817,0.34090904891490936,0.43484601378440857,0.43484602868556976,1,36271,38,2.3088275066494604e-14
53,17,0.34090904891490936,0.34090906381607056,0.43484601378440857,0.43484602868556976,1,36287,38,6.4395397998295787e-14
54,17,0.34090906381607056,0.34090907871723175,0.43484601378440857,0.43484602868556976,1,36291,38,2.858861357017419e-14
55,17,0.34090907871723175,0.34090909361839294,0.43484601378440857,0.43484602868556976,1,36305,38,3.0513331203199003e-13
56,17,0.34090909361839294,0.34090910851955414,0.43484601378440857,0.43484602868556976,1,36261,38,2.2111245456661963e-13
57,17,0.34090910851955414,0.34090912342071533,0.43484601378440857,0.43484602868556976,1,36307,38,1.895670847186915e-13
58,17,0.34090912342071533,0.34090913832187653,0.43484601378440857,0.43484602868556976,1,36245,38,3.6837222249161437e-13
59,17,0.34090913832187653,0.34090915322303772,0.43484601378440857,0.43484602868556976,1,36303,38,2.8859139710410614e-13
60,17,0.34090915322303772,0.34090916812419891,0.43484601378440857,0.43484602868556976,1,36299,38,2.245134112027281e-14
61,17,0.34090916812419891,0.34090918302536011,0.43484601378440857,0.43484602868556976,1,36295,38,1.1933121284644805e-13
62,17,0.34090918302536011,0.3409091979265213,0.43484601378440857,0.43484602868556976,1,36261,38,6.1557010524385202e-14
63,17,0.3409091979265213,0.3409092128276825,0.43484601378440857,0.43484602868556976,1,36287,38,3.1826289261809228e-14
0,18,0.34090825915336609,0.34090827405452728,0.43484602868556976,0.43484604358673096,1,36561,38,1.5303440215130401e-15
1,18,0.34090827405452728,0.34090828895568848,0.43484602868556976,0.43484604358673096,1,36559,38,3.186788183241396e-13
2,18,0.34090828895568848,0.34090830385684967,0.43484602868556976,0.43484604358673096,1,36585,38,4.7911060953658286e-13
3,18,0.34090830385684967,0.34090831875801086,0.43484602868556976,0.43484604358673096,1,36567,38,8.6499266578357112e-14
4,18,0.34090831875801086,0.34090833365917206,0.43484602868556976,0.43484604358673096,1,36557,38,6.7266449868727015e-14
5,18,0.34090833365917206,0.34090834856033325,0.43484602868556976,0.43484604358673096,1,36567,38,9.6680209439779943e-16
6,18,0.34090834856033325,0.34090836346149445,0.43484602868556976,0.43484604358673096,1,36531,38,5.5810408854615617e-14
7,18,0.34090836346149445,0.34090837836265564,0.43484602868556976,0.43484604358673096,1,36557,38,2.2129938446277646e-14
8,18,0.34090837836265564,0.34090839326381683,0.43484602868556976,0.43484604358673096,1,36537,38,9.9523755295761839e-14
9,18,0.34090839326381683,0.34090840816497803,0.43484602868556976,0.43484604358673096,1,36563,37,7.092160410146679e-14
10,18,0.34090840816497803,0.34090842306613922,0.43484602868556976,0.43484604358673096,1,36521,37,5.628809279052366e-15
11,18,0.34090842306613922,0.34090843796730042,0.43484602868556976,0.43484604358673096,1,36485,37,9.0649863248792054e-14
12,18,0.34090843796730042,0.34090845286846161,0.43484602868556976,0.43484604358673096,1,36509,37,8.1141443711009833e-14
13,18,0.34090845286846161,0.3409084677696228,0.43484602868556976,0.43484604358673096,1,36517,37,1.2059986463779217e-14
14,18,0.3409084677696228,0.340908482670784,0.43484602868556976,0.43484604358673096,1,36521,37,2.3231321885103221e-14
15,18,0.340908482670784,0.34090849757194519,0.43484602868556976,0.43484604358673096,1,36485,37,1.5586099293004635e-14
16,18,0.34090849757194519,0.34090851247310638,0.43484602868556976,0.43484604358673096,1,36493,37,2.7546028013619247e-14
17,18,0.34090851247310638,0.34090852737426758,0.43484602868556976,0.43484604358673096,1,36475,37,8.5951639940337273e-14
18,18,0.34090852737426758,0.34090854227542877,0.43484602868556976,0.43484604358673096,1,36461,37,3.2271248785242994e-14
19,18,0.34090854227542877,0.34090855717658997,0.43484602868556976,0.43484604358673096,1,36457,37,9.4317554289664279e-14
20,18,0.34090855717658997,0.34090857207775116,0.43484602868556976,0.43484604358673096,1,36459,37,1.1069601706995885e-13
21,18,0.34090857207775116,0.34090858697891235,0.43484602868556976,0.43484604358673096,1,36439,37,5.0058643676936794e-16
22,18,0.34090858697891235,0.34090860188007355,0.43484602868556976,0.43484604358673096,1,36427,37,8.8691496894939013e-14
23,18,0.34090860188007355,0.34090861678123474,0.43484602868556976,0.43484604358673096,1,36419,37,5.0503655478211126e-14
24,18,0.34090861678123474,0.34090863168239594,0.43484602868556976,0.43484604358673096,1,36409,37,3.2676422636972957e-14
25,18,0.34090863168239594,0.34090864658355713,0.43484602868556976,0.43484604358673096,1,36419,37,3.1224664100139901e-14
26,18,0.34090864658355713,0.34090866148471832,0.43484602868556976,0.43484604358673096,1,36421,37,4.5534222779833219e-14
27,18,0.34090866148471832,0.34090867638587952,0.43484602868556976,0.43484604358673096,1,36393,37,1.3998840678012034e-13
28,18,0.34090867638587952,0.34090869128704071,0.43484602868556976,0.43484604358673096,1,36435,37,9.711224008125491e-14
29,18,0.34090869128704071,0.3409087061882019,0.43484602868556976,0.43484604358673096,1,36359,37,5.7108790043203589e-14
30,18,0.3409087061882019,0.3409087210893631,0.43484602868556976,0.43484604358673096,1,36377,37,1.172686900060931e-13
31,18,0.3409087210893631,0.34090873599052429,0.43484602868556976,0.43484604358673096,1,36383,37,4.602660932322014e-15
32,18,0.34090873599052429,0.34090875089168549,0.43484602868556976,0.43484604358673096,1,36381,37,3.6964650768280878e-14
33,18,0.34090875089168549,0.34090876579284668,0.43484602868556976,0.43484604358673096,1,36407,37,2.3904202180876555e-15
34,18,0.34090876579284668,0.34090878069400787,0.43484602868556976,0.43484604358673096,1,36377,37,4.463254020359119e-14
35,18,0.34090878069400787,0.34090879559516907,0.43484602868556976,0.43484604358673096,1,36339,37,8.9089003405031429e-14
36,18,0.34090879559516907,0.34090881049633026,0.43484602868556976,0.43484604358673096,1,36349,37,5.240116233235892e-15
37,18,0.34090881049633026,0.34090882539749146,0.43484602868556976,0.43484604358673096,1,36377,37,6.6873293220460794e-15
38,18,0.34090882539749146,0.34090884029865265,0.43484602868556976,0.43484604358673096,1,36371,37,5.018362665943837e-14
39,18,0.34090884029865265,0.34090885519981384,0.43484602868556976,0.43484604358673096,1,36333,37,5.6521653965346723e-14
40,18,0.34090885519981384,0.34090887010097504,0.43484602868556976,0.43484604358673096,1,36327,37,6.2922056570485697e-14
41,18,0.34090887010097504,0.34090888500213623,0.43484602868556976,0.43484604358673096,1,36331,37,3.2051528893597017e-14
42,18,0.34090888500213623,0.34090889990329742,0.43484602868556976,0.43484604358673096,1,36363,37,1.2936491414252235e-13
43,18,0.34090889990329742,0.34090891480445862,0.43484602868556976,0.43484604358673096,1,36371,37,4.0853349198381693e-14
44,18,0.34090891480445862,0.34090892970561981,0.43484602868556976,0.43484604358673096,1,36355,37,4.6101362896497742e-16
45,18,0.34090892970561981,0.34090894460678101,0.43484602868556976,0.43484604358673096,1,36363,37,2.6777651122390573e-13
46,18,0.34090894460678101,0.3409089595079422,0.43484602868556976,0.43484604358673096,1,36353,37,1.2550871500785367e-13
47,18,0.3409089595079422,0.34090897440910339,0.43484602868556976,0.43484604358673096,1,36323,37,4.7644487566076044e-15
48,18,0.34090897440910339,0.34090898931026459,0.43484602868556976,0.43484604358673096,1,36311,37,1.3071023910021368e-13
49,18,0.34090898931026459,0.34090900421142578,0.43484602868556976,0.43484604358673096,1,36277,37,5.2017959234294621e-14
50,18,0.34090900421142578,0.34090901911258698,0.43484602868556976,0.43484604358673096,1,36293,38,1.762198368879531e-13
51,18,0.34090901911258698,0.34090903401374817,0.43484602868556976,0.43484604358673096,1,36277,38,8.0585988441395208e-14
52,18,0.34090903401374817,0.34090904891490936,0.43484602868556976,0.43484604358673096,1,36273,38,1.6809811381750459e-14
53,18,0.34090904891490936,0.34090906381607056,0.43484602868556976,0.43484604358673096,1,36299,38,8.6139643736584425e-14
54,18,0.34090906381607056,0.34090907871723175,0.43484602868556976,0.43484604358673096,1,36267,38,1.6501908128100119e-13
55,18,0.34090907871723175,0.34090909361839294,0.43484602868556976,0.43484604358673096,1,36303,38,1.1407421670950691e-13
56,18,0.34090909361839294,0.34090910851955414,0.43484602868556976,0.43484604358673096,1,36245,38,4.672320396680708e-14
57,18,0.34090910851955414,0.34090912342071533,0.43484602868556976,0.43484604358673096,1,36265,38,1.6752010076665194e-14
58,18,0.34090912342071533,0.34090913832187653,0.43484602868556976,0.43484604358673096,1,36267,38,2.6586065647039028e-13
59,18,0.34090913832187653,0.34090915322303772,0.43484602868556976,0.43484604358673096,1,36289,38,3.0764276200732915e-13
60,18,0.34090915322303772,0.34090916812419891,0.43484602868556976,0.43484604358673096,1,36299,38,1.3191716192195429e-13
61,18,0.34090916812419891,0.34090918302536011,0.43484602868556976,0.43484604358673096,1,36261,38,6.2581580950717142e-14
62,18,0.34090918302536011,0.3409091979265213,0.43484602868556976,0.43484604358673096,1,36287,38,7.5434347624205496e-14
63,18,0.3409091979265213,0.3409092128276825,0.43484602868556976,0.43484604358673096,1,36261,38,1.5746363109095218e-13
0,19,0.34090825915336609,0.34090827405452728,0.43484604358673096,0.43484605848789215,1,36575,38,1.944127946777028e-13
1,19,0.34090827405452728,0.34090828895568848,0.43484604358673096,0.43484605848789215,1,36585,38,1.5340108115286698e-14
2,19,0.34090828895568848,0.34090830385684967,0.43484604358673096,0.43484605848789215,1,36583,38,1.3726035991818226e-14
3,19,0.34090830385684967,0.34090831875801086,0.43484604358673096,0.43484605848789215,1,36537,38,2.0014763621616877e-14
4,19,0.34090831875801086,0.34090833365917206,0.43484604358673096,0.43484605848789215,1,36551,38,2.7381096866241652e-13
5,19,0.34090833365917206,0.34090834856033325,0.43484604358673096,0.43484605848789215,1,36557,38,5.0562947448266777e-14
6,19,0.34090834856033325,0.34090836346149445,0.43484604358673096,0.43484605848789215,1,36587,38,1.8079015165134829e-14
7,19,0.34090836346149445,0.34090837836265564,0.43484604358673096,0.43484605848789215,1,36495,38,1.9762569470678659e-14
8,19,0.34090837836265564,0.34090839326381683,0.43484604358673096,0.43484605848789215,1,36479,37,2.7696091566140933e-14
9,19,0.34090839326381683,0.34090840816497803,0.43484604358673096,0.43484605848789215,1,36497,37,2.4214482497637077e-14
10,19,0.34090840816497803,0.34090842306613922,0.43484604358673096,0.43484605848789215,1,36503,37,4.2786434555263292e-14
11,19,0.34090842306613922,0.34090843796730042,0.43484604358673096,0.43484605848789215,1,36487,37,9.1546412884602111e-15
12,19,0.34090843796730042,0.34090845286846161,0.43484604358673096,0.43484605848789215,1,36471,37,3.4828822998420308e-14
13,19,0.34090845286846161,0.3409084677696228,0.43484604358673096,0.43484605848789215,1,36493,37,6.697399284768342e-15
14,19,0.3409084677696228,0.340908482670784,0.43484604358673096,0.43484605848789215,1,36451,37,2.5833095730559645e-14
15,19,0.340908482670784,0.34090849757194519,0.43484604358673096,0.43484605848789215,1,36445,37,5.2231013919447427e-14
16,19,0.34090849757194519,0.34090851247310638,0.43484604358673096,0.43484605848789215,1,36447,37,2.737559042553558e-14
17,19,0.34090851247310638,0.34090852737426758,0.43484604358673096,0.43484605848789215,1,36461,37,9.0141760931911585e-14
18,19,0.34090852737426758,0.34090854227542877,0.43484604358673096,0.43484605848789215,1,36431,37,1.2717394384665107e-15
19,19,0.34090854227542877,0.34090855717658997,0.43484604358673096,0.43484605848789215,1,36451,37,5.8447213825864713e-14
20,19,0.34090855717658997,0.34090857207775116,0.43484604358673096,0.43484605848789215,1,36455,37,7.0603985854480471e-16
21,19,0.34090857207775116,0.34090858697891235,0.43484604358673096,0.43484605848789215,1,36403,37,9.6443163185415807e-14
22,19,0.34090858697891235,0.34090860188007355,0.43484604358673096,0.43484605848789215,1,36393,37,1.9621662088259156e-14
23,19,0.34090860188007355,0.34090861678123474,0.43484604358673096,0.43484605848789215,1,36431,37,2.4414417856829171e-13
24,19,0.34090861678123474,0.34090863168239594,0.43484604358673096,0.43484605848789215,1,36409,37,5.4426819369621869e-14
25,19,0.34090863168239594,0.34090864658355713,0.43484604358673096,0.43484605848789215,1,36405,37,5.6942371586439781e-14
26,19,0.34090864658355713,0.34090866148471832,0.43484604358673096,0.43484605848789215,1,36445,37,1.7466889005630822e-14
27,19,0.34090866148471832,0.34090867638587952,0.43484604358673096,0.43484605848789215,1,36433,37,5.1396596119463923e-14
28,19,0.34090867638587952,0.34090869128704071,0.43484604358673096,0.43484605848789215,1,36403,37,1.1697088314854868e-14
29,19,0.34090869128704071,0.3409087061882019,0.43484604358673096,0.43484605848789215,1,36373,37,1.7711776967176199e-13
30,19,0.3409087061882019,0.3409087210893631,0.43484604358673096,0.43484605848789215,1,36379,37,4.4223471091710514e-14
31,19,0.3409087210893631,0.34090873599052429,0.43484604358673096,0.43484605848789215,1,36391,37,9.4089096275510976e-14
32,19,0.34090873599052429,0.34090875089168549,0.43484604358673096,0.43484605848789215,1,36405,37,3.8995817877831282e-14
33,19,0.34090875089168549,0.34090876579284668,0.43484604358673096,0.43484605848789215,1,36359,37,2.0833515547166596e-14
34,19,0.34090876579284668,0.34090878069400787,0.43484604358673096,0.43484605848789215,1,36333,37,1.8646913161133595e-13
35,19,0.34090878069400787,0.34090879559516907,0.43484604358673096,0.43484605848789215,1,36357,37,2.2718859909353398e-13
36,19,0.34090879559516907,0.34090881049633026,0.43484604358673096,0.43484605848789215,1,36393,37,2.6747547186569649e-13
37,19,0.34090881049633026,0.34090882539749146,0.43484604358673096,0.43484605848789215,1,36363,37,6.6164304295411837e-14
38,19,0.34090882539749146,0.34090884029865265,0.43484604358673096,0.43484605848789215,1,36353,37,1.056933540363284e-13
39,19,0.34090884029865265,0.34090885519981384,0.43484604358673096,0.43484605848789215,1,36355,37,8.4056290505601764e-14
40,19,0.34090885519981384,0.34090887010097504,0.43484604358673096,0.43484605848789215,1,36347,37,4.1349335233571606e-14
41,19,0.34090887010097504,0.34090888500213623,0.43484604358673096,0.43484605848789215,1,36317,37,3.8149287278655455e-14
42,19,0.34090888500213623,0.34090889990329742,0.43484604358673096,0.43484605848789215,1,36291,37,2.3220370595253166e-13
43,19,0.34090889990329742,0.34090891480445862,0.43484604358673096,0.43484605848789215,1,36321,37,1.499734438813999e-13
44,19,0.34090891480445862,0.34090892970561981,0.43484604358673096,0.43484605848789215,1,36305,37,7.3592159673089169e-14
45,19,0.34090892970561981,0.34090894460678101,0.43484604358673096,0.43484605848789215,1,36331,37,1.4895204092663166e-13
46,19,0.34090894460678101,0.3409089595079422,0.43484604358673096,0.43484605848789215,1,36337,37,1.1076036703873923e-15
47,19,0.3409089595079422,0.34090897440910339,0.43484604358673096,0.43484605848789215,1,36347,37,1.035414068007306e-13
48,19,0.34090897440910339,0.34090898931026459,0.43484604358673096,0.43484605848789215,1,36275,37,4.3946052068334996e-14
49,19,0.34090898931026459,0.34090900421142578,0.43484604358673096,0.43484605848789215,1,36275,37,2.702479916843828e-14
50,19,0.34090900421142578,0.34090901911258698,0.43484604358673096,0.43484605848789215,1,36275,38,2.6530672984384717e-13
51,19,0.34090901911258698,0.34090903401374817,0.43484604358673096,0.43484605848789215,1,36313,38,4.7640211884895998e-14
52,19,0.34090903401374817,0.34090904891490936,0.43484604358673096,0.43484605848789215,1,36297,38,1.4673532287744399e-13
53,19,0.34090904891490936,0.34090906381607056,0.43484604358673096,0.43484605848789215,1,36271,38,4.5931872751398048e-13
54,19,0.34090906381607056,0.34090907871723175,0.43484604358673096,0.43484605848789215,1,36291,38,4.4944333392242567e-14
55,19,0.34090907871723175,0.34090909361839294,0.43484604358673096,0.43484605848789215,1,36273,38,1.2328323874230015e-13
56,19,0.34090909361839294,0.34090910851955414,0.43484604358673096,0.43484605848789215,1,36253,38,1.1899457842078671e-13
57,19,0.34090910851955414,0.34090912342071533,0.43484604358673096,0.43484605848789215,1,36267,38,1.9932706479919901e-14
58,19,0.34090912342071533,0.34090913832187653,0.43484604358673096,0.43484605848789215,1,36257,38,1.3436068041309074e-13
59,19,0.34090913832187653,0.34090915322303772,0.43484604358673096,0.43484605848789215,1,36247,38,1.3548655155442047e-14
60,19,0.34090915322303772,0.34090916812419891,0.43484604358673096,0.43484605848789215,1,36299,38,6.6348544108826113e-14
61,19,0.34090916812419891,0.34090918302536011,0.43484604358673096,0.43484605848789215,1,36273,38,2.7691952680626771e-14
62,19,0.34090918302536011,0.3409091979265213,0.43484604358673096,0.43484605848789215,1,36297,38,4.8261735477263326e-14
63,19,0.3409091979265213,0.3409092128276825,0.43484604358673096,0.43484605848789215,1,36231,38,2.8130818630604784e-13
0,20,0.34090825915336609,0.34090827405452728,0.43484605848789215,0.43484607338905334,1,36601,38,5.5284366226670632e-14
1,20,0.34090827405452728,0.34090828895568848,0.43484605848789215,0.43484607338905334,1,36591,38,1.4498287488567506e-14
2,20,0.34090828895568848,0.34090830385684967,0.43484605848789215,0.43484607338905334,1,36565,38,1.2653221018002001e-13
3,20,0.34090830385684967,0.34090831875801086,0.43484605848789215,0.43484607338905334,1,36561,38,2.2808139758436717e-13
4,20,0.34090831875801086,0.34090833365917206,0.43484605848789215,0.43484607338905334,1,36541,38,1.9163220750946235e-13
5,20,0.34090833365917206,0.34090834856033325,0.43484605848789215,0.43484607338905334,1,36559,38,6.3247466830572729e-15
6,20,0.34090834856033325,0.34090836346149445,0.43484605848789215,0.43484607338905334,1,36509,38,5.7933899060927618e-15
7,20,0.34090836346149445,0.34090837836265564,0.43484605848789215,0.43484607338905334,1,36501,37,1.1358421076585381e-14
8,20,0.34090837836265564,0.34090839326381683,0.43484605848789215,0.43484607338905334,1,36549,37,1.9506407647822152e-13
9,20,0.34090839326381683,0.34090840816497803,0.43484605848789215,0.43484607338905334,1,36519,37,3.5396348893691912e-14
10,20,0.34090840816497803,0.34090842306613922,0.43484605848789215,0.43484607338905334,1,36527,37,4.1793359798416692e-14
11,20,0.34090842306613922,0.34090843796730042,0.43484605848789215,0.43484607338905334,1,36475,37,3.6802640759392422e-14
12,20,0.34090843796730042,0.34090845286846161,0.43484605848789215,0.43484607338905334,1,36529,37,5.271770173588141e-14
13,20,0.34090845286846161,0.3409084677696228,0.43484605848789215,0.43484607338905334,1,36533,36,3.5719459024957156e-14
14,20,0.3409084677696228,0.340908482670784,0.43484605848789215,0.43484607338905334,1,36515,37,8.3440230914017464e-15
15,20,0.340908482670784,0.34090849757194519,0.43484605848789215,0.43484607338905334,1,36453,37,7.2532723390888382e-14
16,20,0.34090849757194519,0.34090851247310638,0.43484605848789215,0.43484607338905334,1,36435,37,1.5323252056090127e-14
17,20,0.34090851247310638,0.34090852737426758,0.43484605848789215,0.43484607338905334,1,36431,37,1.4332520538001419e-14
18,20,0.34090852737426758,0.34090854227542877,0.43484605848789215,0.43484607338905334,1,36453,37,6.5393469141277192e-15
19,20,0.34090854227542877,0.34090855717658997,0.43484605848789215,0.43484607338905334,1,36409,37,2.7657607432228033e-14
20,20,0.34090855717658997,0.34090857207775116,0.43484605848789215,0.43484607338905334,1,36431,37,4.349225062716318e-14
21,20,0.34090857207775116,0.34090858697891235,0.43484605848789215,0.43484607338905334,1,36397,37,3.0710282048984995e-13
22,20,0.34090858697891235,0.34090860188007355,0.43484605848789215,0.43484607338905334,1,36415,37,7.0930507428660538e-14
23,20,0.34090860188007355,0.34090861678123474,0.43484605848789215,0.43484607338905334,1,36391,37,1.2172977357083504e-13
24,20,0.34090861678123474,0.34090863168239594,0.43484605848789215,0.43484607338905334,1,36467,37,8.3896958029691326e-15
25,20,0.34090863168239594,0.34090864658355713,0.43484605848789215,0.43484607338905334,1,36389,37,4.1910639854458672e-14
26,20,0.34090864658355713,0.34090866148471832,0.43484605848789215,0.43484607338905334,1,36371,37,9.3277418582180982e-14
27,20,0.34090866148471832,0.34090867638587952,0.43484605848789215,0.43484607338905334,1,36411,37,6.4772764390107197e-14
28,20,0.34090867638587952,0.34090869128704071,0.43484605848789215,0.43484607338905334,1,36405,37,1.9208585744917686e-14
29,20,0.34090869128704071,0.3409087061882019,0.43484605848789215,0.43484607338905334,1,36423,37,9.9770167063498256e-14
30,20,0.3409087061882019,0.3409087210893631,0.43484605848789215,0.43484607338905334,1,36355,37,3.5126780418656046e-14
31,20,0.3409087210893631,0.34090873599052429,0.43484605848789215,0.43484607338905334,1,36425,37,4.470479706736921e-14
32,20,0.34090873599052429,0.34090875089168549,0.43484605848789215,0.43484607338905334,1,36395,37,6.1072227988757358e-14
33,20,0.34090875089168549,0.34090876579284668,0.43484605848789215,0.43484607338905334,1,36379,37,2.3421822086466879e-14
34,20,0.34090876579284668,0.34090878069400787,0.43484605848789215,0.43484607338905334,1,36389,37,1.464475775236984e-13
35,20,0.34090878069400787,0.34090879559516907,0.43484605848789215,0.43484607338905334,1,36371,37,4.5303572491235374e-14
36,20,0.34090879559516907,0.34090881049633026,0.43484605848789215,0.43484607338905334,1,36335,37,9.2236852771766115e-15
37,20,0.34090881049633026,0.34090882539749146,0.43484605848789215,0.43484607338905334,1,36353,37,8.8440247146174486e-14
38,20,0.34090882539749146,0.34090884029865265,0.43484605848789215,0.43484607338905334,1,36381,37,6.7886568931866091e-14
39,20,0.34090884029865265,0.34090885519981384,0.43484605848789215,0.43484607338905334,1,36335,37,8.7293757392629312e-17
40,20,0.34090885519981384,0.34090887010097504,0.43484605848789215,0.43484607338905334,1,36303,37,5.1425066279556931e-14
41,20,0.34090887010097504,0.34090888500213623,0.43484605848789215,0.43484607338905334,1,36321,37,2.1007604605287705e-13
42,20,0.34090888500213623,0.34090889990329742,0.43484605848789215,0.43484607338905334,1,36295,37,2.4605963818936417e-13
43,20,0.34090889990329742,0.34090891480445862,0.43484605848789215,0.43484607338905334,1,36319,37,3.3361950137178776e-14
44,20,0.34090891480445862,0.34090892970561981,0.43484605848789215,0.43484607338905334,1,36313,37,1.7436904759151949e-15
45,20,0.34090892970561981,0.34090894460678101,0.43484605848789215,0.43484607338905334,1,36303,37,2.2926100777830435e-14
46,20,0.34090894460678101,0.3409089595079422,0.43484605848789215,0.43484607338905334,1,36333,37,6.4985351070625196e-14
47,20,0.3409089595079422,0.34090897440910339,0.43484605848789215,0.43484607338905334,1,36273,37,2.2227011399883194e-14
48,20,0.34090897440910339,0.34090898931026459,0.43484605848789215,0.43484607338905334,1,36295,37,3.6894443876397671e-15
49,20,0.34090898931026459,0.34090900421142578,0.43484605848789215,0.43484607338905334,1,36273,37,8.0073474485479982e-14
50,20,0.34090900421142578,0.34090901911258698,0.43484605848789215,0.43484607338905334,1,36287,38,7.491679771612929e-15
51,20,0.34090901911258698,0.34090903401374817,0.43484605848789215,0.43484607338905334,1,36259,38,1.1925243124230484e-13
52,20,0.34090903401374817,0.34090904891490936,0.43484605848789215,0.43484607338905334,1,36243,38,4.0422485728758477e-14
53,20,0.34090904891490936,0.34090906381607056,0.43484605848789215,0.43484607338905334,1,36267,38,1.9476673686370797e-13
54,20,0.34090906381607056,0.34090907871723175,0.43484605848789215,0.43484607338905334,1,36255,38,2.0288759737146191e-13
55,20,0.34090907871723175,0.34090909361839294,0.43484605848789215,0.43484607338905334,1,36277,38,3.9360365114187344e-14
56,20,0.34090909361839294,0.34090910851955414,0.43484605848789215,0.43484607338905334,1,36225,38,7.0759514405345617e-14
57,20,0.34090910851955414,0.34090912342071533,0.43484605848789215,0.43484607338905334,1,36291,38,1.0641248113984942e-13
58,20,0.34090912342071533,0.34090913832187653,0.43484605848789215,0.43484607338905334,1,36263,38,3.2591440505420988e-14
59,20,0.34090913832187653,0.34090915322303772,0.43484605848789215,0.43484607338905334,1,36241,38,7.2498659930657834e-14
60,20,0.34090915322303772,0.34090916812419891,0.43484605848789215,0.43484607338905334,1,36257,38,1.0778740790985886e-14
61,20,0.34090916812419891,0.34090918302536011,0.43484605848789215,0.43484607338905334,1,36285,38,1.4547732677447038e-14
62,20,0.34090918302536011,0.3409091979265213,0.43484605848789215,0.43484607338905334,1,36251,38,7.5147321643970529e-14
63,20,0.3409091979265213,0.3409092128276825,0.43484605848789215,0.43484607338905334,1,36243,38,9.2066901643760394e-14
0,21,0.34090825915336609,0.34090827405452728,0.43484607338905334,0.43484608829021454,1,36569,38,9.6971978613747781e-14
1,21,0.34090827405452728,0.34090828895568848,0.43484607338905334,0.43484608829021454,1,36559,38,2.4196970380755782e-14
2,21,0.34090828895568848,0.34090830385684967,0.43484607338905334,0.43484608829021454,1,36535,38,1.8539604485562616e-13
3,21,0.34090830385684967,0.34090831875801086,0.43484607338905334,0.43484608829021454,1,36519,38,2.7955556543906269e-14
4,21,0.34090831875801086,0.34090833365917206,0.43484607338905334,0.43484608829021454,1,36543,38,8.3331205377208825e-14
5,21,0.34090833365917206,0.34090834856033325,0.43484607338905334,0.43484608829021454,1,36551,38,6.9800513162651083e-14
6,21,0.34090834856033325,0.34090836346149445,0.43484607338905334,0.43484608829021454,1,36519,38,6.1813441738775239e-14
7,21,0.34090836346149445,0.34090837836265564,0.43484607338905334,0.43484608829021454,1,36509,37,1.4012105984014641e-13
8,21,0.34090837836265564,0.34090839326381683,0.43484607338905334,0.43484608829021454,1,36543,37,3.5265323898124572e-14
9,21,0.34090839326381683,0.34090840816497803,0.43484607338905334,0.43484608829021454,1,36517,37,5.8917069940886058e-14
10,21,0.34090840816497803,0.34090842306613922,0.43484607338905334,0.43484608829021454,1,36481,37,8.5411413096185713e-14
11,21,0.34090842306613922,0.34090843796730042,0.43484607338905334,0.43484608829021454,1,36521,37,1.2161365384047153e-13
12,21,0.34090843796730042,0.34090845286846161,0.43484607338905334,0.43484608829021454,1,36457,36,2.7741775396243598e-14
13,21,0.34090845286846161,0.3409084677696228,0.43484607338905334,0.43484608829021454,1,36465,36,2.3909306731434631e-13
14,21,0.3409084677696228,0.340908482670784,0.43484607338905334,0.43484608829021454,1,36479,36,4.9167308098366315e-14
15,21,0.340908482670784,0.34090849757194519,0.43484607338905334,0.43484608829021454,1,36459,37,2.3032466529243734e-13
16,21,0.34090849757194519,0.34090851247310638,0.43484607338905334,0.43484608829021454,1,36481,37,3.4277368546863769e-14
17,21,0.34090851247310638,0.34090852737426758,0.43484607338905334,0.43484608829021454,1,36445,37,3.2933743679281183e-14
18,21,0.34090852737426758,0.34090854227542877,0.43484607338905334,0.43484608829021454,1,36457,37,1.7300576605047309e-14
19,21,0.34090854227542877,0.34090855717658997,0.43484607338905334,0.43484608829021454,1,36401,37,3.6099698140822351e-15
20,21,0.34090855717658997,0.34090857207775116,0.43484607338905334,0.43484608829021454,1,36411,37,9.5045258819289181e-14
21,21,0.34090857207775116,0.34090858697891235,0.43484607338905334,0.43484608829021454,1,36391,37,9.7848448129042191e-14
22,21,0.34090858697891235,0.34090860188007355,0.43484607338905334,0.43484608829021454,1,36389,37,2.733050772280935e-14
23,21,0.34090860188007355,0.34090861678123474,0.43484607338905334,0.43484608829021454,1,36379,37,6.5716374907547707e-13
24,21,0.34090861678123474,0.34090863168239594,0.43484607338905334,0.43484608829021454,1,36397,37,1.5191386526922307e-13
25,21,0.34090863168239594,0.34090864658355713,0.43484607338905334,0.43484608829021454,1,36379,37,6.5322382949701383e-14
26,21,0.34090864658355713,0.34090866148471832,0.43484607338905334,0.43484608829021454,1,36413,37,1.2144905950832147e-13
27,21,0.34090866148471832,0.34090867638587952,0.43484607338905334,0.43484608829021454,1,36363,37,2.4907212250246935e-14
28,21,0.34090867638587952,0.34090869128704071,0.43484607338905334,0.43484608829021454,1,36377,37,2.2421431419777321e-13
29,21,0.34090869128704071,0.3409087061882019,0.43484607338905334,0.43484608829021454,1,36357,37,9.2655330771882386e-14
30,21,0.3409087061882019,0.3409087210893631,0.43484607338905334,0.43484608829021454,1,36387,37,1.447410359513202e-13
31,21,0.3409087210893631,0.34090873599052429,0.43484607338905334,0.43484608829021454,1,36365,37,1.1174543656178976e-13
32,21,0.34090873599052429,0.34090875089168549,0.43484607338905334,0.43484608829021454,1,36369,37,2.5573728975989083e-13
33,21,0.34090875089168549,0.34090876579284668,0.43484607338905334,0.43484608829021454,1,36349,37,1.6447606578616668e-13
34,21,0.34090876579284668,0.34090878069400787,0.43484607338905334,0.43484608829021454,1,36331,37,3.3889434749910869e-14
35,21,0.34090878069400787,0.34090879559516907,0.43484607338905334,0.43484608829021454,1,36337,37,1.7003616585497886e-13
36,21,0.34090879559516907,0.34090881049633026,0.43484607338905334,0.43484608829021454,1,36361,37,2.9382312515831681e-14
37,21,0.34090881049633026,0.34090882539749146,0.43484607338905334,0.43484608829021454,1,36303,37,8.1681245019837159e-14
38,21,0.34090882539749146,0.34090884029865265,0.43484607338905334,0.43484608829021454,1,36321,37,5.0750290825687447e-14
39,21,0.34090884029865265,0.34090885519981384,0.43484607338905334,0.43484608829021454,1,36295,37,3.2788525991167811e-14
40,21,0.34090885519981384,0.34090887010097504,0.43484607338905334,0.43484608829021454,1,36309,37,4.0964735586381226e-15
41,21,0.34090887010097504,0.34090888500213623,0.43484607338905334,0.43484608829021454,1,36299,37,8.9775341941242328e-16
42,21,0.34090888500213623,0.34090889990329742,0.43484607338905334,0.43484608829021454,1,36321,37,4.0265041347981108e-13
43,21,0.34090889990329742,0.34090891480445862,0.43484607338905334,0.43484608829021454,1,36287,37,2.262197336439502e-13
44,21,0.34090891480445862,0.34090892970561981,0.43484607338905334,0.43484608829021454,1,36311,37,1.8222486876736085e-14
45,21,0.34090892970561981,0.34090894460678101,0.43484607338905334,0.43484608829021454,1,36307,37,3.3645193789679435e-14
46,21,0.34090894460678101,0.3409089595079422,0.43484607338905334,0.43484608829021454,1,36299,37,2.9710098543513478e-13
47,21,0.3409089595079422,0.34090897440910339,0.43484607338905334,0.43484608829021454,1,36321,37,8.5072663457918841e-14
48,21,0.34090897440910339,0.34090898931026459,0.43484607338905334,0.43484608829021454,1,36311,37,2.4925067359162194e-14
49,21,0.34090898931026459,0.34090900421142578,0.43484607338905334,0.43484608829021454,1,36259,37,1.1654975445583676e-14
50,21,0.34090900421142578,0.34090901911258698,0.43484607338905334,0.43484608829021454,1,36267,37,1.5033315199097284e-14
51,21,0.34090901911258698,0.34090903401374817,0.43484607338905334,0.43484608829021454,1,36265,38,3.1861146265350135e-13
52,21,0.34090903401374817,0.34090904891490936,0.43484607338905334,0.43484608829021454,1,36287,38,3.2105397752581896e-14
53,21,0.34090904891490936,0.34090906381607056,0.43484607338905334,0.43484608829021454,1,36293,38,2.8553628232763987e-13
54,21,0.34090906381607056,0.34090907871723175,0.43484607338905334,0.43484608829021454,1,36299,38,1.4566034491719948e-14
55,21,0.34090907871723175,0.34090909361839294,0.43484607338905334,0.43484608829021454,1,36255,38,3.0606781115337542e-14
56,21,0.34090909361839294,0.34090910851955414,0.43484607338905334,0.43484608829021454,1,36275,38,6.4780971444443909e-15
57,21,0.34090910851955414,0.34090912342071533,0.43484607338905334,0.43484608829021454,1,36303,38,1.6885629024115578e-14
58,21,0.34090912342071533,0.34090913832187653,0.43484607338905334,0.43484608829021454,1,36251,38,1.1302915157864095e-13
59,21,0.34090913832187653,0.34090915322303772,0.43484607338905334,0.43484608829021454,1,36239,38,1.3090296596499603e-14
60,21,0.34090915322303772,0.34090916812419891,0.43484607338905334,0.43484608829021454,1,36233,38,1.0458687247345827e-13
61,21,0.34090916812419891,0.34090918302536011,0.43484607338905334,0.43484608829021454,1,36285,38,6.3809935046908914e-14
62,21,0.34090918302536011,0.3409091979265213,0.43484607338905334,0.43484608829021454,1,36271,38,8.2664684201413986e-14
63,21,0.3409091979265213,0.3409092128276825,0.43484607338905334,0.43484608829021454,1,36277,38,1.7913435357287006e-14
0,22,0.34090825915336609,0.34090827405452728,0.43484608829021454,0.43484610319137573,1,36587,38,8.6203113086739181e-15
1,22,0.34090827405452728,0.34090828895568848,0.43484608829021454,0.43484610319137573,1,36535,38,6.2802246416380319e-14
2,22,0.34090828895568848,0.34090830385684967,0.43484608829021454,0.43484610319137573,1,36553,38,9.2912438268022291e-14
3,22,0.34090830385684967,0.34090831875801086,0.43484608829021454,0.43484610319137573,1,36547,38,5.710749242595799e-15
4,22,0.34090831875801086,0.34090833365917206,0.43484608829021454,0.43484610319137573,1,36537,38,5.1787998607823296e-15
5,22,0.34090833365917206,0.34090834856033325,0.43484608829021454,0.43484610319137573,1,36511,38,5.6750766031029426e-14
6,22,0.34090834856033325,0.34090836346149445,0.43484608829021454,0.43484610319137573,1,36491,37,1.5617769719684293e-14
7,22,0.34090836346149445,0.34090837836265564,0.43484608829021454,0.43484610319137573,1,36507,37,8.6074050805586832e-15
8,22,0.34090837836265564,0.34090839326381683,0.43484608829021454,0.43484610319137573,1,36491,37,6.5194409906458148e-14
9,22,0.34090839326381683,0.34090840816497803,0.43484608829021454,0.43484610319137573,1,36491,37,1.5626700162646928e-14
10,22,0.34090840816497803,0.34090842306613922,0.43484608829021454,0.43484610319137573,1,36469,37,3.4076019409204494e-14
11,22,0.34090842306613922,0.34090843796730042,0.43484608829021454,0.43484610319137573,1,36493,36,5.6977746324448324e-15
12,22,0.34090843796730042,0.34090845286846161,0.43484608829021454,0.43484610319137573,1,36473,36,1.0656108224270913e-13
13,22,0.34090845286846161,0.3409084677696228,0.43484608829021454,0.43484610319137573,1,36485,36,1.7062025055889505e-14
14,22,0.3409084677696228,0.340908482670784,0.43484608829021454,0.43484610319137573,1,36495,36,1.1754999540542813e-13
15,22,0.340908482670784,0.34090849757194519,0.43484608829021454,0.43484610319137573,1,36459,37,7.1835935894852679e-14
16,22,0.34090849757194519,0.34090851247310638,0.43484608829021454,0.43484610319137573,1,36425,37,2.3775039209322374e-14
17,22,0.34090851247310638,0.34090852737426758,0.43484608829021454,0.43484610319137573,1,36425,37,2.0881113798107743e-14
18,22,0.34090852737426758,0.34090854227542877,0.43484608829021454,0.43484610319137573,1,36413,37,6.310093877701311e-14
19,22,0.34090854227542877,0.34090855717658997,0.43484608829021454,0.43484610319137573,1,36445,37,7.7528730610903856e-14
20,22,0.34090855717658997,0.34090857207775116,0.43484608829021454,0.43484610319137573,1,36431,37,8.1489035809412592e-14
21,22,0.34090857207775116,0.34090858697891235,0.43484608829021454,0.43484610319137573,1,36379,37,2.199051352504573e-13
22,22,0.34090858697891235,0.34090860188007355,0.43484608829021454,0.43484610319137573,1,36409,37,1.528259536667805e-14
23,22,0.34090860188007355,0.34090861678123474,0.43484608829021454,0.43484610319137573,1,36423,37,6.4135894952153547e-14
24,22,0.34090861678123474,0.34090863168239594,0.43484608829021454,0.43484610319137573,1,36367,37,4.070567505610132e-14
25,22,0.34090863168239594,0.34090864658355713,0.43484608829021454,0.43484610319137573,1,36393,37,1.5979528795867757e-13
26,22,0.34090864658355713,0.34090866148471832,0.43484608829021454,0.43484610319137573,1,36391,37,6.8650407359531662e-14
27,22,0.34090866148471832,0.34090867638587952,0.43484608829021454,0.43484610319137573,1,36361,37,1.3099648132157082e-13
28,22,0.34090867638587952,0.34090869128704071,0.43484608829021454,0.43484610319137573,1,36387,37,6.0942539829375521e-14
29,22,0.34090869128704071,0.3409087061882019,0.43484608829021454,0.43484610319137573,1,36413,37,1.5195378955920122e-14
30,22,0.3409087061882019,0.3409087210893631,0.43484608829021454,0.43484610319137573,1,36363,37,1.9314980721529342e-13
31,22,0.3409087210893631,0.34090873599052429,0.43484608829021454,0.43484610319137573,1,36345,37,3.7919684709584276e-14
32,22,0.34090873599052429,0.34090875089168549,0.43484608829021454,0.43484610319137573,1,36371,37,3.8751420530921129e-13
33,22,0.34090875089168549,0.34090876579284668,0.43484608829021454,0.43484610319137573,1,36323,37,1.3832265546925202e-13
34,22,0.34090876579284668,0.34090878069400787,0.43484608829021454,0.43484610319137573,1,36355,37,1.9293680744172101e-14
35,22,0.34090878069400787,0.34090879559516907,0.43484608829021454,0.43484610319137573,1,36333,37,4.6216315809133278e-14
36,22,0.34090879559516907,0.34090881049633026,0.43484608829021454,0.43484610319137573,1,36383,37,1.2672741603524988e-13
37,22,0.34090881049633026,0.34090882539749146,0.43484608829021454,0.43484610319137573,1,36329,37,4.4925602340249625e-14
38,22,0.34090882539749146,0.34090884029865265,0.43484608829021454,0.43484610319137573,1,36363,37,2.0018532533980914e-14
39,22,0.34090884029865265,0.34090885519981384,0.43484608829021454,0.43484610319137573,1,36295,37,7.1571323450691735e-14
40,22,0.34090885519981384,0.34090887010097504,0.43484608829021454,0.43484610319137573,1,36313,37,4.5356291567049154e-14
41,22,0.34090887010097504,0.34090888500213623,0.43484608829021454,0.43484610319137573,1,36309,37,8.2318778975804521e-14
42,22,0.34090888500213623,0.34090889990329742,0.43484608829021454,0.43484610319137573,1,36255,37,2.0705755658402921e-13
43,22,0.34090889990329742,0.34090891480445862,0.43484608829021454,0.43484610319137573,1,36325,37,1.1833008155551135e-13
44,22,0.34090891480445862,0.34090892970561981,0.43484608829021454,0.43484610319137573,1,36301,37,2.4847291101482072e-14
45,22,0.34090892970561981,0.34090894460678101,0.43484608829021454,0.43484610319137573,1,36271,37,1.6673722373083083e-14
46,22,0.34090894460678101,0.3409089595079422,0.43484608829021454,0.43484610319137573,1,36279,37,3.9835878780677857e-14
47,22,0.3409089595079422,0.34090897440910339,0.43484608829021454,0.43484610319137573,1,36273,37,9.068844221600889e-14
48,22,0.34090897440910339,0.34090898931026459,0.43484608829021454,0.43484610319137573,1,36287,37,9.6343925262474953e-14
49,22,0.34090898931026459,0.34090900421142578,0.43484608829021454,0.43484610319137573,1,36309,37,9.9042440187246599e-15
50,22,0.34090900421142578,0.34090901911258698,0.43484608829021454,0.43484610319137573,1,36251,37,1.4386480089608911e-13
51,22,0.34090901911258698,0.34090903401374817,0.43484608829021454,0.43484610319137573,1,36267,38,1.9953080509678693e-14
52,22,0.34090903401374817,0.34090904891490936,0.43484608829021454,0.43484610319137573,1,36245,38,9.6969492790736696e-14
53,22,0.34090904891490936,0.34090906381607056,0.43484608829021454,0.43484610319137573,1,36267,38,1.2152425062096191e-14
54,22,0.34090906381607056,0.34090907871723175,0.43484608829021454,0.43484610319137573,1,36297,38,6.33132018891358e-14
55,22,0.34090907871723175,0.34090909361839294,0.43484608829021454,0.43484610319137573,1,36271,38,6.8893829825968691e-14
56,22,0.34090909361839294,0.34090910851955414,0.43484608829021454,0.43484610319137573,1,36247,38,4.3829216071196158e-14
57,22,0.34090910851955414,0.34090912342071533,0.43484608829021454,0.43484610319137573,1,36241,38,2.0286838202510495e-14
58,22,0.34090912342071533,0.34090913832187653,0.43484608829021454,0.43484610319137573,1,36229,38,9.5776527366643525e-14
59,22,0.34090913832187653,0.34090915322303772,0.43484608829021454,0.43484610319137573,1,36297,38,1.2443383513126762e-13
60,22,0.34090915322303772,0.34090916812419891,0.43484608829021454,0.43484610319137573,1,36295,38,7.2922200044971182e-14
61,22,0.34090916812419891,0.34090918302536011,0.43484608829021454,0.43484610319137573,1,36235,38,4.7374293471698837e-14
62,22,0.34090918302536011,0.3409091979265213,0.43484608829021454,0.43484610319137573,1,36261,38,3.2550606659803408e-14
63,22,0.3409091979265213,0.3409092128276825,0.43484608829021454,0.43484610319137573,1,36215,38,3.3411007558191718e-14
0,23,0.34090825915336609,0.34090827405452728,0.43484610319137573,0.43484611809253693,1,36549,38,6.4182629918455629e-14
1,23,0.34090827405452728,0.34090828895568848,0.43484610319137573,0.43484611809253693,1,36535,38,7.4963475017005152e-15
2,23,0.34090828895568848,0.34090830385684967,0.43484610319137573,0.43484611809253693,1,36535,38,1.0200080465398613e-13
3,23,0.34090830385684967,0.34090831875801086,0.43484610319137573,0.43484611809253693,1,36517,38,2.3715687980561397e-14
4,23,0.34090831875801086,0.34090833365917206,0.43484610319137573,0.43484611809253693,1,36515,38,1.0434817803406476e-13
5,23,0.34090833365917206,0.34090834856033325,0.43484610319137573,0.43484611809253693,1,36503,37,3.9367303532443012e-14
6,23,0.34090834856033325,0.34090836346149445,0.43484610319137573,0.43484611809253693,1,36485,37,1.0279302075223765e-13
7,23,0.34090836346149445,0.34090837836265564,0.43484610319137573,0.43484611809253693,1,36495,37,3.4003646589264266e-14
8,23,0.34090837836265564,0.34090839326381683,0.43484610319137573,0.43484611809253693,1,36471,37,5.7240108803415795e-15
9,23,0.34090839326381683,0.34090840816497803,0.43484610319137573,0.43484611809253693,1,36481,37,4.3142601608438601e-14
10,23,0.34090840816497803,0.34090842306613922,0.43484610319137573,0.43484611809253693,1,36441,37,9.1606260896092855e-14
11,23,0.34090842306613922,0.34090843796730042,0.43484610319137573,0.43484611809253693,1,36473,36,1.013289899137374e-14
12,23,0.34090843796730042,0.34090845286846161,0.43484610319137573,0.43484611809253693,1,36463,36,5.9075157719988003e-14
13,23,0.34090845286846161,0.3409084677696228,0.43484610319137573,0.43484611809253693,1,36473,36,2.4442285809728664e-15
14,23,0.3409084677696228,0.340908482670784,0.43484610319137573,0.43484611809253693,1,36421,36,3.2632386260180856e-14
15,23,0.340908482670784,0.34090849757194519,0.43484610319137573,0.43484611809253693,1,36463,37,2.1694127733261659e-14
16,23,0.34090849757194519,0.34090851247310638,0.43484610319137573,0.43484611809253693,1,36411,37,6.7471407838247472e-15
17,23,0.34090851247310638,0.34090852737426758,0.43484610319137573,0.43484611809253693,1,36431,37,4.38387892290228e-15
18,23,0.34090852737426758,0.34090854227542877,0.43484610319137573,0.43484611809253693,1,36451,37,4.0295584315592548e-14
19,23,0.34090854227542877,0.34090855717658997,0.43484610319137573,0.43484611809253693,1,36403,37,2.0594133017599924e-13
20,23,0.34090855717658997,0.34090857207775116,0.43484610319137573,0.43484611809253693,1,36385,37,2.1533840197582188e-15
21,23,0.34090857207775116,0.34090858697891235,0.43484610319137573,0.43484611809253693,1,36385,37,5.477679751567335e-13
22,23,0.34090858697891235,0.34090860188007355,0.43484610319137573,0.43484611809253693,1,36393,37,5.1955273832926719e-14
23,23,0.34090860188007355,0.34090861678123474,0.43484610319137573,0.43484611809253693,1,36403,37,9.1010731175702213e-15
24,23,0.34090861678123474,0.34090863168239594,0.43484610319137573,0.43484611809253693,1,36397,37,7.0695211237087199e-14
25,23,0.34090863168239594,0.34090864658355713,0.43484610319137573,0.43484611809253693,1,36367,37,1.0307498226929585e-13
26,23,0.34090864658355713,0.34090866148471832,0.43484610319137573,0.43484611809253693,1,36361,37,1.8309329070933195e-15
27,23,0.34090866148471832,0.34090867638587952,0.43484610319137573,0.43484611809253693,1,36391,37,9.1576990509687936e-15
28,23,0.34090867638587952,0.34090869128704071,0.43484610319137573,0.43484611809253693,1,36393,37,1.8006546792405091e-14
29,23,0.34090869128704071,0.3409087061882019,0.43484610319137573,0.43484611809253693,1,36381,37,2.8377467056242154e-14
30,23,0.3409087061882019,0.3409087210893631,0.43484610319137573,0.43484611809253693,1,36403,37,4.0270475701483949e-14
31,23,0.3409087210893631,0.34090873599052429,0.43484610319137573,0.43484611809253693,1,36339,37,5.3685569847932828e-14
32,23,0.34090873599052429,0.34090875089168549,0.43484610319137573,0.43484611809253693,1,36349,37,5.703839671883361e-14
33,23,0.34090875089168549,0.34090876579284668,0.43484610319137573,0.43484611809253693,1,36375,37,8.5081999348079297e-14
34,23,0.34090876579284668,0.34090878069400787,0.43484610319137573,0.43484611809253693,1,36357,37,1.0239894798393652e-13
35,23,0.34090878069400787,0.34090879559516907,0.43484610319137573,0.43484611809253693,1,36377,37,2.8830151493433064e-14
36,23,0.34090879559516907,0.34090881049633026,0.43484610319137573,0.43484611809253693,1,36331,37,2.8109379235129605e-14
37,23,0.34090881049633026,0.34090882539749146,0.43484610319137573,0.43484611809253693,1,36349,37,1.517032592781102e-13
38,23,0.34090882539749146,0.34090884029865265,0.43484610319137573,0.43484611809253693,1,36277,37,1.4758062580287814e-13
39,23,0.34090884029865265,0.34090885519981384,0.43484610319137573,0.43484611809253693,1,36315,37,8.2861072978893341e-14
40,23,0.34090885519981384,0.34090887010097504,0.43484610319137573,0.43484611809253693,1,36321,37,6.4205260817299625e-14
41,23,0.34090887010097504,0.34090888500213623,0.43484610319137573,0.43484611809253693,1,36321,37,2.7155095820684789e-13
42,23,0.34090888500213623,0.34090889990329742,0.43484610319137573,0.43484611809253693,1,36285,37,2.3591456802197719e-14
43,23,0.34090889990329742,0.34090891480445862,0.43484610319137573,0.43484611809253693,1,36277,37,3.9519981689440912e-14
44,23,0.34090891480445862,0.34090892970561981,0.43484610319137573,0.43484611809253693,1,36271,37,1.1128375468485981e-15
45,23,0.34090892970561981,0.34090894460678101,0.43484610319137573,0.43484611809253693,1,36263,37,4.4011259611413253e-14
46,23,0.34090894460678101,0.3409089595079422,0.43484610319137573,0.43484611809253693,1,36275,37,5.4744561111468319e-14
47,23,0.3409089595079422,0.34090897440910339,0.43484610319137573,0.43484611809253693,1,36247,37,2.5117913335729695e-14
48,23,0.34090897440910339,0.34090898931026459,0.43484610319137573,0.43484611809253693,1,36247,37,7.147608776536722e-14
49,23,0.34090898931026459,0.34090900421142578,0.43484610319137573,0.43484611809253693,1,36269,37,2.2738137735402045e-15
50,23,0.34090900421142578,0.34090901911258698,0.43484610319137573,0.43484611809253693,1,36263,37,7.5456910704944143e-14
51,23,0.34090901911258698,0.34090903401374817,0.43484610319137573,0.43484611809253693,1,36281,38,2.9401831097805933e-14
52,23,0.34090903401374817,0.34090904891490936,0.43484610319137573,0.43484611809253693,1,36247,38,1.402291275866402e-13
53,23,0.34090904891490936,0.34090906381607056,0.43484610319137573,0.43484611809253693,1,36243,38,2.5257840846384244e-13
54,23,0.34090906381607056,0.34090907871723175,0.43484610319137573,0.43484611809253693,1,36261,38,1.3712827871613761e-13
55,23,0.34090907871723175,0.34090909361839294,0.43484610319137573,0.43484611809253693,1,36273,38,1.822848248018412e-14
56,23,0.34090909361839294,0.34090910851955414,0.43484610319137573,0.43484611809253693,1,36261,38,2.94781975166113e-14
57,23,0.34090910851955414,0.34090912342071533,0.43484610319137573,0.43484611809253693,1,36255,38,1.5836388186153662e-13
58,23,0.34090912342071533,0.34090913832187653,0.43484610319137573,0.43484611809253693,1,36269,38,2.5629193888419928e-13
59,23,0.34090913832187653,0.34090915322303772,0.43484610319137573,0.43484611809253693,1,36241,38,1.8704266997582883e-14
60,23,0.34090915322303772,0.34090916812419891,0.43484610319137573,0.43484611809253693,1,36215,38,4.2779337845586569e-14
61,23,0.34090916812419891,0.34090918302536011,0.43484610319137573,0.43484611809253693,1,36255,38,3.2821343896674327e-14
62,23,0.34090918302536011,0.3409091979265213,0.43484610319137573,0.43484611809253693,1,36229,38,1.4851744215144172e-14
63,23,0.3409091979265213,0.3409092128276825,0.43484610319137573,0.43484611809253693,1,36233,38,2.4048288977460797e-14
0,24,0.34090825915336609,0.34090827405452728,0.43484611809253693,0.43484613299369812,1,36521,38,6.7689809945150863e-14
1,24,0.34090827405452728,0.34090828895568848,0.43484611809253693,0.43484613299369812,1,36527,38,2.1264903617913769e-14
2,24,0.34090828895568848,0.34090830385684967,0.43484611809253693,0.43484613299369812,1,36537,38,4.970320164236297e-14
3,24,0.34090830385684967,0.34090831875801086,0.43484611809253693,0.43484613299369812,1,36559,38,4.3054049398886286e-14
4,24,0.34090831875801086,0.34090833365917206,0.43484611809253693,0.43484613299369812,1,36479,38,6.4660412743486018e-14
5,24,0.34090833365917206,0.34090834856033325,0.43484611809253693,0.43484613299369812,1,36523,37,3.0707530252835347e-14
6,24,0.34090834856033325,0.34090836346149445,0.43484611809253693,0.43484613299369812,1,36495,37,2.7476334982586981e-14
7,24,0.34090836346149445,0.34090837836265564,0.43484611809253693,0.43484613299369812,1,36461,37,9.5022988625194873e-14
8,24,0.34090837836265564,0.34090839326381683,0.43484611809253693,0.43484613299369812,1,36483,37,2.4670347219215813e-14
9,24,0.34090839326381683,0.34090840816497803,0.43484611809253693,0.43484613299369812,1,36497,37,2.3592477807099321e-14
10,24,0.34090840816497803,0.34090842306613922,0.43484611809253693,0.43484613299369812,1,36451,36,1.3612906814426366e-13
11,24,0.34090842306613922,0.34090843796730042,0.43484611809253693,0.43484613299369812,1,36463,36,7.8127279362854504e-14
12,24,0.34090843796730042,0.34090845286846161,0.43484611809253693,0.43484613299369812,1,36453,36,3.3280722598460466e-14
13,24,0.34090845286846161,0.3409084677696228,0.43484611809253693,0.43484613299369812,1,36449,36,3.3601773043105129e-15
14,24,0.3409084677696228,0.340908482670784,0.43484611809253693,0.43484613299369812,1,36443,36,6.3817274034620503e-14
15,24,0.340908482670784,0.34090849757194519,0.43484611809253693,0.43484613299369812,1,36453,37,1.5847400735199471e-13
16,24,0.34090849757194519,0.34090851247310638,0.43484611809253693,0.43484613299369812,1,36433,37,1.2952257547045603e-13
17,24,0.34090851247310638,0.34090852737426758,0.43484611809253693,0.43484613299369812,1,36457,37,2.9961556016883589e-14
18,24,0.34090852737426758,0.34090854227542877,0.43484611809253693,0.43484613299369812,1,36435,37,9.763484536098515e-14
19,24,0.34090854227542877,0.34090855717658997,0.43484611809253693,0.43484613299369812,1,36459,37,8.5386240096936097e-14
20,24,0.34090855717658997,0.34090857207775116,0.43484611809253693,0.43484613299369812,1,36409,37,3.5211441567766709e-14
21,24,0.34090857207775116,0.34090858697891235,0.43484611809253693,0.43484613299369812,1,36389,37,1.2630568184793547e-14
22,24,0.34090858697891235,0.34090860188007355,0.43484611809253693,0.43484613299369812,1,36405,37,1.2217819188770316e-14
23,24,0.34090860188007355,0.34090861678123474,0.43484611809253693,0.43484613299369812,1,36377,37,7.3267759047437039e-14
24,24,0.34090861678123474,0.34090863168239594,0.43484611809253693,0.43484613299369812,1,36383,37,6.1576855804269826e-14
25,24,0.34090863168239594,0.34090864658355713,0.43484611809253693,0.43484613299369812,1,36379,37,2.3931172831791176e-13
26,24,0.34090864658355713,0.34090866148471832,0.43484611809253693,0.43484613299369812,1,36383,37,1.7754242000076456e-13
27,24,0.34090866148471832,0.34090867638587952,0.43484611809253693,0.43484613299369812,1,36375,37,3.6114132652339984e-13
28,24,0.34090867638587952,0.34090869128704071,0.43484611809253693,0.43484613299369812,1,36355,37,6.5800052850919985e-14
29,24,0.34090869128704071,0.3409087061882019,0.43484611809253693,0.43484613299369812,1,36383,37,1.5470605709589292e-13
30,24,0.3409087061882019,0.3409087210893631,0.43484611809253693,0.43484613299369812,1,36383,37,1.9194449857992096e-13
31,24,0.3409087210893631,0.34090873599052429,0.43484611809253693,0.43484613299369812,1,36355,37,6.1185806014097881e-16
32,24,0.34090873599052429,0.34090875089168549,0.43484611809253693,0.43484613299369812,1,36355,37,1.1135063185598984e-13
33,24,0.34090875089168549,0.34090876579284668,0.43484611809253693,0.43484613299369812,1,36351,37,2.3553744109958641e-16
34,24,0.34090876579284668,0.34090878069400787,0.43484611809253693,0.43484613299369812,1,36329,37,6.9516599659245142e-14
35,24,0.34090878069400787,0.34090879559516907,0.43484611809253693,0.43484613299369812,1,36367,37,2.4580211242229066e-14
36,24,0.34090879559516907,0.34090881049633026,0.43484611809253693,0.43484613299369812,1,36339,37,7.2887937537348854e-14
37,24,0.34090881049633026,0.34090882539749146,0.43484611809253693,0.43484613299369812,1,36317,37,1.6363622855541343e-14
38,24,0.34090882539749146,0.34090884029865265,0.43484611809253693,0.43484613299369812,1,36337,37,3.3642970131285134e-13
39,24,0.34090884029865265,0.34090885519981384,0.43484611809253693,0.43484613299369812,1,36299,37,3.654463541736279e-14
40,24,0.34090885519981384,0.34090887010097504,0.43484611809253693,0.43484613299369812,1,36295,37,2.113270161455723e-13
41,24,0.34090887010097504,0.34090888500213623,0.43484611809253693,0.43484613299369812,1,36299,37,2.4686153189139278e-13
42,24,0.34090888500213623,0.34090889990329742,0.43484611809253693,0.43484613299369812,1,36279,37,4.3700480624374358e-14
43,24,0.34090889990329742,0.34090891480445862,0.43484611809253693,0.43484613299369812,1,36263,37,1.0723677333373392e-13
44,24,0.34090891480445862,0.34090892970561981,0.43484611809253693,0.43484613299369812,1,36309,37,9.2839177614535105e-14
45,24,0.34090892970561981,0.34090894460678101,0.43484611809253693,0.43484613299369812,1,36291,37,2.0960887264732999e-14
46,24,0.34090894460678101,0.3409089595079422,0.43484611809253693,0.43484613299369812,1,36279,37,1.8365628906605555e-14
47,24,0.3409089595079422,0.34090897440910339,0.43484611809253693,0.43484613299369812,1,36249,37,5.0381912387656433e-14
48,24,0.34090897440910339,0.34090898931026459,0.43484611809253693,0.43484613299369812,1,36271,37,4.4748805987387216e-15
49,24,0.34090898931026459,0.34090900421142578,0.43484611809253693,0.43484613299369812,1,36279,37,1.1073622111366094e-13
50,24,0.34090900421142578,0.34090901911258698,0.43484611809253693,0.43484613299369812,1,36275,37,2.7597031919013929e-14
51,24,0.34090901911258698,0.34090903401374817,0.43484611809253693,0.43484613299369812,1,36277,38,2.1578642382305786e-13
52,24,0.34090903401374817,0.34090904891490936,0.43484611809253693,0.43484613299369812,1,36265,38,4.8040349079338747e-15
53,24,0.34090904891490936,0.34090906381607056,0.43484611809253693,0.43484613299369812,1,36225,38,3.1379852432743555e-14
54,24,0.34090906381607056,0.34090907871723175,0.43484611809253693,0.43484613299369812,1,36247,38,2.8764456464934796e-14
55,24,0.34090907871723175,0.34090909361839294,0.43484611809253693,0.43484613299369812,1,36251,38,3.0974578509974876e-13
56,24,0.34090909361839294,0.34090910851955414,0.43484611809253693,0.43484613299369812,1,36247,38,2.0077661608266495e-14
57,24,0.34090910851955414,0.34090912342071533,0.43484611809253693,0.43484613299369812,1,36243,38,1.1303252691530299e-13
58,24,0.34090912342071533,0.34090913832187653,0.43484611809253693,0.43484613299369812,1,36275,38,2.07509360045763e-13
59,24,0.34090913832187653,0.34090915322303772,0.43484611809253693,0.43484613299369812,1,36241,38,3.3571768197437931e-14
60,24,0.34090915322303772,0.34090916812419891,0.43484611809253693,0.43484613299369812,1,36255,38,1.4158280698510878e-14
61,24,0.34090916812419891,0.34090918302536011,0.43484611809253693,0.43484613299369812,1,36239,38,2.015106779353251e-14
62,24,0.34090918302536011,0.3409091979265213,0.43484611809253693,0.43484613299369812,1,36281,38,1.9947193509926906e-14
63,24,0.3409091979265213,0.3409092128276825,0.43484611809253693,0.43484613299369812,1,36259,38,1.2520222788324381e-14
0,25,0.34090825915336609,0.34090827405452728,0.43484613299369812,0.43484614789485931,1,36513,38,3.5619618497851054e-14
1,25,0.34090827405452728,0.34090828895568848,0.43484613299369812,0.43484614789485931,1,36543,38,1.6175536954644229e-13
2,25,0.34090828895568848,0.34090830385684967,0.43484613299369812,0.43484614789485931,1,36527,38,1.4106954459733854e-15
3,25,0.34090830385684967,0.34090831875801086,0.43484613299369812,0.43484614789485931,1,36475,38,2.1934219636003228e-14
4,25,0.34090831875801086,0.34090833365917206,0.43484613299369812,0.43484614789485931,1,36493,37,1.2840736674986165e-13
5,25,0.34090833365917206,0.34090834856033325,0.43484613299369812,0.43484614789485931,1,36479,37,3.7654269892907314e-14
6,25,0.34090834856033325,0.34090836346149445,0.43484613299369812,0.43484614789485931,1,36489,37,1.8788134562312378e-14
7,25,0.34090836346149445,0.34090837836265564,0.43484613299369812,0.43484614789485931,1,36469,37,1.0900908271930522e-15
8,25,0.34090837836265564,0.34090839326381683,0.43484613299369812,0.43484614789485931,1,36455,37,1.6455771500586746e-13
9,25,0.34090839326381683,0.34090840816497803,0.43484613299369812,0.43484614789485931,1,36441,36,3.5852865180072176e-14
10,25,0.34090840816497803,0.34090842306613922,0.43484613299369812,0.43484614789485931,1,36443,36,5.2974803103078265e-14
11,25,0.34090842306613922,0.34090843796730042,0.43484613299369812,0.43484614789485931,1,36449,36,8.6787289036405906e-15
12,25,0.34090843796730042,0.34090845286846161,0.43484613299369812,0.43484614789485931,1,36445,36,4.7414223279146162e-14
13,25,0.34090845286846161,0.3409084677696228,0.43484613299369812,0.43484614789485931,1,36411,36,3.4233108197504983e-14
14,25,0.3409084677696228,0.340908482670784,0.43484613299369812,0.43484614789485931,1,36463,36,1.3762567351209514e-14
15,25,0.340908482670784,0.34090849757194519,0.43484613299369812,0.43484614789485931,1,36443,36,4.5831301759151392e-14
16,25,0.34090849757194519,0.34090851247310638,0.43484613299369812,0.43484614789485931,1,36427,37,4.4008471170679085e-14
17,25,0.34090851247310638,0.34090852737426758,0.43484613299369812,0.43484614789485931,1,36413,37,1.9493417564128855e-14
18,25,0.34090852737426758,0.34090854227542877,0.43484613299369812,0.43484614789485931,1,36431,37,4.1132737075403311e-14
19,25,0.34090854227542877,0.34090855717658997,0.43484613299369812,0.43484614789485931,1,36375,37,2.9617633370260273e-14
20,25,0.34090855717658997,0.34090857207775116,0.43484613299369812,0.43484614789485931,1,36393,37,3.0835590552721532e-13
21,25,0.34090857207775116,0.34090858697891235,0.43484613299369812,0.43484614789485931,1,36413,37,1.0642145105896636e-13
22,25,0.34090858697891235,0.34090860188007355,0.43484613299369812,0.43484614789485931,1,36419,37,3.4572256362324308e-14
23,25,0.34090860188007355,0.34090861678123474,0.43484613299369812,0.43484614789485931,1,36381,37,1.615007127172424e-13
24,25,0.34090861678123474,0.34090863168239594,0.43484613299369812,0.43484614789485931,1,36345,37,9.231089974100456e-14
25,25,0.34090863168239594,0.34090864658355713,0.43484613299369812,0.43484614789485931,1,36403,37,4.6730428498454964e-14
26,25,0.34090864658355713,0.34090866148471832,0.43484613299369812,0.43484614789485931,1,36367,37,1.5103623107755481e-13
27,25,0.34090866148471832,0.34090867638587952,0.43484613299369812,0.43484614789485931,1,36373,37,5.3618635796891202e-14
28,25,0.34090867638587952,0.34090869128704071,0.43484613299369812,0.43484614789485931,1,36381,37,1.5639132730215293e-13
29,25,0.34090869128704071,0.3409087061882019,0.43484613299369812,0.43484614789485931,1,36357,37,1.1201610549245091e-14
30,25,0.3409087061882019,0.3409087210893631,0.43484613299369812,0.43484614789485931,1,36327,37,6.0689261642709067e-14
31,25,0.3409087210893631,0.34090873599052429,0.43484613299369812,0.43484614789485931,1,36327,37,1.3990735606016955e-14
32,25,0.34090873599052429,0.34090875089168549,0.43484613299369812,0.43484614789485931,1,36361,37,1.0578185930973021e-13
33,25,0.34090875089168549,0.34090876579284668,0.43484613299369812,0.43484614789485931,1,36339,37,5.2027608129566554e-15
34,25,0.34090876579284668,0.34090878069400787,0.43484613299369812,0.43484614789485931,1,36381,37,2.9922288210811123e-14
35,25,0.34090878069400787,0.34090879559516907,0.43484613299369812,0.43484614789485931,1,36329,37,1.0168534128023384e-14
36,25,0.34090879559516907,0.34090881049633026,0.43484613299369812,0.43484614789485931,1,36281,37,1.6744847255263021e-14
37,25,0.34090881049633026,0.34090882539749146,0.43484613299369812,0.43484614789485931,1,36327,37,7.511621360601561e-15
38,25,0.34090882539749146,0.34090884029865265,0.43484613299369812,0.43484614789485931,1,36271,37,7.3927298615902181e-14
39,25,0.34090884029865265,0.34090885519981384,0.43484613299369812,0.43484614789485931,1,36273,37,1.5280321218029603e-13
40,25,0.34090885519981384,0.34090887010097504,0.43484613299369812,0.43484614789485931,1,36265,37,9.8412937989035245e-14
41,25,0.34090887010097504,0.34090888500213623,0.43484613299369812,0.43484614789485931,1,36297,37,7.679634249981943e-14
42,25,0.34090888500213623,0.34090889990329742,0.43484613299369812,0.43484614789485931,1,36289,37,1.5130762511543886e-13
43,25,0.34090889990329742,0.34090891480445862,0.43484613299369812,0.43484614789485931,1,36293,37,3.3000641471842935e-14
44,25,0.34090891480445862,0.34090892970561981,0.43484613299369812,0.43484614789485931,1,36283,37,6.2853657046566203e-14
45,25,0.34090892970561981,0.34090894460678101,0.43484613299369812,0.43484614789485931,1,36247,37,1.0088598305198618e-14
46,25,0.34090894460678101,0.3409089595079422,0.43484613299369812,0.43484614789485931,1,36289,37,9.646318912055101e-14
47,25,0.3409089595079422,0.34090897440910339,0.43484613299369812,0.43484614789485931,1,36271,37,7.175323951361349e-14
48,25,0.34090897440910339,0.34090898931026459,0.43484613299369812,0.43484614789485931,1,36261,37,2.28053175497265e-14
49,25,0.34090898931026459,0.34090900421142578,0.43484613299369812,0.43484614789485931,1,36273,37,2.6701769864467432e-14
50,25,0.34090900421142578,0.34090901911258698,0.43484613299369812,0.43484614789485931,1,36231,37,6.8765942065618528e-14
51,25,0.34090901911258698,0.34090903401374817,0.43484613299369812,0.43484614789485931,1,36241,38,1.0559715509675072e-13
52,25,0.34090903401374817,0.34090904891490936,0.43484613299369812,0.43484614789485931,1,36281,38,2.6914840908495269e-13
53,25,0.34090904891490936,0.34090906381607056,0.43484613299369812,0.43484614789485931,1,36219,38,3.4438604715855623e-14
54,25,0.34090906381607056,0.34090907871723175,0.43484613299369812,0.43484614789485931,1,36267,38,1.2505977559019268e-13
55,25,0.34090907871723175,0.34090909361839294,0.43484613299369812,0.43484614789485931,1,36243,38,1.8430381730135097e-13
56,25,0.34090909361839294,0.34090910851955414,0.43484613299369812,0.43484614789485931,1,36233,38,1.5687067321358702e-13
57,25,0.34090910851955414,0.34090912342071533,0.43484613299369812,0.43484614789485931,1,36257,38,6.5251027333625673e-16
58,25,0.34090912342071533,0.34090913832187653,0.43484613299369812,0.43484614789485931,1,36229,38,2.5392196720366005e-14
59,25,0.34090913832187653,0.34090915322303772,0.43484613299369812,0.43484614789485931,1,36235,38,8.37042993731237e-14
60,25,0.34090915322303772,0.34090916812419891,0.43484613299369812,0.43484614789485931,1,36281,38,5.852395223154617e-14
61,25,0.34090916812419891,0.34090918302536011,0.43484613299369812,0.43484614789485931,1,36249,38,9.3634687057471035e-15
62,25,0.34090918302536011,0.3409091979265213,0.43484613299369812,0.43484614789485931,1,36221,38,2.4237433624168537e-14
63,25,0.3409091979265213,0.3409092128276825,0.43484613299369812,0.43484614789485931,1,36245,38,7.4595091486876137e-15
0,26,0.34090825915336609,0.34090827405452728,0.43484614789485931,0.43484616279602051,1,36509,38,1.1227183121576037e-14
1,26,0.34090827405452728,0.34090828895568848,0.43484614789485931,0.43484616279602051,1,36495,38,1.0130579429295388e-13
2,26,0.34090828895568848,0.34090830385684967,0.43484614789485931,0.43484616279602051,1,36483,38,5.2837153664048595e-14
3,26,0.34090830385684967,0.34090831875801086,0.43484614789485931,0.43484616279602051,1,36483,37,6.3669557828700255e-14
4,26,0.34090831875801086,0.34090833365917206,0.43484614789485931,0.43484616279602051,1,36501,37,2.4491421673571562e-13
5,26,0.34090833365917206,0.34090834856033325,0.43484614789485931,0.43484616279602051,1,36511,37,3.3422260764555446e-14
6,26,0.34090834856033325,0.34090836346149445,0.43484614789485931,0.43484616279602051,1,36485,37,9.6355807473888432e-14
7,26,0.34090836346149445,0.34090837836265564,0.43484614789485931,0.43484616279602051,1,36503,37,6.3945302557061293e-14
8,26,0.34090837836265564,0.34090839326381683,0.43484614789485931,0.43484616279602051,1,36467,37,9.6398929002739548e-15
9,26,0.34090839326381683,0.34090840816497803,0.43484614789485931,0.43484616279602051,1,36475,36,5.9866788385361517e-14
10,26,0.34090840816497803,0.34090842306613922,0.43484614789485931,0.43484616279602051,1,36447,36,6.3756497184113732e-15
11,26,0.34090842306613922,0.34090843796730042,0.43484614789485931,0.43484616279602051,1,36433,36,2.8530217775216519e-14
12,26,0.34090843796730042,0.34090845286846161,0.43484614789485931,0.43484616279602051,1,36443,36,8.9224149525640452e-14
13,26,0.34090845286846161,0.3409084677696228,0.43484614789485931,0.43484616279602051,1,36451,36,1.4100295720615634e-13
14,26,0.3409084677696228,0.340908482670784,0.43484614789485931,0.43484616279602051,1,36461,36,1.2609053728087409e-14
15,26,0.340908482670784,0.34090849757194519,0.43484614789485931,0.43484616279602051,1,36415,36,1.4539019431117089e-13
16,26,0.34090849757194519,0.34090851247310638,0.43484614789485931,0.43484616279602051,1,36411,37,8.3778290582149361e-14
17,26,0.34090851247310638,0.34090852737426758,0.43484614789485931,0.43484616279602051,1,36413,37,6.8152998800335646e-14
18,26,0.34090852737426758,0.34090854227542877,0.43484614789485931,0.43484616279602051,1,36403,37,1.3905191570239316e-13
19,26,0.34090854227542877,0.34090855717658997,0.43484614789485931,0.43484616279602051,1,36411,37,5.6288205140314109e-14
20,26,0.34090855717658997,0.34090857207775116,0.43484614789485931,0.43484616279602051,1,36383,37,2.5830611088854883e-13
21,26,0.34090857207775116,0.34090858697891235,0.43484614789485931,0.43484616279602051,1,36383,37,1.0001325857516607e-13
22,26,0.34090858697891235,0.34090860188007355,0.43484614789485931,0.43484616279602051,1,36391,37,2.448943594162172e-14
23,26,0.34090860188007355,0.34090861678123474,0.43484614789485931,0.43484616279602051,1,36359,37,1.2230968190598706e-14
24,26,0.34090861678123474,0.34090863168239594,0.43484614789485931,0.43484616279602051,1,36349,37,2.712445676071328e-14
25,26,0.34090863168239594,0.34090864658355713,0.43484614789485931,0.43484616279602051,1,36373,37,1.2943770610022333e-14
26,26,0.34090864658355713,0.34090866148471832,0.43484614789485931,0.43484616279602051,1,36343,37,1.4197349011131834e-13
27,26,0.34090866148471832,0.34090867638587952,0.43484614789485931,0.43484616279602051,1,36339,37,1.1643529386004101e-13
28,26,0.34090867638587952,0.34090869128704071,0.43484614789485931,0.43484616279602051,1,36385,37,9.3035878958523111e-14
29,26,0.34090869128704071,0.3409087061882019,0.43484614789485931,0.43484616279602051,1,36323,37,1.238112648713018e-13
30,26,0.3409087061882019,0.3409087210893631,0.43484614789485931,0.43484616279602051,1,36357,37,9.6906383248018375e-14
31,26,0.3409087210893631,0.34090873599052429,0.43484614789485931,0.43484616279602051,1,36357,37,1.1663839080668242e-13
32,26,0.34090873599052429,0.34090875089168549,0.43484614789485931,0.43484616279602051,1,36311,37,1.3626524575062441e-14
33,26,0.34090875089168549,0.34090876579284668,0.43484614789485931,0.43484616279602051,1,36345,37,1.1691856985515413e-14
34,26,0.34090876579284668,0.34090878069400787,0.43484614789485931,0.43484616279602051,1,36291,37,8.3171905876730722e-15
35,26,0.34090878069400787,0.34090879559516907,0.43484614789485931,0.43484616279602051,1,36319,37,1.7274686932986535e-14
36,26,0.34090879559516907,0.34090881049633026,0.43484614789485931,0.43484616279602051,1,36327,37,3.9281419059882148e-14
37,26,0.34090881049633026,0.34090882539749146,0.43484614789485931,0.43484616279602051,1,36283,37,2.4397389418190924e-13
38,26,0.34090882539749146,0.34090884029865265,0.43484614789485931,0.43484616279602051,1,36289,37,1.7690257084936201e-13
39,26,0.34090884029865265,0.34090885519981384,0.43484614789485931,0.43484616279602051,1,36279,37,9.478745716289859e-15
40,26,0.34090885519981384,0.34090887010097504,0.43484614789485931,0.43484616279602051,1,36279,37,2.1278844738802599e-13
41,26,0.34090887010097504,0.34090888500213623,0.43484614789485931,0.43484616279602051,1,36271,37,1.466716920557917e-15
42,26,0.34090888500213623,0.34090889990329742,0.43484614789485931,0.43484616279602051,1,36245,37,2.8058933561961096e-16
43,26,0.34090889990329742,0.34090891480445862,0.43484614789485931,0.43484616279602051,1,36263,37,9.7410032296629742e-14
44,26,0.34090891480445862,0.34090892970561981,0.43484614789485931,0.43484616279602051,1,36247,37,6.2070747066794095e-14
45,26,0.34090892970561981,0.34090894460678101,0.43484614789485931,0.43484616279602051,1,36243,37,2.9623485985284329e-13
46,26,0.34090894460678101,0.3409089595079422,0.43484614789485931,0.43484616279602051,1,36235,37,1.4994002708973696e-14
47,26,0.3409089595079422,0.34090897440910339,0.43484614789485931,0.43484616279602051,1,36241,37,1.2923403726305287e-13
48,26,0.34090897440910339,0.34090898931026459,0.43484614789485931,0.43484616279602051,1,36257,37,1.4414191200549473e-13
49,26,0.34090898931026459,0.34090900421142578,0.43484614789485931,0.43484616279602051,1,36233,37,3.3735304856339818e-13
50,26,0.34090900421142578,0.34090901911258698,0.43484614789485931,0.43484616279602051,1,36261,37,5.5562162466603641e-14
51,26,0.34090901911258698,0.34090903401374817,0.43484614789485931,0.43484616279602051,1,36217,38,7.8492810600290863e-14
52,26,0.34090903401374817,0.34090904891490936,0.43484614789485931,0.43484616279602051,1,36209,38,1.0502718154101105e-13
53,26,0.34090904891490936,0.34090906381607056,0.43484614789485931,0.43484616279602051,1,36263,38,8.3539146199179972e-15
54,26,0.34090906381607056,0.34090907871723175,0.43484614789485931,0.43484616279602051,1,36269,38,6.9781736721978384e-14
55,26,0.34090907871723175,0.34090909361839294,0.43484614789485931,0.43484616279602051,1,36257,38,5.2172635109328547e-14
56,26,0.34090909361839294,0.34090910851955414,0.43484614789485931,0.43484616279602051,1,36269,38,3.6542470130903887e-13
57,26,0.34090910851955414,0.34090912342071533,0.43484614789485931,0.43484616279602051,1,36231,38,5.8375308989847466e-14
58,26,0.34090912342071533,0.34090913832187653,0.43484614789485931,0.43484616279602051,1,36223,38,1.428235138719905e-13
59,26,0.34090913832187653,0.34090915322303772,0.43484614789485931,0.43484616279602051,1,36249,38,1.6188085599658867e-13
60,26,0.34090915322303772,0.34090916812419891,0.43484614789485931,0.43484616279602051,1,36249,38,2.3400776031055793e-13
61,26,0.34090916812419891,0.34090918302536011,0.43484614789485931,0.43484616279602051,1,36211,38,4.5852168789020551e-16
62,26,0.34090918302536011,0.3409091979265213,0.43484614789485931,0.43484616279602051,1,36279,38,6.722508143709477e-16
63,26,0.3409091979265213,0.3409092128276825,0.43484614789485931,0.43484616279602051,1,36243,38,1.7204984362382379e-14
0,27,0.34090825915336609,0.34090827405452728,0.43484616279602051,0.4348461776971817,1,36509,38,3.5861581433403984e-14
1,27,0.34090827405452728,0.34090828895568848,0.43484616279602051,0.4348461776971817,1,36499,38,1.7737571708461433e-14
2,27,0.34090828895568848,0.34090830385684967,0.43484616279602051,0.4348461776971817,1,36473,37,2.8290832373038991e-14
3,27,0.34090830385684967,0.34090831875801086,0.43484616279602051,0.4348461776971817,1,36475,37,2.1996463219605938e-13
4,27,0.34090831875801086,0.34090833365917206,0.43484616279602051,0.4348461776971817,1,36469,37,1.6729499363309411e-14
5,27,0.34090833365917206,0.34090834856033325,0.43484616279602051,0.4348461776971817,1,36487,37,3.0712093328755616e-14
6,27,0.34090834856033325,0.34090836346149445,0.43484616279602051,0.4348461776971817,1,36479,37,2.7210674111490311e-15
7,27,0.34090836346149445,0.34090837836265564,0.43484616279602051,0.4348461776971817,1,36469,37,6.0562461275322441e-14
8,27,0.34090837836265564,0.34090839326381683,0.43484616279602051,0.4348461776971817,1,36425,36,2.508195206091246e-14
9,27,0.34090839326381683,0.34090840816497803,0.43484616279602051,0.4348461776971817,1,36453,36,1.2729770440282828e-13
10,27,0.34090840816497803,0.34090842306613922,0.43484616279602051,0.4348461776971817,1,36445,36,2.8366038105366498e-14
11,27,0.34090842306613922,0.34090843796730042,0.43484616279602051,0.4348461776971817,1,36437,36,6.5468802439873648e-14
12,27,0.34090843796730042,0.34090845286846161,0.43484616279602051,0.4348461776971817,1,36409,36,2.1146174487280877e-15
13,27,0.34090845286846161,0.3409084677696228,0.43484616279602051,0.4348461776971817,1,36407,36,1.4892678101852654e-13
14,27,0.3409084677696228,0.340908482670784,0.43484616279602051,0.4348461776971817,1,36423,36,1.0919747390555899e-13
15,27,0.340908482670784,0.34090849757194519,0.43484616279602051,0.4348461776971817,1,36415,36,7.6099943204705217e-14
16,27,0.34090849757194519,0.34090851247310638,0.43484616279602051,0.4348461776971817,1,36403,37,6.2498909993656024e-14
17,27,0.34090851247310638,0.34090852737426758,0.43484616279602051,0.4348461776971817,1,36373,37,9.1763938023861237e-15
18,27,0.34090852737426758,0.34090854227542877,0.43484616279602051,0.4348461776971817,1,36381,37,7.0288079555430837e-14
19,27,0.34090854227542877,0.34090855717658997,0.43484616279602051,0.4348461776971817,1,36375,37,9.447426665736828e-15
20,27,0.34090855717658997,0.34090857207775116,0.43484616279602051,0.4348461776971817,1,36365,37,1.3088516436654322e-13
21,27,0.34090857207775116,0.34090858697891235,0.43484616279602051,0.4348461776971817,1,36397,37,1.4065362395887432e-14
22,27,0.34090858697891235,0.34090860188007355,0.43484616279602051,0.4348461776971817,1,36333,37,4.4890970823627262e-14
23,27,0.34090860188007355,0.34090861678123474,0.43484616279602051,0.4348461776971817,1,36343,37,4.1773266104820384e-15
24,27,0.34090861678123474,0.34090863168239594,0.43484616279602051,0.4348461776971817,1,36363,37,1.3059760275416214e-13
25,27,0.34090863168239594,0.34090864658355713,0.43484616279602051,0.4348461776971817,1,36339,37,1.8525824180047134e-13
26,27,0.34090864658355713,0.34090866148471832,0.43484616279602051,0.4348461776971817,1,36341,37,1.4131577052905648e-13
27,27,0.34090866148471832,0.34090867638587952,0.43484616279602051,0.4348461776971817,1,36363,37,1.1022078076519274e-13
28,27,0.34090867638587952,0.34090869128704071,0.43484616279602051,0.4348461776971817,1,36349,37,1.6497825029895364e-13
29,27,0.34090869128704071,0.3409087061882019,0.43484616279602051,0.4348461776971817,1,36319,37,5.3350698891204338e-14
30,27,0.3409087061882019,0.3409087210893631,0.43484616279602051,0.4348461776971817,1,36303,37,9.6654726934980921e-14
31,27,0.3409087210893631,0.34090873599052429,0.43484616279602051,0.4348461776971817,1,36359,37,8.0477667980286762e-14
32,27,0.34090873599052429,0.34090875089168549,0.43484616279602051,0.4348461776971817,1,36311,37,1.871900681898048e-13
33,27,0.34090875089168549,0.34090876579284668,0.43484616279602051,0.4348461776971817,1,36309,37,1.9702746197368305e-14
34,27,0.34090876579284668,0.34090878069400787,0.43484616279602051,0.4348461776971817,1,36283,37,2.2474396586259092e-13
35,27,0.34090878069400787,0.34090879559516907,0.43484616279602051,0.4348461776971817,1,36309,37,2.271059995793192e-13
36,27,0.34090879559516907,0.34090881049633026,0.43484616279602051,0.4348461776971817,1,36305,37,4.2262830704797176e-14
37,27,0.34090881049633026,0.34090882539749146,0.43484616279602051,0.4348461776971817,1,36269,37,3.4676156342548107e-14
38,27,0.34090882539749146,0.34090884029865265,0.43484616279602051,0.4348461776971817,1,36309,37,6.4940160083623686e-15
39,27,0.34090884029865265,0.34090885519981384,0.43484616279602051,0.4348461776971817,1,36267,37,2.1013254090109632e-14
40,27,0.34090885519981384,0.34090887010097504,0.43484616279602051,0.4348461776971817,1,36239,37,7.9631876803088536e-14
41,27,0.34090887010097504,0.34090888500213623,0.43484616279602051,0.4348461776971817,1,36283,37,2.415595292009645e-14
42,27,0.34090888500213623,0.34090889990329742,0.43484616279602051,0.4348461776971817,1,36305,37,1.9510388420161694e-14
43,27,0.34090889990329742,0.34090891480445862,0.43484616279602051,0.4348461776971817,1,36287,37,3.5275038020002513e-13
44,27,0.34090891480445862,0.34090892970561981,0.43484616279602051,0.4348461776971817,1,36251,37,1.5218612487832219e-14
45,27,0.34090892970561981,0.34090894460678101,0.43484616279602051,0.4348461776971817,1,36225,37,9.0039094631219536e-14
46,27,0.34090894460678101,0.3409089595079422,0.43484616279602051,0.4348461776971817,1,36221,37,3.7781369742992806e-14
47,27,0.3409089595079422,0.34090897440910339,0.43484616279602051,0.4348461776971817,1,36269,37,7.1361026074784673e-14
48,27,0.34090897440910339,0.34090898931026459,0.43484616279602051,0.4348461776971817,1,36259,37,1.6783900995998888e-13
49,27,0.34090898931026459,0.34090900421142578,0.43484616279602051,0.4348461776971817,1,36243,37,8.5951369564592586e-14
50,27,0.34090900421142578,0.34090901911258698,0.43484616279602051,0.4348461776971817,1,36215,37,3.5785368039621146e-13
51,27,0.34090901911258698,0.34090903401374817,0.43484616279602051,0.4348461776971817,1,36249,37,1.4640939322701526e-14
52,27,0.34090903401374817,0.34090904891490936,0.43484616279602051,0.4348461776971817,1,36285,38,2.1064768060592414e-13
53,27,0.34090904891490936,0.34090906381607056,0.43484616279602051,0.4348461776971817,1,36231,38,4.4016960416014479e-14
54,27,0.34090906381607056,0.34090907871723175,0.43484616279602051,0.4348461776971817,1,36229,38,9.7040483354385261e-15
55,27,0.34090907871723175,0.34090909361839294,0.43484616279602051,0.4348461776971817,1,36265,38,9.1064978419307619e-15
56,27,0.34090909361839294,0.34090910851955414,0.43484616279602051,0.4348461776971817,1,36255,38,2.4235550905091654e-14
57,27,0.34090910851955414,0.34090912342071533,0.43484616279602051,0.4348461776971817,1,36269,38,9.2142388442521621e-14
58,27,0.34090912342071533,0.34090913832187653,0.43484616279602051,0.4348461776971817,1,36221,38,1.1823796210636433e-13
59,27,0.34090913832187653,0.34090915322303772,0.43484616279602051,0.4348461776971817,1,36217,38,4.894891376271491e-13
60,27,0.34090915322303772,0.34090916812419891,0.43484616279602051,0.4348461776971817,1,36241,38,1.0335853393124762e-13
61,27,0.34090916812419891,0.34090918302536011,0.43484616279602051,0.4348461776971817,1,36261,38,4.4076201399340243e-13
62,27,0.34090918302536011,0.3409091979265213,0.43484616279602051,0.4348461776971817,1,36205,38,1.6442787441322551e-14
63,27,0.3409091979265213,0.3409092128276825,0.43484616279602051,0.4348461776971817,1,36237,38,6.2544938309335104e-14
0,28,0.34090825915336609,0.34090827405452728,0.4348461776971817,0.4348461925983429,1,36489,38,5.270383769726294e-15
1,28,0.34090827405452728,0.34090828895568848,0.4348461776971817,0.4348461925983429,1,36485,37,1.3805821119234426e-14
2,28,0.34090828895568848,0.34090830385684967,0.4348461776971817,0.4348461925983429,1,36505,37,1.8837915655057044e-13
3,28,0.34090830385684967,0.34090831875801086,0.4348461776971817,0.4348461925983429,1,36473,37,2.2291039984593126e-13
4,28,0.34090831875801086,0.34090833365917206,0.4348461776971817,0.4348461925983429,1,36455,37,8.1842288604328606e-14
5,28,0.34090833365917206,0.34090834856033325,0.4348461776971817,0.4348461925983429,1,36517,37,2.9523729758777519e-14
6,28,0.34090834856033325,0.34090836346149445,0.4348461776971817,0.4348461925983429,1,36473,37,2.9325110064591088e-14
7,28,0.34090836346149445,0.34090837836265564,0.4348461776971817,0.4348461925983429,1,36479,37,7.4845137006239652e-14
8,28,0.34090837836265564,0.34090839326381683,0.4348461776971817,0.4348461925983429,1,36441,36,3.3067929891879893e-15
9,28,0.34090839326381683,0.34090840816497803,0.4348461776971817,0.4348461925983429,1,36477,36,5.6254411314328684e-14
10,28,0.34090840816497803,0.34090842306613922,0.4348461776971817,0.4348461925983429,1,36461,36,7.3004886008542637e-15
11,28,0.34090842306613922,0.34090843796730042,0.4348461776971817,0.4348461925983429,1,36425,36,1.2917391020333279e-14
12,28,0.34090843796730042,0.34090845286846161,0.4348461776971817,0.4348461925983429,1,36407,36,7.1654608724091174e-15
13,28,0.34090845286846161,0.3409084677696228,0.4348461776971817,0.4348461925983429,1,36431,36,4.9055371252859652e-14
14,28,0.3409084677696228,0.340908482670784,0.4348461776971817,0.4348461925983429,1,36429,36,1.5971192301867322e-14
15,28,0.340908482670784,0.34090849757194519,0.4348461776971817,0.4348461925983429,1,36417,36,2.1213393421380494e-14
16,28,0.34090849757194519,0.34090851247310638,0.4348461776971817,0.4348461925983429,1,36399,37,1.8741302691423487e-15
17,28,0.34090851247310638,0.34090852737426758,0.4348461776971817,0.4348461925983429,1,36385,37,5.4697601097474783e-14
18,28,0.34090852737426758,0.34090854227542877,0.4348461776971817,0.4348461925983429,1,36383,37,7.6627764551937181e-14
19,28,0.34090854227542877,0.34090855717658997,0.4348461776971817,0.4348461925983429,1,36391,37,2.1559491623292865e-14
20,28,0.34090855717658997,0.34090857207775116,0.4348461776971817,0.4348461925983429,1,36347,37,5.8674758414343011e-14
21,28,0.34090857207775116,0.34090858697891235,0.4348461776971817,0.4348461925983429,1,36355,37,9.1291966472217042e-14
22,28,0.34090858697891235,0.34090860188007355,0.4348461776971817,0.4348461925983429,1,36387,37,5.9081879006660985e-14
23,28,0.34090860188007355,0.34090861678123474,0.4348461776971817,0.4348461925983429,1,36383,37,4.6713323473138695e-14
24,28,0.34090861678123474,0.34090863168239594,0.4348461776971817,0.4348461925983429,1,36329,37,2.4658111464279939e-13
25,28,0.34090863168239594,0.34090864658355713,0.4348461776971817,0.4348461925983429,1,36359,37,3.9662830862864597e-14
26,28,0.34090864658355713,0.34090866148471832,0.4348461776971817,0.4348461925983429,1,36335,37,7.1092871937122539e-14
27,28,0.34090866148471832,0.34090867638587952,0.4348461776971817,0.4348461925983429,1,36333,37,1.9843352578611518e-15
28,28,0.34090867638587952,0.34090869128704071,0.4348461776971817,0.4348461925983429,1,36315,37,6.494161027744166e-14
29,28,0.34090869128704071,0.3409087061882019,0.4348461776971817,0.4348461925983429,1,36319,37,2.499753918055654e-14
30,28,0.3409087061882019,0.3409087210893631,0.4348461776971817,0.4348461925983429,1,36315,37,1.6923440022944746e-14
31,28,0.3409087210893631,0.34090873599052429,0.4348461776971817,0.4348461925983429,1,36291,37,8.2136481752205328e-14
32,28,0.34090873599052429,0.34090875089168549,0.4348461776971817,0.4348461925983429,1,36317,37,7.4863250084760758e-15
33,28,0.34090875089168549,0.34090876579284668,0.4348461776971817,0.4348461925983429,1,36333,37,2.9235486650003055e-14
34,28,0.34090876579284668,0.34090878069400787,0.4348461776971817,0.4348461925983429,1,36303,37,2.1767859111602641e-14
35,28,0.34090878069400787,0.34090879559516907,0.4348461776971817,0.4348461925983429,1,36313,37,2.3664743846526918e-13
36,28,0.34090879559516907,0.34090881049633026,0.4348461776971817,0.4348461925983429,1,36303,37,5.6965827248192803e-14
37,28,0.34090881049633026,0.34090882539749146,0.4348461776971817,0.4348461925983429,1,36259,37,6.3397371259894782e-14
38,28,0.34090882539749146,0.34090884029865265,0.4348461776971817,0.4348461925983429,1,36293,37,8.3864454605897696e-14
39,28,0.34090884029865265,0.34090885519981384,0.4348461776971817,0.4348461925983429,1,36261,37,1.9390021657519769e-13
40,28,0.34090885519981384,0.34090887010097504,0.4348461776971817,0.4348461925983429,1,36283,37,5.9985083855675682e-14
41,28,0.34090887010097504,0.34090888500213623,0.4348461776971817,0.4348461925983429,1,36255,37,5.3788467988551604e-14
42,28,0.34090888500213623,0.34090889990329742,0.4348461776971817,0.4348461925983429,1,36307,37,3.2952579934514886e-14
43,28,0.34090889990329742,0.34090891480445862,0.4348461776971817,0.4348461925983429,1,36239,37,6.3100619112690572e-14
44,28,0.34090891480445862,0.34090892970561981,0.4348461776971817,0.4348461925983429,1,36243,37,1.4367679014340811e-13
45,28,0.34090892970561981,0.34090894460678101,0.4348461776971817,0.4348461925983429,1,36209,37,3.114630158158044e-14
46,28,0.34090894460678101,0.3409089595079422,0.4348461776971817,0.4348461925983429,1,36249,37,1.1704248844904705e-13
47,28,0.3409089595079422,0.34090897440910339,0.4348461776971817,0.4348461925983429,1,36223,37,1.3108514216202911e-13
48,28,0.34090897440910339,0.34090898931026459,0.4348461776971817,0.4348461925983429,1,36231,37,1.284293135804171e-13
49,28,0.34090898931026459,0.34090900421142578,0.4348461776971817,0.4348461925983429,1,36261,37,4.1430131217068301e-14
50,28,0.34090900421142578,0.34090901911258698,0.4348461776971817,0.4348461925983429,1,36255,37,1.2768459291591368e-13
51,28,0.34090901911258698,0.34090903401374817,0.4348461776971817,0.4348461925983429,1,36269,37,1.2959567290169207e-13
52,28,0.34090903401374817,0.34090904891490936,0.4348461776971817,0.4348461925983429,1,36269,38,2.5181098878432679e-14
53,28,0.34090904891490936,0.34090906381607056,0.4348461776971817,0.4348461925983429,1,36257,38,3.2516491053783928e-14
54,28,0.34090906381607056,0.34090907871723175,0.4348461776971817,0.4348461925983429,1,36249,38,3.8747792930954822e-14
55,28,0.34090907871723175,0.34090909361839294,0.4348461776971817,0.4348461925983429,1,36263,38,2.5928414288679888e-14
56,28,0.34090909361839294,0.34090910851955414,0.4348461776971817,0.4348461925983429,1,36289,38,1.6015528940322029e-13
57,28,0.34090910851955414,0.34090912342071533,0.4348461776971817,0.4348461925983429,1,36271,38,5.4970239945478143e-14
58,28,0.34090912342071533,0.34090913832187653,0.4348461776971817,0.4348461925983429,1,36259,38,1.8559803313104566e-13
59,28,0.34090913832187653,0.34090915322303772,0.4348461776971817,0.4348461925983429,1,36255,38,5.4432308689395323e-14
60,28,0.34090915322303772,0.34090916812419891,0.4348461776971817,0.4348461925983429,1,36269,38,1.751494118426327e-13
61,28,0.34090916812419891,0.34090918302536011,0.4348461776971817,0.4348461925983429,1,36221,38,3.6138973591129354e-14
62,28,0.34090918302536011,0.3409091979265213,0.4348461776971817,0.4348461925983429,1,36229,38,3.4082360786937566e-15
63,28,0.3409091979265213,0.3409092128276825,0.4348461776971817,0.4348461925983429,1,36215,38,6.9850108961849441e-15
0,29,0.34090825915336609,0.34090827405452728,0.4348461925983429,0.43484620749950409,1,36483,38,2.2757431607071135e-14
1,29,0.34090827405452728,0.34090828895568848,0.4348461925983429,0.43484620749950409,1,36467,37,6.0684454651892746e-14
2,29,0.34090828895568848,0.34090830385684967,0.4348461925983429,0.43484620749950409,1,36489,37,4.1914115856687733e-14
3,29,0.34090830385684967,0.34090831875801086,0.4348461925983429,0.43484620749950409,1,36461,37,1.1866914011283074e-14
4,29,0.34090831875801086,0.34090833365917206,0.4348461925983429,0.43484620749950409,1,36447,37,5.2457046332433704e-14
5,29,0.34090833365917206,0.34090834856033325,0.4348461925983429,0.43484620749950409,1,36437,37,2.7593350445017311e-15
6,29,0.34090834856033325,0.34090836346149445,0.4348461925983429,0.43484620749950409,1,36501,37,1.3356530331801883e-13
7,29,0.34090836346149445,0.34090837836265564,0.4348461925983429,0.43484620749950409,1,36429,36,3.4666940269221498e-14
8,29,0.34090837836265564,0.34090839326381683,0.4348461925983429,0.43484620749950409,1,36437,36,1.432958959468845e-14
9,29,0.34090839326381683,0.34090840816497803,0.4348461925983429,0.43484620749950409,1,36463,36,1.4340037862612207e-14
10,29,0.34090840816497803,0.34090842306613922,0.4348461925983429,0.43484620749950409,1,36455,36,1.5488546617786445e-14
11,29,0.34090842306613922,0.34090843796730042,0.4348461925983429,0.43484620749950409,1,36413,36,1.0068188314238325e-13
12,29,0.34090843796730042,0.34090845286846161,0.4348461925983429,0.43484620749950409,1,36451,36,1.5729421782696803e-13
13,29,0.34090845286846161,0.3409084677696228,0.4348461925983429,0.43484620749950409,1,36405,36,4.9116206521507619e-14
14,29,0.3409084677696228,0.340908482670784,0.4348461925983429,0.43484620749950409,1,36395,36,1.9758771862802018e-13
15,29,0.340908482670784,0.34090849757194519,0.4348461925983429,0.43484620749950409,1,36379,36,5.961959187196605e-15
16,29,0.34090849757194519,0.34090851247310638,0.4348461925983429,0.43484620749950409,1,36367,36,5.7578283059133107e-14
17,29,0.34090851247310638,0.34090852737426758,0.4348461925983429,0.43484620749950409,1,36367,37,4.987616293588701e-14
18,29,0.34090852737426758,0.34090854227542877,0.4348461925983429,0.43484620749950409,1,36399,37,1.6892009367865151e-13
19,29,0.34090854227542877,0.34090855717658997,0.4348461925983429,0.43484620749950409,1,36363,37,1.9885862240632289e-14
20,29,0.34090855717658997,0.34090857207775116,0.4348461925983429,0.43484620749950409,1,36343,37,1.1315171311377926e-14
21,29,0.34090857207775116,0.34090858697891235,0.4348461925983429,0.43484620749950409,1,36363,37,1.01071533225861e-13
22,29,0.34090858697891235,0.34090860188007355,0.4348461925983429,0.43484620749950409,1,36375,37,1.3600175256726449e-16
23,29,0.34090860188007355,0.34090861678123474,0.4348461925983429,0.43484620749950409,1,36353,37,1.7860322272319211e-13
24,29,0.34090861678123474,0.34090863168239594,0.4348461925983429,0.43484620749950409,1,36331,37,4.7908723515026229e-14
25,29,0.34090863168239594,0.34090864658355713,0.4348461925983429,0.43484620749950409,1,36337,37,3.7520717410970112e-14
26,29,0.34090864658355713,0.34090866148471832,0.4348461925983429,0.43484620749950409,1,36325,37,2.8613223450774213e-13
27,29,0.34090866148471832,0.34090867638587952,0.4348461925983429,0.43484620749950409,1,36357,37,2.6423941956532132e-14
28,29,0.34090867638587952,0.34090869128704071,0.4348461925983429,0.43484620749950409,1,36315,37,1.7633445587669338e-14
29,29,0.34090869128704071,0.3409087061882019,0.4348461925983429,0.43484620749950409,1,36281,37,7.8163648931844284e-14
30,29,0.3409087061882019,0.3409087210893631,0.4348461925983429,0.43484620749950409,1,36303,37,1.0163628055776213e-13
31,29,0.3409087210893631,0.34090873599052429,0.4348461925983429,0.43484620749950409,1,36327,37,6.8300633043190819e-14
32,29,0.34090873599052429,0.34090875089168549,0.4348461925983429,0.43484620749950409,1,36323,37,2.6228704280656069e-14
33,29,0.34090875089168549,0.34090876579284668,0.4348461925983429,0.43484620749950409,1,36295,37,4.0290025829651684e-14
34,29,0.34090876579284668,0.34090878069400787,0.4348461925983429,0.43484620749950409,1,36311,37,4.4152771465345312e-14
35,29,0.34090878069400787,0.34090879559516907,0.4348461925983429,0.43484620749950409,1,36267,37,9.389986577468702e-14
36,29,0.34090879559516907,0.34090881049633026,0.4348461925983429,0.43484620749950409,1,36265,37,6.0657698688788814e-14
37,29,0.34090881049633026,0.34090882539749146,0.4348461925983429,0.43484620749950409,1,36299,37,6.1783125980304688e-14
38,29,0.34090882539749146,0.34090884029865265,0.4348461925983429,0.43484620749950409,1,36285,37,1.6157908623563671e-14
39,29,0.34090884029865265,0.34090885519981384,0.4348461925983429,0.43484620749950409,1,36259,37,1.1955672956273841e-13
40,29,0.34090885519981384,0.34090887010097504,0.4348461925983429,0.43484620749950409,1,36303,37,4.0852133510861909e-14
41,29,0.34090887010097504,0.34090888500213623,0.4348461925983429,0.43484620749950409,1,36279,37,1.6119099423907335e-13
42,29,0.34090888500213623,0.34090889990329742,0.4348461925983429,0.43484620749950409,1,36283,37,3.2536652265668802e-13
43,29,0.34090889990329742,0.34090891480445862,0.4348461925983429,0.43484620749950409,1,36235,37,4.6389664805438363e-15
44,29,0.34090891480445862,0.34090892970561981,0.4348461925983429,0.43484620749950409,1,36235,37,1.7745557668574418e-14
45,29,0.34090892970561981,0.34090894460678101,0.4348461925983429,0.43484620749950409,1,36239,37,2.6722194057224454e-14
46,29,0.34090894460678101,0.3409089595079422,0.4348461925983429,0.43484620749950409,1,36213,37,1.9281200820949231e-13
47,29,0.3409089595079422,0.34090897440910339,0.4348461925983429,0.43484620749950409,1,36233,37,2.6933360136155792e-14
48,29,0.34090897440910339,0.34090898931026459,0.4348461925983429,0.43484620749950409,1,36265,37,3.9146727109224947e-14
49,29,0.34090898931026459,0.34090900421142578,0.4348461925983429,0.43484620749950409,1,36279,37,9.0269179698955469e-14
50,29,0.34090900421142578,0.34090901911258698,0.4348461925983429,0.43484620749950409,1,36237,37,1.0699896172606191e-13
51,29,0.34090901911258698,0.34090903401374817,0.4348461925983429,0.43484620749950409,1,36223,37,2.123962816760968e-13
52,29,0.34090903401374817,0.34090904891490936,0.4348461925983429,0.43484620749950409,1,36221,38,2.8078909378551272e-13
53,29,0.34090904891490936,0.34090906381607056,0.4348461925983429,0.43484620749950409,1,36219,38,1.7122039292781695e-14
54,29,0.34090906381607056,0.34090907871723175,0.4348461925983429,0.43484620749950409,1,36255,38,8.0331965610905348e-14
55,29,0.34090907871723175,0.34090909361839294,0.4348461925983429,0.43484620749950409,1,36231,38,1.7237854373598343e-13
56,29,0.34090909361839294,0.34090910851955414,0.4348461925983429,0.43484620749950409,1,36277,38,5.4280654963526359e-14
57,29,0.34090910851955414,0.34090912342071533,0.4348461925983429,0.43484620749950409,1,36259,38,6.3567103385267586e-14
58,29,0.34090912342071533,0.34090913832187653,0.4348461925983429,0.43484620749950409,1,36201,38,5.4775242093521315e-14
59,29,0.34090913832187653,0.34090915322303772,0.4348461925983429,0.43484620749950409,1,36229,38,7.3656370549381597e-15
60,29,0.34090915322303772,0.34090916812419891,0.4348461925983429,0.43484620749950409,1,36241,38,3.0080967309902704e-13
61,29,0.34090916812419891,0.34090918302536011,0.4348461925983429,0.43484620749950409,1,36225,38,1.1595458144045119e-13
62,29,0.34090918302536011,0.3409091979265213,0.4348461925983429,0.43484620749950409,1,36223,38,4.7850263689296886e-14
63,29,0.3409091979265213,0.3409092128276825,0.4348461925983429,0.43484620749950409,1,36211,38,1.2792627797566885e-13
0,30,0.34090825915336609,0.34090827405452728,0.43484620749950409,0.43484622240066528,1,36461,37,1.6561089837542437e-14
1,30,0.34090827405452728,0.34090828895568848,0.43484620749950409,0.43484622240066528,1,36465,37,4.0349558264190712e-15
2,30,0.34090828895568848,0.34090830385684967,0.43484620749950409,0.43484622240066528,1,36489,37,2.2411358569062517e-14
3,30,0.34090830385684967,0.34090831875801086,0.43484620749950409,0.43484622240066528,1,36507,37,2.1895097891693255e-15
4,30,0.34090831875801086,0.34090833365917206,0.43484620749950409,0.43484622240066528,1,36481,37,1.2393240141602054e-14
5,30,0.34090833365917206,0.34090834856033325,0.43484620749950409,0.43484622240066528,1,36453,37,3.1712508285986433e-14
6,30,0.34090834856033325,0.34090836346149445,0.43484620749950409,0.43484622240066528,1,36483,36,5.7878776926159773e-15
7,30,0.34090836346149445,0.34090837836265564,0.43484620749950409,0.43484622240066528,1,36435,36,2.1885424847794528e-14
8,30,0.34090837836265564,0.34090839326381683,0.43484620749950409,0.43484622240066528,1,36459,36,1.2468508561889831e-14
9,30,0.34090839326381683,0.34090840816497803,0.43484620749950409,0.43484622240066528,1,36455,36,2.2305384427688326e-14
10,30,0.34090840816497803,0.34090842306613922,0.43484620749950409,0.43484622240066528,1,36409,36,2.1862845572042097e-14
11,30,0.34090842306613922,0.34090843796730042,0.43484620749950409,0.43484622240066528,1,36397,36,1.5450674529071177e-13
12,30,0.34090843796730042,0.34090845286846161,0.43484620749950409,0.43484622240066528,1,36391,36,3.9799148929424117e-14
13,30,0.34090845286846161,0.3409084677696228,0.43484620749950409,0.43484622240066528,1,36385,36,2.343854854337343e-14
14,30,0.3409084677696228,0.340908482670784,0.43484620749950409,0.43484622240066528,1,36391,36,2.5511679257608586e-16
15,30,0.340908482670784,0.34090849757194519,0.43484620749950409,0.43484622240066528,1,36357,36,8.7068406661257023e-14
16,30,0.34090849757194519,0.34090851247310638,0.43484620749950409,0.43484622240066528,1,36335,36,3.3000906954607506e-15
17,30,0.34090851247310638,0.34090852737426758,0.43484620749950409,0.43484622240066528,1,36401,37,2.7524087299056303e-14
18,30,0.34090852737426758,0.34090854227542877,0.43484620749950409,0.43484622240066528,1,36339,37,7.6009012766193041e-14
19,30,0.34090854227542877,0.34090855717658997,0.43484620749950409,0.43484622240066528,1,36373,37,3.826158650065675e-14
20,30,0.34090855717658997,0.34090857207775116,0.43484620749950409,0.43484622240066528,1,36351,37,1.8759729853912851e-14
21,30,0.34090857207775116,0.34090858697891235,0.43484620749950409,0.43484622240066528,1,36395,37,8.0971270835669595e-14
22,30,0.34090858697891235,0.34090860188007355,0.43484620749950409,0.43484622240066528,1,36357,37,5.1119003478051037e-14
23,30,0.34090860188007355,0.34090861678123474,0.43484620749950409,0.43484622240066528,1,36345,37,1.2021096615378003e-13
24,30,0.34090861678123474,0.34090863168239594,0.43484620749950409,0.43484622240066528,1,36351,37,2.9903045860677792e-13
25,30,0.34090863168239594,0.34090864658355713,0.43484620749950409,0.43484622240066528,1,36361,37,2.177975332561942e-13
26,30,0.34090864658355713,0.34090866148471832,0.43484620749950409,0.43484622240066528,1,36337,37,4.5155760094859836e-14
27,30,0.34090866148471832,0.34090867638587952,0.43484620749950409,0.43484622240066528,1,36337,37,1.1470366006618662e-13
28,30,0.34090867638587952,0.34090869128704071,0.43484620749950409,0.43484622240066528,1,36309,37,2.1365395991356843e-14
29,30,0.34090869128704071,0.3409087061882019,0.43484620749950409,0.43484622240066528,1,36319,37,9.7187030869252564e-14
30,30,0.3409087061882019,0.3409087210893631,0.43484620749950409,0.43484622240066528,1,36319,37,2.2011989618174236e-14
31,30,0.3409087210893631,0.34090873599052429,0.43484620749950409,0.43484622240066528,1,36323,37,4.5709451678426096e-14
32,30,0.34090873599052429,0.34090875089168549,0.43484620749950409,0.43484622240066528,1,36335,37,4.2539546206441138e-14
33,30,0.34090875089168549,0.34090876579284668,0.43484620749950409,0.43484622240066528,1,36299,37,4.2966458864402408e-14
34,30,0.34090876579284668,0.34090878069400787,0.43484620749950409,0.43484622240066528,1,36291,37,1.9714828218536821e-14
35,30,0.34090878069400787,0.34090879559516907,0.43484620749950409,0.43484622240066528,1,36297,37,8.8323970921691842e-14
36,30,0.34090879559516907,0.34090881049633026,0.43484620749950409,0.43484622240066528,1,36243,37,1.9292411447200896e-13
37,30,0.34090881049633026,0.34090882539749146,0.43484620749950409,0.43484622240066528,1,36251,37,1.8733811640548559e-13
38,30,0.34090882539749146,0.34090884029865265,0.43484620749950409,0.43484622240066528,1,36221,37,9.6927977856312515e-14
39,30,0.34090884029865265,0.34090885519981384,0.43484620749950409,0.43484622240066528,1,36275,37,9.5748129357431142e-15
40,30,0.34090885519981384,0.34090887010097504,0.43484620749950409,0.43484622240066528,1,36233,37,2.0247437526349027e-13
41,30,0.34090887010097504,0.34090888500213623,0.43484620749950409,0.43484622240066528,1,36291,37,4.9371450004135745e-14
42,30,0.34090888500213623,0.34090889990329742,0.43484620749950409,0.43484622240066528,1,36237,37,5.3230014781645814e-14
43,30,0.34090889990329742,0.34090891480445862,0.43484620749950409,0.43484622240066528,1,36255,37,2.5160916841212827e-13
44,30,0.34090891480445862,0.34090892970561981,0.43484620749950409,0.43484622240066528,1,36245,37,5.1774331820729339e-14
45,30,0.34090892970561981,0.34090894460678101,0.43484620749950409,0.43484622240066528,1,36219,37,6.5799060197698506e-15
46,30,0.34090894460678101,0.3409089595079422,0.43484620749950409,0.43484622240066528,1,36235,37,2.0290125255139595e-13
47,30,0.3409089595079422,0.34090897440910339,0.43484620749950409,0.43484622240066528,1,36233,37,1.7018388336076174e-13
48,30,0.34090897440910339,0.34090898931026459,0.43484620749950409,0.43484622240066528,1,36285,37,2.2974134181556777e-13
49,30,0.34090898931026459,0.34090900421142578,0.43484620749950409,0.43484622240066528,1,36249,37,1.6357894428225837e-14
50,30,0.34090900421142578,0.34090901911258698,0.43484620749950409,0.43484622240066528,1,36265,37,2.7202561724125735e-13
51,30,0.34090901911258698,0.34090903401374817,0.43484620749950409,0.43484622240066528,1,36245,37,8.7391364262704983e-14
52,30,0.34090903401374817,0.34090904891490936,0.43484620749950409,0.43484622240066528,1,36219,38,2.0778907032273561e-13
53,30,0.34090904891490936,0.34090906381607056,0.43484620749950409,0.43484622240066528,1,36225,38,7.7993367058695007e-15
54,30,0.34090906381607056,0.34090907871723175,0.43484620749950409,0.43484622240066528,1,36235,38,2.8360160483567462e-13
55,30,0.34090907871723175,0.34090909361839294,0.43484620749950409,0.43484622240066528,1,36255,38,3.4561048420647255e-14
56,30,0.34090909361839294,0.34090910851955414,0.43484620749950409,0.43484622240066528,1,36273,38,6.974660307405703e-14
57,30,0.34090910851955414,0.34090912342071533,0.43484620749950409,0.43484622240066528,1,36259,38,1.5163570320686762e-13
58,30,0.34090912342071533,0.34090913832187653,0.43484620749950409,0.43484622240066528,1,36227,38,6.6557099677256582e-14
59,30,0.34090913832187653,0.34090915322303772,0.43484620749950409,0.43484622240066528,1,36253,38,1.31804560300751e-13
60,30,0.34090915322303772,0.34090916812419891,0.43484620749950409,0.43484622240066528,1,36211,38,3.8183081548491133e-14
61,30,0.34090916812419891,0.34090918302536011,0.43484620749950409,0.43484622240066528,1,36217,38,1.509469251290956e-14
62,30,0.34090918302536011,0.3409091979265213,0.43484620749950409,0.43484622240066528,1,36207,38,1.7117098207612876e-14
63,30,0.3409091979265213,0.3409092128276825,0.43484620749950409,0.43484622240066528,1,36211,38,2.0749442855183808e-14
0,31,0.34090825915336609,0.34090827405452728,0.43484622240066528,0.43484623730182648,1,36469,37,1.3026398003800021e-13
1,31,0.34090827405452728,0.34090828895568848,0.43484622240066528,0.43484623730182648,1,36473,37,1.7875314325231817e-14
2,31,0.34090828895568848,0.34090830385684967,0.43484622240066528,0.43484623730182648,1,36511,37,3.9851134156620703e-14
3,31,0.34090830385684967,0.34090831875801086,0.43484622240066528,0.43484623730182648,1,36455,37,2.4251432676828635e-15
4,31,0.34090831875801086,0.34090833365917206,0.43484622240066528,0.43484623730182648,1,36451,37,2.9393538909077692e-14
5,31,0.34090833365917206,0.34090834856033325,0.43484622240066528,0.43484623730182648,1,36471,37,3.5089638530431361e-14
6,31,0.34090834856033325,0.34090836346149445,0.43484622240066528,0.43484623730182648,1,36461,36,1.9758921623143648e-13
7,31,0.34090836346149445,0.34090837836265564,0.43484622240066528,0.43484623730182648,1,36433,36,8.9032367726973482e-16
8,31,0.34090837836265564,0.34090839326381683,0.43484622240066528,0.43484623730182648,1,36445,36,4.2023438709783368e-14
9,31,0.34090839326381683,0.34090840816497803,0.43484622240066528,0.43484623730182648,1,36445,36,7.3925401068462516e-15
10,31,0.34090840816497803,0.34090842306613922,0.43484622240066528,0.43484623730182648,1,36433,36,1.5886529756016958e-14
11,31,0.34090842306613922,0.34090843796730042,0.43484622240066528,0.43484623730182648,1,36427,36,1.3070300857654698e-13
12,31,0.34090843796730042,0.34090845286846161,0.43484622240066528,0.43484623730182648,1,36419,36,6.9561357710563997e-14
13,31,0.34090845286846161,0.3409084677696228,0.43484622240066528,0.43484623730182648,1,36389,36,1.7760063332375685e-13
14,31,0.3409084677696228,0.340908482670784,0.43484622240066528,0.43484623730182648,1,36371,36,1.9811429217600583e-14
15,31,0.340908482670784,0.34090849757194519,0.43484622240066528,0.43484623730182648,1,36409,36,3.4644086730421402e-14
16,31,0.34090849757194519,0.34090851247310638,0.43484622240066528,0.43484623730182648,1,36391,36,1.2417146315213081e-13
17,31,0.34090851247310638,0.34090852737426758,0.43484622240066528,0.43484623730182648,1,36383,37,6.1493172078333149e-13
18,31,0.34090852737426758,0.34090854227542877,0.43484622240066528,0.43484623730182648,1,36309,37,1.6471981982990388e-13
19,31,0.34090854227542877,0.34090855717658997,0.43484622240066528,0.43484623730182648,1,36365,37,5.9323914277374875e-14
20,31,0.34090855717658997,0.34090857207775116,0.43484622240066528,0.43484623730182648,1,36369,37,2.350928622269637e-13
21,31,0.34090857207775116,0.34090858697891235,0.43484622240066528,0.43484623730182648,1,36379,37,5.1779564312493431e-14
22,31,0.34090858697891235,0.34090860188007355,0.43484622240066528,0.43484623730182648,1,36375,37,4.5857264641491439e-14
23,31,0.34090860188007355,0.34090861678123474,0.43484622240066528,0.43484623730182648,1,36329,37,5.7026866332906162e-14
24,31,0.34090861678123474,0.34090863168239594,0.43484622240066528,0.43484623730182648,1,36389,37,4.2375916288180369e-14
25,31,0.34090863168239594,0.34090864658355713,0.43484622240066528,0.43484623730182648,1,36305,37,1.3705225536592243e-14
26,31,0.34090864658355713,0.34090866148471832,0.43484622240066528,0.43484623730182648,1,36357,37,1.8336528471909869e-13
27,31,0.34090866148471832,0.34090867638587952,0.43484622240066528,0.43484623730182648,1,36309,37,1.3377304019234795e-14
28,31,0.34090867638587952,0.34090869128704071,0.43484622240066528,0.43484623730182648,1,36291,37,7.1506964292606831e-14
29,31,0.34090869128704071,0.3409087061882019,0.43484622240066528,0.43484623730182648,1,36305,37,9.8554358031644952e-14
30,31,0.3409087061882019,0.3409087210893631,0.43484622240066528,0.43484623730182648,1,36251,37,7.0827312743339798e-14
31,31,0.3409087210893631,0.34090873599052429,0.43484622240066528,0.43484623730182648,1,36353,37,3.9179763681115464e-14
32,31,0.34090873599052429,0.34090875089168549,0.43484622240066528,0.43484623730182648,1,36303,37,2.8199699886742863e-13
33,31,0.34090875089168549,0.34090876579284668,0.43484622240066528,0.43484623730182648,1,36269,37,6.6964621339468286e-14
34,31,0.34090876579284668,0.34090878069400787,0.43484622240066528,0.43484623730182648,1,36261,37,5.5556369180909335e-14
35,31,0.34090878069400787,0.34090879559516907,0.43484622240066528,0.43484623730182648,1,36243,37,5.4462195262064349e-14
36,31,0.34090879559516907,0.34090881049633026,0.43484622240066528,0.43484623730182648,1,36335,37,2.5191891716618697e-14
37,31,0.34090881049633026,0.34090882539749146,0.43484622240066528,0.43484623730182648,1,36249,37,1.6075393839932821e-13
38,31,0.34090882539749146,0.34090884029865265,0.43484622240066528,0.43484623730182648,1,36251,37,7.0303895893375042e-14
39,31,0.34090884029865265,0.34090885519981384,0.43484622240066528,0.43484623730182648,1,36251,37,3.2718799694150529e-13
40,31,0.34090885519981384,0.34090887010097504,0.43484622240066528,0.43484623730182648,1,36257,37,2.0024593976818107e-14
41,31,0.34090887010097504,0.34090888500213623,0.43484622240066528,0.43484623730182648,1,36241,37,3.9078507904181098e-14
42,31,0.34090888500213623,0.34090889990329742,0.43484622240066528,0.43484623730182648,1,36283,37,1.93745722616826e-13
43,31,0.34090889990329742,0.34090891480445862,0.43484622240066528,0.43484623730182648,1,36271,37,8.3812614940508857e-14
44,31,0.34090891480445862,0.34090892970561981,0.43484622240066528,0.43484623730182648,1,36277,37,1.3728951154683531e-13
45,31,0.34090892970561981,0.34090894460678101,0.43484622240066528,0.43484623730182648,1,36247,37,7.4203075214391613e-15
46,31,0.34090894460678101,0.3409089595079422,0.43484622240066528,0.43484623730182648,1,36221,37,2.3912729907804341e-13
47,31,0.3409089595079422,0.34090897440910339,0.43484622240066528,0.43484623730182648,1,36257,37,1.4579679434471902e-13
48,31,0.34090897440910339,0.34090898931026459,0.43484622240066528,0.43484623730182648,1,36219,37,7.0198491070250233e-15
49,31,0.34090898931026459,0.34090900421142578,0.43484622240066528,0.43484623730182648,1,36307,37,7.6731272649322875e-14
50,31,0.34090900421142578,0.34090901911258698,0.43484622240066528,0.43484623730182648,1,36281,37,2.0823712431656247e-14
51,31,0.34090901911258698,0.34090903401374817,0.43484622240066528,0.43484623730182648,1,36243,37,1.2022781833412638e-13
52,31,0.34090903401374817,0.34090904891490936,0.43484622240066528,0.43484623730182648,1,36265,37,1.0444893959736633e-14
53,31,0.34090904891490936,0.34090906381607056,0.43484622240066528,0.43484623730182648,1,36219,38,2.9853096287870942e-13
54,31,0.34090906381607056,0.34090907871723175,0.43484622240066528,0.43484623730182648,1,36247,38,4.1035236677896435e-15
55,31,0.34090907871723175,0.34090909361839294,0.43484622240066528,0.43484623730182648,1,36257,38,2.9326192455367279e-14
56,31,0.34090909361839294,0.34090910851955414,0.43484622240066528,0.43484623730182648,1,36259,38,1.2758671891447017e-13
57,31,0.34090910851955414,0.34090912342071533,0.43484622240066528,0.43484623730182648,1,36221,38,3.3239828023782015e-14
58,31,0.34090912342071533,0.34090913832187653,0.43484622240066528,0.43484623730182648,1,36251,38,1.3380023171520994e-14
59,31,0.34090913832187653,0.34090915322303772,0.43484622240066528,0.43484623730182648,1,36211,38,6.4479838561381817e-14
60,31,0.34090915322303772,0.34090916812419891,0.43484622240066528,0.43484623730182648,1,36207,38,2.323774573733163e-14
61,31,0.34090916812419891,0.34090918302536011,0.43484622240066528,0.43484623730182648,1,36259,38,2.4709666438573236e-13
62,31,0.34090918302536011,0.3409091979265213,0.43484622240066528,0.43484623730182648,1,36239,38,2.9344162831338673e-14
63,31,0.3409091979265213,0.3409092128276825,0.43484622240066528,0.43484623730182648,1,36225,38,1.5495359670584115e-13
0,32,0.34090825915336609,0.34090827405452728,0.43484623730182648,0.43484625220298767,1,36495,37,1.2487960910517234e-14
1,32,0.34090827405452728,0.34090828895568848,0.43484623730182648,0.43484625220298767,1,36483,37,4.2379469681776508e-14
2,32,0.34090828895568848,0.34090830385684967,0.43484623730182648,0.43484625220298767,1,36461,37,3.1954010861068003e-14
3,32,0.34090830385684967,0.34090831875801086,0.43484623730182648,0.43484625220298767,1,36481,37,2.4482809571080594e-15
4,32,0.34090831875801086,0.34090833365917206,0.43484623730182648,0.43484625220298767,1,36459,37,1.8195342597673428e-13
5,32,0.34090833365917206,0.34090834856033325,0.43484623730182648,0.43484625220298767,1,36467,36,3.9988587485462241e-14
6,32,0.34090834856033325,0.34090836346149445,0.43484623730182648,0.43484625220298767,1,36433,36,5.1346951325588868e-14
7,32,0.34090836346149445,0.34090837836265564,0.43484623730182648,0.43484625220298767,1,36427,36,1.5164467039657934e-13
8,32,0.34090837836265564,0.34090839326381683,0.43484623730182648,0.43484625220298767,1,36415,36,5.8694430613715493e-14
9,32,0.34090839326381683,0.34090840816497803,0.43484623730182648,0.43484625220298767,1,36441,36,1.5389209974174056e-13
10,32,0.34090840816497803,0.34090842306613922,0.43484623730182648,0.43484625220298767,1,36409,36,3.0563227499602872e-13
11,32,0.34090842306613922,0.34090843796730042,0.43484623730182648,0.43484625220298767,1,36395,36,3.885549913122359e-15
12,32,0.34090843796730042,0.34090845286846161,0.43484623730182648,0.43484625220298767,1,36409,36,3.4964070097206006e-14
13,32,0.34090845286846161,0.3409084677696228,0.43484623730182648,0.43484625220298767,1,36399,36,3.8733036776410741e-14
14,32,0.3409084677696228,0.340908482670784,0.43484623730182648,0.43484625220298767,1,36375,36,2.2195611797755745e-13
15,32,0.340908482670784,0.34090849757194519,0.43484623730182648,0.43484625220298767,1,36343,36,1.3598050338227877e-13
16,32,0.34090849757194519,0.34090851247310638,0.43484623730182648,0.43484625220298767,1,36391,36,1.0204171013741264e-13
17,32,0.34090851247310638,0.34090852737426758,0.43484623730182648,0.43484625220298767,1,36353,37,1.1304974159568145e-14
18,32,0.34090852737426758,0.34090854227542877,0.43484623730182648,0.43484625220298767,1,36379,37,3.2229120548693101e-13
19,32,0.34090854227542877,0.34090855717658997,0.43484623730182648,0.43484625220298767,1,36337,37,2.7136540942225525e-14
20,32,0.34090855717658997,0.34090857207775116,0.43484623730182648,0.43484625220298767,1,36333,37,2.0561846453143156e-14
21,32,0.34090857207775116,0.34090858697891235,0.43484623730182648,0.43484625220298767,1,36335,37,5.8725581539117552e-14
22,32,0.34090858697891235,0.34090860188007355,0.43484623730182648,0.43484625220298767,1,36353,37,5.7723731151749887e-14
23,32,0.34090860188007355,0.34090861678123474,0.43484623730182648,0.43484625220298767,1,36355,37,7.3560267714878661e-15
24,32,0.34090861678123474,0.34090863168239594,0.43484623730182648,0.43484625220298767,1,36355,37,2.1468199879106903e-14
25,32,0.34090863168239594,0.34090864658355713,0.43484623730182648,0.43484625220298767,1,36351,37,8.738577804420284e-14
26,32,0.34090864658355713,0.34090866148471832,0.43484623730182648,0.43484625220298767,1,36349,37,1.353796130510561e-13
27,32,0.34090866148471832,0.34090867638587952,0.43484623730182648,0.43484625220298767,1,36357,37,1.3967866886838324e-13
28,32,0.34090867638587952,0.34090869128704071,0.43484623730182648,0.43484625220298767,1,36343,37,2.9444921372189493e-13
29,32,0.34090869128704071,0.3409087061882019,0.43484623730182648,0.43484625220298767,1,36335,37,4.2178366806946066e-14
30,32,0.3409087061882019,0.3409087210893631,0.43484623730182648,0.43484625220298767,1,36285,37,8.3963116481419959e-14
31,32,0.3409087210893631,0.34090873599052429,0.43484623730182648,0.43484625220298767,1,36337,37,1.0136784105367126e-13
32,32,0.34090873599052429,0.34090875089168549,0.43484623730182648,0.43484625220298767,1,36317,37,4.8571949914102839e-14
33,32,0.34090875089168549,0.34090876579284668,0.43484623730182648,0.43484625220298767,1,36291,37,4.9472158331902547e-14
34,32,0.34090876579284668,0.34090878069400787,0.43484623730182648,0.43484625220298767,1,36313,37,8.335609136216314e-14
35,32,0.34090878069400787,0.34090879559516907,0.43484623730182648,0.43484625220298767,1,36281,37,7.5011992047024372e-14
36,32,0.34090879559516907,0.34090881049633026,0.43484623730182648,0.43484625220298767,1,36255,37,6.9891701288118908e-14
37,32,0.34090881049633026,0.34090882539749146,0.43484623730182648,0.43484625220298767,1,36303,37,4.290839809786521e-13
38,32,0.34090882539749146,0.34090884029865265,0.43484623730182648,0.43484625220298767,1,36321,37,1.7711358217429725e-13
39,32,0.34090884029865265,0.34090885519981384,0.43484623730182648,0.43484625220298767,1,36247,37,6.1244001863875536e-14
40,32,0.34090885519981384,0.34090887010097504,0.43484623730182648,0.43484625220298767,1,36239,37,4.3236964872645997e-14
41,32,0.34090887010097504,0.34090888500213623,0.43484623730182648,0.43484625220298767,1,36253,37,1.0077068190603214e-13
42,32,0.34090888500213623,0.34090889990329742,0.43484623730182648,0.43484625220298767,1,36225,37,1.5982659568121184e-13
43,32,0.34090889990329742,0.34090891480445862,0.43484623730182648,0.43484625220298767,1,36233,37,6.8714988942502474e-14
44,32,0.34090891480445862,0.34090892970561981,0.43484623730182648,0.43484625220298767,1,36229,37,6.8051493513090443e-14
45,32,0.34090892970561981,0.34090894460678101,0.43484623730182648,0.43484625220298767,1,36227,37,3.1111507250187085e-13
46,32,0.34090894460678101,0.3409089595079422,0.43484623730182648,0.43484625220298767,1,36257,37,8.7462178443555459e-14
47,32,0.3409089595079422,0.34090897440910339,0.43484623730182648,0.43484625220298767,1,36269,37,1.7333009666350647e-14
48,32,0.34090897440910339,0.34090898931026459,0.43484623730182648,0.43484625220298767,1,36239,37,2.6338970620999014e-14
49,32,0.34090898931026459,0.34090900421142578,0.43484623730182648,0.43484625220298767,1,36229,37,7.818741111248187e-14
50,32,0.34090900421142578,0.34090901911258698,0.43484623730182648,0.43484625220298767,1,36243,37,1.3155787087046786e-13
51,32,0.34090901911258698,0.34090903401374817,0.43484623730182648,0.43484625220298767,1,36237,37,1.2968632962196164e-13
52,32,0.34090903401374817,0.34090904891490936,0.43484623730182648,0.43484625220298767,1,36207,37,1.6241784471262353e-13
53,32,0.34090904891490936,0.34090906381607056,0.43484623730182648,0.43484625220298767,1,36227,38,1.8400874053973102e-13
54,32,0.34090906381607056,0.34090907871723175,0.43484623730182648,0.43484625220298767,1,36261,38,6.6698980827213886e-14
55,32,0.34090907871723175,0.34090909361839294,0.43484623730182648,0.43484625220298767,1,36281,38,2.801684522416044e-13
56,32,0.34090909361839294,0.34090910851955414,0.43484623730182648,0.43484625220298767,1,36263,38,8.4514214402832878e-14
57,32,0.34090910851955414,0.34090912342071533,0.43484623730182648,0.43484625220298767,1,36275,38,2.3129612472708188e-14
58,32,0.34090912342071533,0.34090913832187653,0.43484623730182648,0.43484625220298767,1,36219,38,1.2097499413769595e-13
59,32,0.34090913832187653,0.34090915322303772,0.43484623730182648,0.43484625220298767,1,36205,38,2.741095866354594e-14
60,32,0.34090915322303772,0.34090916812419891,0.43484623730182648,0.43484625220298767,1,36209,38,9.3300557971543116e-14
61,32,0.34090916812419891,0.34090918302536011,0.43484623730182648,0.43484625220298767,1,36239,38,1.6075638976303219e-13
62,32,0.34090918302536011,0.3409091979265213,0.43484623730182648,0.43484625220298767,1,36189,38,3.3837112264704404e-14
63,32,0.3409091979265213,0.3409092128276825,0.43484623730182648,0.43484625220298767,1,36207,38,3.4804757919028258e-14
0,33,0.34090825915336609,0.34090827405452728,0.43484625220298767,0.43484626710414886,1,36491,37,9.1349614839258468e-14
1,33,0.34090827405452728,0.34090828895568848,0.43484625220298767,0.43484626710414886,1,36469,37,6.7865864517391545e-14
2,33,0.34090828895568848,0.34090830385684967,0.43484625220298767,0.43484626710414886,1,36471,37,1.3809636227281117e-13
3,33,0.34090830385684967,0.34090831875801086,0.43484625220298767,0.43484626710414886,1,36441,37,8.1306308283062786e-14
4,33,0.34090831875801086,0.34090833365917206,0.43484625220298767,0.43484626710414886,1,36487,37,1.374292394577702e-13
5,33,0.34090833365917206,0.34090834856033325,0.43484625220298767,0.43484626710414886,1,36459,36,4.6409373886241733e-14
6,33,0.34090834856033325,0.34090836346149445,0.43484625220298767,0.43484626710414886,1,36455,36,1.1230202534082444e-13
7,33,0.34090836346149445,0.34090837836265564,0.43484625220298767,0.43484626710414886,1,36437,36,8.2304009953813315e-14
8,33,0.34090837836265564,0.34090839326381683,0.43484625220298767,0.43484626710414886,1,36421,36,7.7248210765338101e-14
9,33,0.34090839326381683,0.34090840816497803,0.43484625220298767,0.43484626710414886,1,36447,36,4.8171238837170264e-14
10,33,0.34090840816497803,0.34090842306613922,0.43484625220298767,0.43484626710414886,1,36435,36,2.1135618926196075e-14
11,33,0.34090842306613922,0.34090843796730042,0.43484625220298767,0.43484626710414886,1,36385,36,4.4079546684858909e-14
12,33,0.34090843796730042,0.34090845286846161,0.43484625220298767,0.43484626710414886,1,36369,36,6.8545466885643288e-14
13,33,0.34090845286846161,0.3409084677696228,0.43484625220298767,0.43484626710414886,1,36373,36,8.6979043810164603e-15
14,33,0.3409084677696228,0.340908482670784,0.43484625220298767,0.43484626710414886,1,36371,36,6.3242130688069565e-15
15,33,0.340908482670784,0.34090849757194519,0.43484625220298767,0.43484626710414886,1,36383,36,7.7588594205359352e-14
16,33,0.34090849757194519,0.34090851247310638,0.43484625220298767,0.43484626710414886,1,36339,36,1.6201853347433985e-13
17,33,0.34090851247310638,0.34090852737426758,0.43484625220298767,0.43484626710414886,1,36361,36,5.7087244837088924e-14
18,33,0.34090852737426758,0.34090854227542877,0.43484625220298767,0.43484626710414886,1,36343,37,1.3780041145110943e-13
19,33,0.34090854227542877,0.34090855717658997,0.43484625220298767,0.43484626710414886,1,36353,37,7.1541117623697411e-14
20,33,0.34090855717658997,0.34090857207775116,0.43484625220298767,0.43484626710414886,1,36323,37,1.8028597572460446e-14
21,33,0.34090857207775116,0.34090858697891235,0.43484625220298767,0.43484626710414886,1,36367,37,2.2589522409082523e-13
22,33,0.34090858697891235,0.34090860188007355,0.43484625220298767,0.43484626710414886,1,36357,37,9.4805561794858744e-15
23,33,0.34090860188007355,0.34090861678123474,0.43484625220298767,0.43484626710414886,1,36311,37,3.7786403643493833e-14
24,33,0.34090861678123474,0.34090863168239594,0.43484625220298767,0.43484626710414886,1,36345,37,1.5852129024329999e-14
25,33,0.34090863168239594,0.34090864658355713,0.43484625220298767,0.43484626710414886,1,36317,37,5.9329657509265253e-14
26,33,0.34090864658355713,0.34090866148471832,0.43484625220298767,0.43484626710414886,1,36315,37,4.1892495233129059e-13
27,33,0.34090866148471832,0.34090867638587952,0.43484625220298767,0.43484626710414886,1,36333,37,1.9233740225718208e-13
28,33,0.34090867638587952,0.34090869128704071,0.43484625220298767,0.43484626710414886,1,36339,37,1.2196017217851288e-14
29,33,0.34090869128704071,0.3409087061882019,0.43484625220298767,0.43484626710414886,1,36327,37,5.1463204915618218e-14
30,33,0.3409087061882019,0.3409087210893631,0.43484625220298767,0.43484626710414886,1,36285,37,9.2252607646494347e-14
31,33,0.3409087210893631,0.34090873599052429,0.43484625220298767,0.43484626710414886,1,36321,37,6.0939623865153147e-14
32,33,0.34090873599052429,0.34090875089168549,0.43484625220298767,0.43484626710414886,1,36269,37,7.7317412818530801e-14
33,33,0.34090875089168549,0.34090876579284668,0.43484625220298767,0.43484626710414886,1,36259,37,3.6304439900614136e-15
34,33,0.34090876579284668,0.34090878069400787,0.43484625220298767,0.43484626710414886,1,36299,37,2.1429546065402306e-13
35,33,0.34090878069400787,0.34090879559516907,0.43484625220298767,0.43484626710414886,1,36253,37,1.5748249752008027e-13
36,33,0.34090879559516907,0.34090881049633026,0.43484625220298767,0.43484626710414886,1,36237,37,7.5512179788567528e-14
37,33,0.34090881049633026,0.34090882539749146,0.43484625220298767,0.43484626710414886,1,36277,37,1.5690776512811505e-14
38,33,0.34090882539749146,0.34090884029865265,0.43484625220298767,0.43484626710414886,1,36231,37,2.0427572254368913e-13
39,33,0.34090884029865265,0.34090885519981384,0.43484625220298767,0.43484626710414886,1,36281,37,2.8913783777862419e-13
40,33,0.34090885519981384,0.34090887010097504,0.43484625220298767,0.43484626710414886,1,36259,37,2.4022972736947168e-14
41,33,0.34090887010097504,0.34090888500213623,0.43484625220298767,0.43484626710414886,1,36223,37,6.3695210998366156e-14
42,33,0.34090888500213623,0.34090889990329742,0.43484625220298767,0.43484626710414886,1,36229,37,6.4409994066811703e-15
43,33,0.34090889990329742,0.34090891480445862,0.43484625220298767,0.43484626710414886,1,36237,37,1.121962972229654e-13
44,33,0.34090891480445862,0.34090892970561981,0.43484625220298767,0.43484626710414886,1,36259,37,1.621318661863644e-13
45,33,0.34090892970561981,0.34090894460678101,0.43484625220298767,0.43484626710414886,1,36281,37,2.3760438229845503e-13
46,33,0.34090894460678101,0.3409089595079422,0.43484625220298767,0.43484626710414886,1,36215,37,7.7961422440744993e-14
47,33,0.3409089595079422,0.34090897440910339,0.43484625220298767,0.43484626710414886,1,36271,37,2.327842323272201e-13
48,33,0.34090897440910339,0.34090898931026459,0.43484625220298767,0.43484626710414886,1,36271,37,3.731315525753631e-13
49,33,0.34090898931026459,0.34090900421142578,0.43484625220298767,0.43484626710414886,1,36215,37,6.4982611000983408e-14
50,33,0.34090900421142578,0.34090901911258698,0.43484625220298767,0.43484626710414886,1,36199,37,1.5222616471958996e-13
51,33,0.34090901911258698,0.34090903401374817,0.43484625220298767,0.43484626710414886,1,36221,37,1.0769409394326425e-13
52,33,0.34090903401374817,0.34090904891490936,0.43484625220298767,0.43484626710414886,1,36223,37,5.6493935801869429e-14
53,33,0.34090904891490936,0.34090906381607056,0.43484625220298767,0.43484626710414886,1,36227,38,1.6688075798516401e-13
54,33,0.34090906381607056,0.34090907871723175,0.43484625220298767,0.43484626710414886,1,36215,38,1.1281133126425185e-13
55,33,0.34090907871723175,0.34090909361839294,0.43484625220298767,0.43484626710414886,1,36209,38,1.3714955898775983e-14
56,33,0.34090909361839294,0.34090910851955414,0.43484625220298767,0.43484626710414886,1,36227,38,5.5325814018159482e-14
57,33,0.34090910851955414,0.34090912342071533,0.43484625220298767,0.43484626710414886,1,36203,38,3.4044920991198543e-14
58,33,0.34090912342071533,0.34090913832187653,0.43484625220298767,0.43484626710414886,1,36185,38,3.0879908976259776e-13
59,33,0.34090913832187653,0.34090915322303772,0.43484625220298767,0.43484626710414886,1,36205,38,6.933098907661576e-14
60,33,0.34090915322303772,0.34090916812419891,0.43484625220298767,0.43484626710414886,1,36177,38,2.0900580201483719e-14
61,33,0.34090916812419891,0.34090918302536011,0.43484625220298767,0.43484626710414886,1,36245,38,2.9611482198644242e-14
62,33,0.34090918302536011,0.3409091979265213,0.43484625220298767,0.43484626710414886,1,36223,38,1.5447241275174281e-13
63,33,0.3409091979265213,0.3409092128276825,0.43484625220298767,0.43484626710414886,1,36245,38,1.8635182988491968e-13
0,34,0.34090825915336609,0.34090827405452728,0.43484626710414886,0.43484628200531006,1,36481,37,4.4397768993709513e-14
1,34,0.34090827405452728,0.34090828895568848,0.43484626710414886,0.43484628200531006,1,36439,37,2.318882593163655e-14
2,34,0.34090828895568848,0.34090830385684967,0.43484626710414886,0.43484628200531006,1,36461,37,3.5019111275070595e-15
3,34,0.34090830385684967,0.34090831875801086,0.43484626710414886,0.43484628200531006,1,36461,37,6.7390035726614217e-14
4,34,0.34090831875801086,0.34090833365917206,0.43484626710414886,0.43484628200531006,1,36421,36,6.8601851757783213e-14
5,34,0.34090833365917206,0.34090834856033325,0.43484626710414886,0.43484628200531006,1,36463,36,2.1470310222203576e-14
6,34,0.34090834856033325,0.34090836346149445,0.43484626710414886,0.43484628200531006,1,36423,36,1.4834566913422616e-14
7,34,0.34090836346149445,0.34090837836265564,0.43484626710414886,0.43484628200531006,1,36439,36,2.1654597000018513e-14
8,34,0.34090837836265564,0.34090839326381683,0.43484626710414886,0.43484628200531006,1,36443,36,4.5535009271328043e-14
9,34,0.34090839326381683,0.34090840816497803,0.43484626710414886,0.43484628200531006,1,36409,36,9.7494128152797458e-14
10,34,0.34090840816497803,0.34090842306613922,0.43484626710414886,0.43484628200531006,1,36375,36,7.1233181225307663e-15
11,34,0.34090842306613922,0.34090843796730042,0.43484626710414886,0.43484628200531006,1,36437,36,1.0110109195486464e-14
12,34,0.34090843796730042,0.34090845286846161,0.43484626710414886,0.43484628200531006,1,36361,36,6.899877922890989e-15
13,34,0.34090845286846161,0.3409084677696228,0.43484626710414886,0.43484628200531006,1,36387,36,8.738365990989844e-14
14,34,0.3409084677696228,0.340908482670784,0.43484626710414886,0.43484628200531006,1,36355,36,3.9362793354781077e-14
15,34,0.340908482670784,0.34090849757194519,0.43484626710414886,0.43484628200531006,1,36329,36,1.3827155555399238e-13
16,34,0.34090849757194519,0.34090851247310638,0.43484626710414886,0.43484628200531006,1,36325,36,1.8499983271936539e-13
17,34,0.34090851247310638,0.34090852737426758,0.43484626710414886,0.43484628200531006,1,36335,36,3.5163333574896248e-14
18,34,0.34090852737426758,0.34090854227542877,0.43484626710414886,0.43484628200531006,1,36341,37,8.238947730695998e-14
19,34,0.34090854227542877,0.34090855717658997,0.43484626710414886,0.43484628200531006,1,36349,37,5.6753517543193106e-14
20,34,0.34090855717658997,0.34090857207775116,0.43484626710414886,0.43484628200531006,1,36315,37,1.3202099675993417e-13
21,34,0.34090857207775116,0.34090858697891235,0.43484626710414886,0.43484628200531006,1,36315,37,1.0272875630358638e-13
22,34,0.34090858697891235,0.34090860188007355,0.43484626710414886,0.43484628200531006,1,36331,37,9.2510902763101593e-15
23,34,0.34090860188007355,0.34090861678123474,0.43484626710414886,0.43484628200531006,1,36299,37,2.0415601112982327e-15
24,34,0.34090861678123474,0.34090863168239594,0.43484626710414886,0.43484628200531006,1,36305,37,2.0107686436753549e-13
25,34,0.34090863168239594,0.34090864658355713,0.43484626710414886,0.43484628200531006,1,36349,37,7.3829929575374514e-14
26,34,0.34090864658355713,0.34090866148471832,0.43484626710414886,0.43484628200531006,1,36289,37,1.3391247597364446e-13
27,34,0.34090866148471832,0.34090867638587952,0.43484626710414886,0.43484628200531006,1,36311,37,5.9892463598608803e-15
28,34,0.34090867638587952,0.34090869128704071,0.43484626710414886,0.43484628200531006,1,36313,37,2.5875111215075377e-14
29,34,0.34090869128704071,0.3409087061882019,0.43484626710414886,0.43484628200531006,1,36343,37,4.7283027258998244e-14
30,34,0.3409087061882019,0.3409087210893631,0.43484626710414886,0.43484628200531006,1,36305,37,3.0241448020796813e-14
31,34,0.3409087210893631,0.34090873599052429,0.43484626710414886,0.43484628200531006,1,36261,37,7.1423103777181602e-14
32,34,0.34090873599052429,0.34090875089168549,0.43484626710414886,0.43484628200531006,1,36285,37,1.2063887701379373e-13
33,34,0.34090875089168549,0.34090876579284668,0.43484626710414886,0.43484628200531006,1,36287,37,1.1839023178555559e-13
34,34,0.34090876579284668,0.34090878069400787,0.43484626710414886,0.43484628200531006,1,36265,37,1.0866173899864471e-15
35,34,0.34090878069400787,0.34090879559516907,0.43484626710414886,0.43484628200531006,1,36269,37,5.5402526397624016e-14
36,34,0.34090879559516907,0.34090881049633026,0.43484626710414886,0.43484628200531006,1,36249,37,3.4669593191301549e-14
37,34,0.34090881049633026,0.34090882539749146,0.43484626710414886,0.43484628200531006,1,36263,37,1.4564686536705775e-13
38,34,0.34090882539749146,0.34090884029865265,0.43484626710414886,0.43484628200531006,1,36269,37,1.0562960737126249e-14
39,34,0.34090884029865265,0.34090885519981384,0.43484626710414886,0.43484628200531006,1,36273,37,3.4507347994512905e-13
40,34,0.34090885519981384,0.34090887010097504,0.43484626710414886,0.43484628200531006,1,36277,37,1.9223328567273554e-13
41,34,0.34090887010097504,0.34090888500213623,0.43484626710414886,0.43484628200531006,1,36261,37,1.146492719040016e-14
42,34,0.34090888500213623,0.34090889990329742,0.43484626710414886,0.43484628200531006,1,36259,37,9.3577052791274117e-14
43,34,0.34090889990329742,0.34090891480445862,0.43484626710414886,0.43484628200531006,1,36247,37,1.4803943565093498e-13
44,34,0.34090891480445862,0.34090892970561981,0.43484626710414886,0.43484628200531006,1,36269,37,9.4049671344490751e-14
45,34,0.34090892970561981,0.34090894460678101,0.43484626710414886,0.43484628200531006,1,36257,37,3.0231108377906041e-13
46,34,0.34090894460678101,0.3409089595079422,0.43484626710414886,0.43484628200531006,1,36285,37,2.818387119033386e-14
47,34,0.3409089595079422,0.34090897440910339,0.43484626710414886,0.43484628200531006,1,36269,37,1.2943715047457897e-13
48,34,0.34090897440910339,0.34090898931026459,0.43484626710414886,0.43484628200531006,1,36277,37,8.0773869770088853e-14
49,34,0.34090898931026459,0.34090900421142578,0.43484626710414886,0.43484628200531006,1,36221,37,1.4739299030754503e-13
50,34,0.34090900421142578,0.34090901911258698,0.43484626710414886,0.43484628200531006,1,36231,37,3.3359045893717942e-14
51,34,0.34090901911258698,0.34090903401374817,0.43484626710414886,0.43484628200531006,1,36245,37,6.562530788580772e-14
52,34,0.34090903401374817,0.34090904891490936,0.43484626710414886,0.43484628200531006,1,36223,37,2.5744896535542872e-13
53,34,0.34090904891490936,0.34090906381607056,0.43484626710414886,0.43484628200531006,1,36209,38,9.7786863122572888e-14
54,34,0.34090906381607056,0.34090907871723175,0.43484626710414886,0.43484628200531006,1,36203,38,7.4317657855277747e-14
55,34,0.34090907871723175,0.34090909361839294,0.43484626710414886,0.43484628200531006,1,36231,38,2.345276870955899e-13
56,34,0.34090909361839294,0.34090910851955414,0.43484626710414886,0.43484628200531006,1,36243,38,5.8219422478863138e-14
57,34,0.34090910851955414,0.34090912342071533,0.43484626710414886,0.43484628200531006,1,36251,38,8.1838299739133769e-14
58,34,0.34090912342071533,0.34090913832187653,0.43484626710414886,0.43484628200531006,1,36221,38,5.4679331695582705e-14
59,34,0.34090913832187653,0.34090915322303772,0.43484626710414886,0.43484628200531006,1,36197,38,1.9623801691622764e-13
60,34,0.34090915322303772,0.34090916812419891,0.43484626710414886,0.43484628200531006,1,36205,38,1.4864309158545616e-15
61,34,0.34090916812419891,0.34090918302536011,0.43484626710414886,0.43484628200531006,1,36203,38,1.466980128377795e-13
62,34,0.34090918302536011,0.3409091979265213,0.43484626710414886,0.43484628200531006,1,36233,38,3.1522123033434095e-13
63,34,0.3409091979265213,0.3409092128276825,0.43484626710414886,0.43484628200531006,1,36185,38,6.8594030028836155e-14
0,35,0.34090825915336609,0.34090827405452728,0.43484628200531006,0.43484629690647125,1,36439,37,7.6893455833694146e-14
1,35,0.34090827405452728,0.34090828895568848,0.43484628200531006,0.43484629690647125,1,36463,37,1.1009939518083217e-13
2,35,0.34090828895568848,0.34090830385684967,0.43484628200531006,0.43484629690647125,1,36455,37,7.6725085961828365e-14
3,35,0.34090830385684967,0.34090831875801086,0.43484628200531006,0.43484629690647125,1,36461,37,1.0884748914480264e-13
4,35,0.34090831875801086,0.34090833365917206,0.43484628200531006,0.43484629690647125,1,36401,36,2.188491540298009e-13
5,35,0.34090833365917206,0.34090834856033325,0.43484628200531006,0.43484629690647125,1,36411,36,4.4859638794830136e-16
6,35,0.34090834856033325,0.34090836346149445,0.43484628200531006,0.43484629690647125,1,36415,36,2.7275527142154337e-14
7,35,0.34090836346149445,0.34090837836265564,0.43484628200531006,0.43484629690647125,1,36427,36,3.0113890388952903e-14
8,35,0.34090837836265564,0.34090839326381683,0.43484628200531006,0.43484629690647125,1,36405,36,3.737838233464629e-14
9,35,0.34090839326381683,0.34090840816497803,0.43484628200531006,0.43484629690647125,1,36419,36,6.5183654128745613e-14
10,35,0.34090840816497803,0.34090842306613922,0.43484628200531006,0.43484629690647125,1,36383,36,6.0031517701503295e-15
11,35,0.34090842306613922,0.34090843796730042,0.43484628200531006,0.43484629690647125,1,36381,36,4.1212333539084121e-14
12,35,0.34090843796730042,0.34090845286846161,0.43484628200531006,0.43484629690647125,1,36391,36,2.542887227423064e-14
13,35,0.34090845286846161,0.3409084677696228,0.43484628200531006,0.43484629690647125,1,36391,36,5.3269943798340786e-14
14,35,0.3409084677696228,0.340908482670784,0.43484628200531006,0.43484629690647125,1,36337,36,1.4943659951409465e-13
15,35,0.340908482670784,0.34090849757194519,0.43484628200531006,0.43484629690647125,1,36365,36,4.5606297019580328e-14
16,35,0.34090849757194519,0.34090851247310638,0.43484628200531006,0.43484629690647125,1,36355,36,1.7169859515701517e-14
17,35,0.34090851247310638,0.34090852737426758,0.43484628200531006,0.43484629690647125,1,36327,36,1.5321738629563039e-13
18,35,0.34090852737426758,0.34090854227542877,0.43484628200531006,0.43484629690647125,1,36331,37,5.5178657950502795e-15
19,35,0.34090854227542877,0.34090855717658997,0.43484628200531006,0.43484629690647125,1,36315,37,2.2647126922295913e-14
20,35,0.34090855717658997,0.34090857207775116,0.43484628200531006,0.43484629690647125,1,36319,37,1.1653964518529791e-13
21,35,0.34090857207775116,0.34090858697891235,0.43484628200531006,0.43484629690647125,1,36323,37,4.8974023796026337e-14
22,35,0.34090858697891235,0.34090860188007355,0.43484628200531006,0.43484629690647125,1,36311,37,1.735507998153568e-13
23,35,0.34090860188007355,0.34090861678123474,0.43484628200531006,0.43484629690647125,1,36379,37,2.701050639843771e-13
24,35,0.34090861678123474,0.34090863168239594,0.43484628200531006,0.43484629690647125,1,36357,37,1.8129520415628943e-13
25,35,0.34090863168239594,0.34090864658355713,0.43484628200531006,0.43484629690647125,1,36279,37,5.0275043685527394e-14
26,35,0.34090864658355713,0.34090866148471832,0.43484628200531006,0.43484629690647125,1,36285,37,5.5980926983731027e-14
27,35,0.34090866148471832,0.34090867638587952,0.43484628200531006,0.43484629690647125,1,36333,37,2.8600909879252932e-15
28,35,0.34090867638587952,0.34090869128704071,0.43484628200531006,0.43484629690647125,1,36319,37,2.4358518589487641e-14
29,35,0.34090869128704071,0.3409087061882019,0.43484628200531006,0.43484629690647125,1,36295,37,5.6869965252275371e-14
30,35,0.3409087061882019,0.3409087210893631,0.43484628200531006,0.43484629690647125,1,36291,37,8.4254987084190491e-14
31,35,0.3409087210893631,0.34090873599052429,0.43484628200531006,0.43484629690647125,1,36263,37,1.1847878880879824e-13
32,35,0.34090873599052429,0.34090875089168549,0.43484628200531006,0.43484629690647125,1,36273,37,3.4755705547125776e-14
33,35,0.34090875089168549,0.34090876579284668,0.43484628200531006,0.43484629690647125,1,36275,37,4.7672828526502734e-14
34,35,0.34090876579284668,0.34090878069400787,0.43484628200531006,0.43484629690647125,1,36289,37,1.4064232252302765e-13
35,35,0.34090878069400787,0.34090879559516907,0.43484628200531006,0.43484629690647125,1,36253,37,1.1295793180639181e-13
36,35,0.34090879559516907,0.34090881049633026,0.43484628200531006,0.43484629690647125,1,36247,37,1.8312461069593033e-14
37,35,0.34090881049633026,0.34090882539749146,0.43484628200531006,0.43484629690647125,1,36239,37,2.369719129530189e-13
38,35,0.34090882539749146,0.34090884029865265,0.43484628200531006,0.43484629690647125,1,36281,37,2.1408922604159758e-13
39,35,0.34090884029865265,0.34090885519981384,0.43484628200531006,0.43484629690647125,1,36271,37,1.2135634695279717e-13
40,35,0.34090885519981384,0.34090887010097504,0.43484628200531006,0.43484629690647125,1,36221,37,5.6197606973287584e-14
41,35,0.34090887010097504,0.34090888500213623,0.43484628200531006,0.43484629690647125,1,36249,37,5.0644412597611342e-14
42,35,0.34090888500213623,0.34090889990329742,0.43484628200531006,0.43484629690647125,1,36261,37,1.1154269308676258e-13
43,35,0.34090889990329742,0.34090891480445862,0.43484628200531006,0.43484629690647125,1,36257,37,8.7892310872201503e-14
44,35,0.34090891480445862,0.34090892970561981,0.43484628200531006,0.43484629690647125,1,36235,37,5.3820091106161241e-14
45,35,0.34090892970561981,0.34090894460678101,0.43484628200531006,0.43484629690647125,1,36215,37,6.5831936412252071e-14
46,35,0.34090894460678101,0.3409089595079422,0.43484628200531006,0.43484629690647125,1,36261,37,2.375886639862731e-13
47,35,0.3409089595079422,0.34090897440910339,0.43484628200531006,0.43484629690647125,1,36209,37,2.5708629758410504e-14
48,35,0.34090897440910339,0.34090898931026459,0.43484628200531006,0.43484629690647125,1,36295,37,6.0395558063409793e-14
49,35,0.34090898931026459,0.34090900421142578,0.43484628200531006,0.43484629690647125,1,36289,37,4.8794386449764904e-14
50,35,0.34090900421142578,0.34090901911258698,0.43484628200531006,0.43484629690647125,1,36273,37,6.5614040973713939e-14
51,35,0.34090901911258698,0.34090903401374817,0.43484628200531006,0.43484629690647125,1,36235,37,2.9573722471785919e-13
52,35,0.34090903401374817,0.34090904891490936,0.43484628200531006,0.43484629690647125,1,36203,37,2.1262619938764307e-14
53,35,0.34090904891490936,0.34090906381607056,0.43484628200531006,0.43484629690647125,1,36223,38,4.4520028598069161e-15
54,35,0.34090906381607056,0.34090907871723175,0.43484628200531006,0.43484629690647125,1,36217,38,1.4359002773381838e-13
55,35,0.34090907871723175,0.34090909361839294,0.43484628200531006,0.43484629690647125,1,36205,38,1.5339424580065002e-13
56,35,0.34090909361839294,0.34090910851955414,0.43484628200531006,0.43484629690647125,1,36251,38,2.2076135752167156e-13
57,35,0.34090910851955414,0.34090912342071533,0.43484628200531006,0.43484629690647125,1,36229,38,1.2012078510763466e-13
58,35,0.34090912342071533,0.34090913832187653,0.43484628200531006,0.43484629690647125,1,36203,38,1.3206293641683547e-14
59,35,0.34090913832187653,0.34090915322303772,0.43484628200531006,0.43484629690647125,1,36229,38,1.727422676331537e-13
60,35,0.34090915322303772,0.34090916812419891,0.43484628200531006,0.43484629690647125,1,36203,38,8.7437660758255029e-14
61,35,0.34090916812419891,0.34090918302536011,0.43484628200531006,0.43484629690647125,1,36229,38,5.0341372561707373e-15
62,35,0.34090918302536011,0.3409091979265213,0.43484628200531006,0.43484629690647125,1,36241,38,5.2156629450357017e-13
63,35,0.3409091979265213,0.3409092128276825,0.43484628200531006,0.43484629690647125,1,36199,38,5.5355353932397259e-14
0,36,0.34090825915336609,0.34090827405452728,0.43484629690647125,0.43484631180763245,1,36477,37,7.0526263282941752e-14
1,36,0.34090827405452728,0.34090828895568848,0.43484629690647125,0.43484631180763245,1,36445,37,1.7432463744316388e-14
2,36,0.34090828895568848,0.34090830385684967,0.43484629690647125,0.43484631180763245,1,36417,37,2.3262071385479648e-14
3,36,0.34090830385684967,0.34090831875801086,0.43484629690647125,0.43484631180763245,1,36431,36,1.6747427663650688e-13
4,36,0.34090831875801086,0.34090833365917206,0.43484629690647125,0.43484631180763245,1,36467,36,9.0707359312547361e-14
5,36,0.34090833365917206,0.34090834856033325,0.43484629690647125,0.43484631180763245,1,36405,36,2.9358917711549627e-14
6,36,0.34090834856033325,0.34090836346149445,0.43484629690647125,0.43484631180763245,1,36441,36,9.9586587077259836e-14
7,36,0.34090836346149445,0.34090837836265564,0.43484629690647125,0.43484631180763245,1,36397,36,1.1170027240891505e-14
8,36,0.34090837836265564,0.34090839326381683,0.43484629690647125,0.43484631180763245,1,36407,36,8.6699751274264735e-14
9,36,0.34090839326381683,0.34090840816497803,0.43484629690647125,0.43484631180763245,1,36385,36,3.916863532407488e-15
10,36,0.34090840816497803,0.34090842306613922,0.43484629690647125,0.43484631180763245,1,36393,36,1.0744668260531221e-13
11,36,0.34090842306613922,0.34090843796730042,0.43484629690647125,0.43484631180763245,1,36381,36,4.2020901556644824e-15
12,36,0.34090843796730042,0.34090845286846161,0.43484629690647125,0.43484631180763245,1,36365,36,1.0917833260579969e-13
13,36,0.34090845286846161,0.3409084677696228,0.43484629690647125,0.43484631180763245,1,36395,36,1.3817603019947824e-14
14,36,0.3409084677696228,0.340908482670784,0.43484629690647125,0.43484631180763245,1,36353,36,1.795671739728543e-14
15,36,0.340908482670784,0.34090849757194519,0.43484629690647125,0.43484631180763245,1,36335,36,1.1626947601698741e-13
16,36,0.34090849757194519,0.34090851247310638,0.43484629690647125,0.43484631180763245,1,36335,36,8.2922517940511926e-14
17,36,0.34090851247310638,0.34090852737426758,0.43484629690647125,0.43484631180763245,1,36329,36,8.3102545357161808e-14
18,36,0.34090852737426758,0.34090854227542877,0.43484629690647125,0.43484631180763245,1,36385,37,1.1823490239615561e-14
19,36,0.34090854227542877,0.34090855717658997,0.43484629690647125,0.43484631180763245,1,36365,37,1.0709880401327911e-13
20,36,0.34090855717658997,0.34090857207775116,0.43484629690647125,0.43484631180763245,1,36323,37,5.887187038014457e-14
21,36,0.34090857207775116,0.34090858697891235,0.43484629690647125,0.43484631180763245,1,36351,37,5.9852970772881777e-14
22,36,0.34090858697891235,0.34090860188007355,0.43484629690647125,0.43484631180763245,1,36307,37,1.2879223423744291e-13
23,36,0.34090860188007355,0.34090861678123474,0.43484629690647125,0.43484631180763245,1,36315,37,2.0447433996447951e-13
24,36,0.34090861678123474,0.34090863168239594,0.43484629690647125,0.43484631180763245,1,36337,37,1.6339618486411192e-13
25,36,0.34090863168239594,0.34090864658355713,0.43484629690647125,0.43484631180763245,1,36313,37,2.18069463510621e-14
26,36,0.34090864658355713,0.34090866148471832,0.43484629690647125,0.43484631180763245,1,36285,37,2.2044472238427163e-13
27,36,0.34090866148471832,0.34090867638587952,0.43484629690647125,0.43484631180763245,1,36295,37,9.6205866077932652e-15
28,36,0.34090867638587952,0.34090869128704071,0.43484629690647125,0.43484631180763245,1,36281,37,1.2553421995704186e-13
29,36,0.34090869128704071,0.3409087061882019,0.43484629690647125,0.43484631180763245,1,36317,37,1.2514410682338897e-13
30,36,0.3409087061882019,0.3409087210893631,0.43484629690647125,0.43484631180763245,1,36309,37,2.5863106615697381e-13
31,36,0.3409087210893631,0.34090873599052429,0.43484629690647125,0.43484631180763245,1,36309,37,1.5319950176309295e-13
32,36,0.34090873599052429,0.34090875089168549,0.43484629690647125,0.43484631180763245,1,36275,37,5.2328902872197957e-13
33,36,0.34090875089168549,0.34090876579284668,0.43484629690647125,0.43484631180763245,1,36269,37,5.9071315460872815e-14
34,36,0.34090876579284668,0.34090878069400787,0.43484629690647125,0.43484631180763245,1,36249,37,1.4053520146657604e-13
35,36,0.34090878069400787,0.34090879559516907,0.43484629690647125,0.43484631180763245,1,36251,37,1.0659059529843766e-13
36,36,0.34090879559516907,0.34090881049633026,0.43484629690647125,0.43484631180763245,1,36239,37,2.94364432368468e-13
37,36,0.34090881049633026,0.34090882539749146,0.43484629690647125,0.43484631180763245,1,36229,37,1.8946234108525118e-13
38,36,0.34090882539749146,0.34090884029865265,0.43484629690647125,0.43484631180763245,1,36293,37,1.7168873411349722e-14
39,36,0.34090884029865265,0.34090885519981384,0.43484629690647125,0.43484631180763245,1,36229,37,1.0487842437391408e-13
40,36,0.34090885519981384,0.34090887010097504,0.43484629690647125,0.43484631180763245,1,36227,37,1.275587587267409e-13
41,36,0.34090887010097504,0.34090888500213623,0.43484629690647125,0.43484631180763245,1,36249,37,1.572598382231412e-13
42,36,0.34090888500213623,0.34090889990329742,0.43484629690647125,0.43484631180763245,1,36229,37,2.2805805455791116e-13
43,36,0.34090889990329742,0.34090891480445862,0.43484629690647125,0.43484631180763245,1,36259,37,2.2983627771972985e-13
44,36,0.34090891480445862,0.34090892970561981,0.43484629690647125,0.43484631180763245,1,36209,37,4.125513453465947e-14
45,36,0.34090892970561981,0.34090894460678101,0.43484629690647125,0.43484631180763245,1,36211,37,1.538381774216074e-13
46,36,0.34090894460678101,0.3409089595079422,0.43484629690647125,0.43484631180763245,1,36241,37,5.8903150838489187e-14
47,36,0.3409089595079422,0.34090897440910339,0.43484629690647125,0.43484631180763245,1,36231,37,1.8617347996008207e-14
48,36,0.34090897440910339,0.34090898931026459,0.43484629690647125,0.43484631180763245,1,36213,37,1.0815535801996511e-14
49,36,0.34090898931026459,0.34090900421142578,0.43484629690647125,0.43484631180763245,1,36259,37,3.7089143407656986e-14
50,36,0.34090900421142578,0.34090901911258698,0.43484629690647125,0.43484631180763245,1,36221,37,2.8116074709236075e-13
51,36,0.34090901911258698,0.34090903401374817,0.43484629690647125,0.43484631180763245,1,36223,37,4.6360398522314576e-14
52,36,0.34090903401374817,0.34090904891490936,0.43484629690647125,0.43484631180763245,1,36209,37,2.6431245069164645e-13
53,36,0.34090904891490936,0.34090906381607056,0.43484629690647125,0.43484631180763245,1,36175,37,8.1579100129103198e-14
54,36,0.34090906381607056,0.34090907871723175,0.43484629690647125,0.43484631180763245,1,36205,38,1.702893036541738e-13
55,36,0.34090907871723175,0.34090909361839294,0.43484629690647125,0.43484631180763245,1,36221,38,8.3363281725526084e-14
56,36,0.34090909361839294,0.34090910851955414,0.43484629690647125,0.43484631180763245,1,36237,38,2.5869164834081148e-13
57,36,0.34090910851955414,0.34090912342071533,0.43484629690647125,0.43484631180763245,1,36185,38,1.0240495643975502e-13
58,36,0.34090912342071533,0.34090913832187653,0.43484629690647125,0.43484631180763245,1,36227,38,3.5214269101330631e-13
59,36,0.34090913832187653,0.34090915322303772,0.43484629690647125,0.43484631180763245,1,36215,38,9.3648568317110979e-14
60,36,0.34090915322303772,0.34090916812419891,0.43484629690647125,0.43484631180763245,1,36193,38,2.6333478674196867e-13
61,36,0.34090916812419891,0.34090918302536011,0.43484629690647125,0.43484631180763245,1,36221,38,8.7014713938441163e-15
62,36,0.34090918302536011,0.3409091979265213,0.43484629690647125,0.43484631180763245,1,36215,38,4.1749237582869378e-14
63,36,0.3409091979265213,0.3409092128276825,0.43484629690647125,0.43484631180763245,1,36167,38,1.0192112496790946e-13
0,37,0.34090825915336609,0.34090827405452728,0.43484631180763245,0.43484632670879364,1,36437,37,1.5113864058521495e-14
1,37,0.34090827405452728,0.34090828895568848,0.43484631180763245,0.43484632670879364,1,36449,37,2.5420023276569717e-14
2,37,0.34090828895568848,0.34090830385684967,0.43484631180763245,0.43484632670879364,1,36443,36,2.9580811513374286e-14
3,37,0.34090830385684967,0.34090831875801086,0.43484631180763245,0.43484632670879364,1,36437,36,1.1898335819178111e-14
4,37,0.34090831875801086,0.34090833365917206,0.43484631180763245,0.43484632670879364,1,36423,36,2.3822149495692678e-15
5,37,0.34090833365917206,0.34090834856033325,0.43484631180763245,0.43484632670879364,1,36417,36,4.217335811759179e-14
6,37,0.34090834856033325,0.34090836346149445,0.43484631180763245,0.43484632670879364,1,36411,36,5.0068042407640036e-14
7,37,0.34090836346149445,0.34090837836265564,0.43484631180763245,0.43484632670879364,1,36415,36,1.6210695065179795e-14
8,37,0.34090837836265564,0.34090839326381683,0.43484631180763245,0.43484632670879364,1,36389,36,1.0167430271461811e-13
9,37,0.34090839326381683,0.34090840816497803,0.43484631180763245,0.43484632670879364,1,36397,36,2.000815339568451e-13
10,37,0.34090840816497803,0.34090842306613922,0.43484631180763245,0.43484632670879364,1,36383,36,4.5590452947375245e-14
11,37,0.34090842306613922,0.34090843796730042,0.43484631180763245,0.43484632670879364,1,36349,36,6.0589574488873055e-14
12,37,0.34090843796730042,0.34090845286846161,0.43484631180763245,0.43484632670879364,1,36381,36,1.6300559512902336e-13
13,37,0.34090845286846161,0.3409084677696228,0.43484631180763245,0.43484632670879364,1,36339,36,1.2960875991010756e-13
14,37,0.3409084677696228,0.340908482670784,0.43484631180763245,0.43484632670879364,1,36373,36,9.1726867092514281e-14
15,37,0.340908482670784,0.34090849757194519,0.43484631180763245,0.43484632670879364,1,36377,36,3.6294574366384345e-14
16,37,0.34090849757194519,0.34090851247310638,0.43484631180763245,0.43484632670879364,1,36345,36,6.1956578119492263e-14
17,37,0.34090851247310638,0.34090852737426758,0.43484631180763245,0.43484632670879364,1,36363,36,5.4951726119366476e-14
18,37,0.34090852737426758,0.34090854227542877,0.43484631180763245,0.43484632670879364,1,36325,36,7.361076931189308e-14
19,37,0.34090854227542877,0.34090855717658997,0.43484631180763245,0.43484632670879364,1,36381,37,7.1814524668674632e-14
20,37,0.34090855717658997,0.34090857207775116,0.43484631180763245,0.43484632670879364,1,36355,37,5.1772171332451132e-14
21,37,0.34090857207775116,0.34090858697891235,0.43484631180763245,0.43484632670879364,1,36299,37,1.022139797351123e-13
22,37,0.34090858697891235,0.34090860188007355,0.43484631180763245,0.43484632670879364,1,36317,37,1.0204245622206511e-14
23,37,0.34090860188007355,0.34090861678123474,0.43484631180763245,0.43484632670879364,1,36373,37,4.9410825438008401e-13
24,37,0.34090861678123474,0.34090863168239594,0.43484631180763245,0.43484632670879364,1,36323,37,1.0090481159661703e-15
25,37,0.34090863168239594,0.34090864658355713,0.43484631180763245,0.43484632670879364,1,36283,37,3.9759037966973413e-14
26,37,0.34090864658355713,0.34090866148471832,0.43484631180763245,0.43484632670879364,1,36293,37,1.3805834802731414e-13
27,37,0.34090866148471832,0.34090867638587952,0.43484631180763245,0.43484632670879364,1,36303,37,5.2514252817265457e-14
28,37,0.34090867638587952,0.34090869128704071,0.43484631180763245,0.43484632670879364,1,36313,37,9.3868436598082909e-14
29,37,0.34090869128704071,0.3409087061882019,0.43484631180763245,0.43484632670879364,1,36249,37,3.6528702239523752e-14
30,37,0.3409087061882019,0.3409087210893631,0.43484631180763245,0.43484632670879364,1,36289,37,7.6691580957479411e-14
31,37,0.3409087210893631,0.34090873599052429,0.43484631180763245,0.43484632670879364,1,36277,37,1.1778211837463258e-13
32,37,0.34090873599052429,0.34090875089168549,0.43484631180763245,0.43484632670879364,1,36261,37,8.997241177775302e-14
33,37,0.34090875089168549,0.34090876579284668,0.43484631180763245,0.43484632670879364,1,36307,37,1.8351230168306171e-13
34,37,0.34090876579284668,0.34090878069400787,0.43484631180763245,0.43484632670879364,1,36291,37,2.7691841996700529e-14
35,37,0.34090878069400787,0.34090879559516907,0.43484631180763245,0.43484632670879364,1,36271,37,8.2417123237614063e-15
36,37,0.34090879559516907,0.34090881049633026,0.43484631180763245,0.43484632670879364,1,36273,37,2.5417265644901247e-14
37,37,0.34090881049633026,0.34090882539749146,0.43484631180763245,0.43484632670879364,1,36303,37,5.3564015372161235e-14
38,37,0.34090882539749146,0.34090884029865265,0.43484631180763245,0.43484632670879364,1,36287,37,1.657445500437261e-13
39,37,0.34090884029865265,0.34090885519981384,0.43484631180763245,0.43484632670879364,1,36215,37,7.3304380539762443e-14
40,37,0.34090885519981384,0.34090887010097504,0.43484631180763245,0.43484632670879364,1,36257,37,4.2819415170828137e-14
41,37,0.34090887010097504,0.34090888500213623,0.43484631180763245,0.43484632670879364,1,36229,37,2.3305337645631407e-14
42,37,0.34090888500213623,0.34090889990329742,0.43484631180763245,0.43484632670879364,1,36269,37,2.6164917106728012e-13
43,37,0.34090889990329742,0.34090891480445862,0.43484631180763245,0.43484632670879364,1,36229,37,8.4009318535358711e-16
44,37,0.34090891480445862,0.34090892970561981,0.43484631180763245,0.43484632670879364,1,36231,37,5.1223186052659781e-14
45,37,0.34090892970561981,0.34090894460678101,0.43484631180763245,0.43484632670879364,1,36197,37,9.514187121430715e-14
46,37,0.34090894460678101,0.3409089595079422,0.43484631180763245,0.43484632670879364,1,36231,37,1.4275197427354345e-13
47,37,0.3409089595079422,0.34090897440910339,0.43484631180763245,0.43484632670879364,1,36221,37,3.1579227773906669e-13
48,37,0.34090897440910339,0.34090898931026459,0.43484631180763245,0.43484632670879364,1,36261,37,2.5560806496633109e-13
49,37,0.34090898931026459,0.34090900421142578,0.43484631180763245,0.43484632670879364,1,36241,37,1.285584536355528e-13
50,37,0.34090900421142578,0.34090901911258698,0.43484631180763245,0.43484632670879364,1,36257,37,3.2653538626869567e-13
51,37,0.34090901911258698,0.34090903401374817,0.43484631180763245,0.43484632670879364,1,36187,37,2.1105446178639125e-13
52,37,0.34090903401374817,0.34090904891490936,0.43484631180763245,0.43484632670879364,1,36191,37,4.9926709071045641e-14
53,37,0.34090904891490936,0.34090906381607056,0.43484631180763245,0.43484632670879364,1,36189,37,9.4845095445600225e-14
54,37,0.34090906381607056,0.34090907871723175,0.43484631180763245,0.43484632670879364,1,36185,38,1.4431821508409454e-14
55,37,0.34090907871723175,0.34090909361839294,0.43484631180763245,0.43484632670879364,1,36227,38,5.0923773271228165e-14
56,37,0.34090909361839294,0.34090910851955414,0.43484631180763245,0.43484632670879364,1,36205,38,1.4929112119734519e-15
57,37,0.34090910851955414,0.34090912342071533,0.43484631180763245,0.43484632670879364,1,36181,38,4.4914924578816502e-14
58,37,0.34090912342071533,0.34090913832187653,0.43484631180763245,0.43484632670879364,1,36197,38,1.3880358168038554e-13
59,37,0.34090913832187653,0.34090915322303772,0.43484631180763245,0.43484632670879364,1,36185,38,4.9869238859644231e-14
60,37,0.34090915322303772,0.34090916812419891,0.43484631180763245,0.43484632670879364,1,36181,38,1.5362466145913107e-14
61,37,0.34090916812419891,0.34090918302536011,0.43484631180763245,0.43484632670879364,1,36209,38,7.3917239530003972e-15
62,37,0.34090918302536011,0.3409091979265213,0.43484631180763245,0.43484632670879364,1,36177,38,4.6328244646281146e-15
63,37,0.3409091979265213,0.3409092128276825,0.43484631180763245,0.43484632670879364,1,36165,38,6.617142081911446e-14
0,38,0.34090825915336609,0.34090827405452728,0.43484632670879364,0.43484634160995483,1,36441,37,5.0833562906008482e-15
1,38,0.34090827405452728,0.34090828895568848,0.43484632670879364,0.43484634160995483,1,36443,37,2.605607027541025e-13
2,38,0.34090828895568848,0.34090830385684967,0.43484632670879364,0.43484634160995483,1,36393,36,1.232153993809685e-13
3,38,0.34090830385684967,0.34090831875801086,0.43484632670879364,0.43484634160995483,1,36431,36,1.1322042449389514e-14
4,38,0.34090831875801086,0.34090833365917206,0.43484632670879364,0.43484634160995483,1,36409,36,2.7823795393388705e-14
5,38,0.34090833365917206,0.34090834856033325,0.43484632670879364,0.43484634160995483,1,36405,36,1.7757878296272028e-14
6,38,0.34090834856033325,0.34090836346149445,0.43484632670879364,0.43484634160995483,1,36433,36,3.3637982917032362e-14
7,38,0.34090836346149445,0.34090837836265564,0.43484632670879364,0.43484634160995483,1,36381,36,8.401349962481033e-15
8,38,0.34090837836265564,0.34090839326381683,0.43484632670879364,0.43484634160995483,1,36377,36,5.5605959562869544e-15
9,38,0.34090839326381683,0.34090840816497803,0.43484632670879364,0.43484634160995483,1,36377,36,4.6447088232758024e-14
10,38,0.34090840816497803,0.34090842306613922,0.43484632670879364,0.43484634160995483,1,36351,36,4.4459379940239708e-14
11,38,0.34090842306613922,0.34090843796730042,0.43484632670879364,0.43484634160995483,1,36343,36,7.9995442535157281e-14
12,38,0.34090843796730042,0.34090845286846161,0.43484632670879364,0.43484634160995483,1,36371,36,5.744053534065521e-14
13,38,0.34090845286846161,0.3409084677696228,0.43484632670879364,0.43484634160995483,1,36343,36,2.421453144941606e-13
14,38,0.3409084677696228,0.340908482670784,0.43484632670879364,0.43484634160995483,1,36327,36,5.1006297879281857e-15
15,38,0.340908482670784,0.34090849757194519,0.43484632670879364,0.43484634160995483,1,36335,36,6.7772662121102138e-14
16,38,0.34090849757194519,0.34090851247310638,0.43484632670879364,0.43484634160995483,1,36345,36,3.7888208524822942e-14
17,38,0.34090851247310638,0.34090852737426758,0.43484632670879364,0.43484634160995483,1,36385,36,4.4252802487958882e-14
18,38,0.34090852737426758,0.34090854227542877,0.43484632670879364,0.43484634160995483,1,36331,36,7.0887045714945342e-14
19,38,0.34090854227542877,0.34090855717658997,0.43484632670879364,0.43484634160995483,1,36355,37,1.0949735428812607e-13
20,38,0.34090855717658997,0.34090857207775116,0.43484632670879364,0.43484634160995483,1,36329,37,2.1671123821950705e-14
21,38,0.34090857207775116,0.34090858697891235,0.43484632670879364,0.43484634160995483,1,36301,37,5.4159455382048558e-14
22,38,0.34090858697891235,0.34090860188007355,0.43484632670879364,0.43484634160995483,1,36337,37,5.9836619163926883e-14
23,38,0.34090860188007355,0.34090861678123474,0.43484632670879364,0.43484634160995483,1,36311,37,5.1506983202288132e-14
24,38,0.34090861678123474,0.34090863168239594,0.43484632670879364,0.43484634160995483,1,36337,37,4.0814580612791954e-14
25,38,0.34090863168239594,0.34090864658355713,0.43484632670879364,0.43484634160995483,1,36289,37,3.1644271591051868e-14
26,38,0.34090864658355713,0.34090866148471832,0.43484632670879364,0.43484634160995483,1,36333,37,2.3996020596910353e-14
27,38,0.34090866148471832,0.34090867638587952,0.43484632670879364,0.43484634160995483,1,36297,37,1.7869881025205523e-14
28,38,0.34090867638587952,0.34090869128704071,0.43484632670879364,0.43484634160995483,1,36287,37,1.3265783167242889e-14
29,38,0.34090869128704071,0.3409087061882019,0.43484632670879364,0.43484634160995483,1,36255,37,1.0183772095505952e-14
30,38,0.3409087061882019,0.3409087210893631,0.43484632670879364,0.43484634160995483,1,36277,37,8.6238540324544105e-15
31,38,0.3409087210893631,0.34090873599052429,0.43484632670879364,0.43484634160995483,1,36285,37,8.5860004605067329e-15
32,38,0.34090873599052429,0.34090875089168549,0.43484632670879364,0.43484634160995483,1,36259,37,1.0070227381161677e-14
33,38,0.34090875089168549,0.34090876579284668,0.43484632670879364,0.43484634160995483,1,36273,37,1.3076534445659216e-14
34,38,0.34090876579284668,0.34090878069400787,0.43484632670879364,0.43484634160995483,1,36247,37,1.7604919436851577e-14
35,38,0.34090878069400787,0.34090879559516907,0.43484632670879364,0.43484634160995483,1,36281,37,2.3655367390918698e-14
36,38,0.34090879559516907,0.34090881049633026,0.43484632670879364,0.43484634160995483,1,36283,37,3.1227909816107146e-14
37,38,0.34090881049633026,0.34090882539749146,0.43484632670879364,0.43484634160995483,1,36217,37,4.0322508721698066e-14
38,38,0.34090882539749146,0.34090884029865265,0.43484632670879364,0.43484634160995483,1,36263,37,5.0939194430898402e-14
39,38,0.34090884029865265,0.34090885519981384,0.43484632670879364,0.43484634160995483,1,36227,37,2.6003212766310075e-14
40,38,0.34090885519981384,0.34090887010097504,0.43484632670879364,0.43484634160995483,1,36259,37,3.0515897661433792e-14
41,38,0.34090887010097504,0.34090888500213623,0.43484632670879364,0.43484634160995483,1,36277,37,2.4869418640764033e-14
42,38,0.34090888500213623,0.34090889990329742,0.43484632670879364,0.43484634160995483,1,36269,37,2.6043791594018886e-14
43,38,0.34090889990329742,0.34090891480445862,0.43484632670879364,0.43484634160995483,1,36207,37,2.1427743101109068e-14
44,38,0.34090891480445862,0.34090892970561981,0.43484632670879364,0.43484634160995483,1,36223,37,1.3442477639373759e-13
45,38,0.34090892970561981,0.34090894460678101,0.43484632670879364,0.43484634160995483,1,36229,37,1.3517881261805331e-13
46,38,0.34090894460678101,0.3409089595079422,0.43484632670879364,0.43484634160995483,1,36243,37,1.0302895904079693e-13
47,38,0.3409089595079422,0.34090897440910339,0.43484632670879364,0.43484634160995483,1,36199,37,2.149827177606428e-13
48,38,0.34090897440910339,0.34090898931026459,0.43484632670879364,0.43484634160995483,1,36219,37,8.2373731795308824e-14
49,38,0.34090898931026459,0.34090900421142578,0.43484632670879364,0.43484634160995483,1,36215,37,1.2228601308870821e-13
50,38,0.34090900421142578,0.34090901911258698,0.43484632670879364,0.43484634160995483,1,36193,37,3.7543218771582117e-14
51,38,0.34090901911258698,0.34090903401374817,0.43484632670879364,0.43484634160995483,1,36187,37,2.4665803064527958e-13
52,38,0.34090903401374817,0.34090904891490936,0.43484632670879364,0.43484634160995483,1,36205,37,1.0727824845050099e-13
53,38,0.34090904891490936,0.34090906381607056,0.43484632670879364,0.43484634160995483,1,36235,37,8.2066690218946679e-14
54,38,0.34090906381607056,0.34090907871723175,0.43484632670879364,0.43484634160995483,1,36225,38,5.8971209841353846e-14
55,38,0.34090907871723175,0.34090909361839294,0.43484632670879364,0.43484634160995483,1,36211,38,1.3459562819422552e-14
56,38,0.34090909361839294,0.34090910851955414,0.43484632670879364,0.43484634160995483,1,36171,38,7.8425805693668824e-14
57,38,0.34090910851955414,0.34090912342071533,0.43484632670879364,0.43484634160995483,1,36161,38,7.8492217789982842e-14
58,38,0.34090912342071533,0.34090913832187653,0.43484632670879364,0.43484634160995483,1,36173,38,2.1635706706083519e-13
59,38,0.34090913832187653,0.34090915322303772,0.43484632670879364,0.43484634160995483,1,36185,38,6.3169639659580164e-14
60,38,0.34090915322303772,0.34090916812419891,0.43484632670879364,0.43484634160995483,1,36191,38,4.0554168068266701e-13
61,38,0.34090916812419891,0.34090918302536011,0.43484632670879364,0.43484634160995483,1,36175,38,9.9457986685198921e-15
62,38,0.34090918302536011,0.3409091979265213,0.43484632670879364,0.43484634160995483,1,36205,38,5.4064360721764399e-15
63,38,0.3409091979265213,0.3409092128276825,0.43484632670879364,0.43484634160995483,1,36183,38,2.4261691336115018e-14
0,39,0.34090825915336609,0.34090827405452728,0.43484634160995483,0.43484635651111603,1,36431,37,4.6585104570708147e-14
1,39,0.34090827405452728,0.34090828895568848,0.43484634160995483,0.43484635651111603,1,36417,36,6.6535795946223515e-14
2,39,0.34090828895568848,0.34090830385684967,0.43484634160995483,0.43484635651111603,1,36431,36,1.131340230145426e-13
3,39,0.34090830385684967,0.34090831875801086,0.43484634160995483,0.43484635651111603,1,36435,36,1.1384908105127189e-13
4,39,0.34090831875801086,0.34090833365917206,0.43484634160995483,0.43484635651111603,1,36413,36,5.8770910951091651e-14
5,39,0.34090833365917206,0.34090834856033325,0.43484634160995483,0.43484635651111603,1,36441,36,3.9505301836227268e-15
6,39,0.34090834856033325,0.34090836346149445,0.43484634160995483,0.43484635651111603,1,36409,36,1.9731818316924577e-13
7,39,0.34090836346149445,0.34090837836265564,0.43484634160995483,0.43484635651111603,1,36401,36,8.7279903139454092e-14
8,39,0.34090837836265564,0.34090839326381683,0.43484634160995483,0.43484635651111603,1,36355,36,8.441736744817972e-14
9,39,0.34090839326381683,0.34090840816497803,0.43484634160995483,0.43484635651111603,1,36367,36,1.1409370272543215e-13
10,39,0.34090840816497803,0.34090842306613922,0.43484634160995483,0.43484635651111603,1,36363,36,3.5534788991778512e-15
11,39,0.34090842306613922,0.34090843796730042,0.43484634160995483,0.43484635651111603,1,36369,36,1.2800442416735019e-13
12,39,0.34090843796730042,0.34090845286846161,0.43484634160995483,0.43484635651111603,1,36401,36,4.0715018880823782e-14
13,39,0.34090845286846161,0.3409084677696228,0.43484634160995483,0.43484635651111603,1,36353,36,2.3638560588324275e-15
14,39,0.3409084677696228,0.340908482670784,0.43484634160995483,0.43484635651111603,1,36317,36,5.0974918913671839e-15
15,39,0.340908482670784,0.34090849757194519,0.43484634160995483,0.43484635651111603,1,36353,36,1.0725917279302922e-14
16,39,0.34090849757194519,0.34090851247310638,0.43484634160995483,0.43484635651111603,1,36361,36,3.3240347883248207e-14
17,39,0.34090851247310638,0.34090852737426758,0.43484634160995483,0.43484635651111603,1,36381,36,1.0683395072907217e-13
18,39,0.34090852737426758,0.34090854227542877,0.43484634160995483,0.43484635651111603,1,36313,36,1.2277072102969248e-13
19,39,0.34090854227542877,0.34090855717658997,0.43484634160995483,0.43484635651111603,1,36311,37,3.2525044100230761e-13
20,39,0.34090855717658997,0.34090857207775116,0.43484634160995483,0.43484635651111603,1,36301,37,1.7422254506441429e-14
21,39,0.34090857207775116,0.34090858697891235,0.43484634160995483,0.43484635651111603,1,36287,37,6.0133452537029609e-14
22,39,0.34090858697891235,0.34090860188007355,0.43484634160995483,0.43484635651111603,1,36285,37,2.0462885661492279e-14
23,39,0.34090860188007355,0.34090861678123474,0.43484634160995483,0.43484635651111603,1,36303,37,2.3878916325136669e-14
24,39,0.34090861678123474,0.34090863168239594,0.43484634160995483,0.43484635651111603,1,36291,37,1.2099523447756125e-13
25,39,0.34090863168239594,0.34090864658355713,0.43484634160995483,0.43484635651111603,1,36303,37,1.1742240716804373e-13
26,39,0.34090864658355713,0.34090866148471832,0.43484634160995483,0.43484635651111603,1,36299,37,1.0086288593262287e-13
27,39,0.34090866148471832,0.34090867638587952,0.43484634160995483,0.43484635651111603,1,36291,37,1.6279847815620131e-13
28,39,0.34090867638587952,0.34090869128704071,0.43484634160995483,0.43484635651111603,1,36287,37,3.532214784753056e-14
29,39,0.34090869128704071,0.3409087061882019,0.43484634160995483,0.43484635651111603,1,36281,37,1.5569275669474031e-13
30,39,0.3409087061882019,0.3409087210893631,0.43484634160995483,0.43484635651111603,1,36291,37,2.8864580618580519e-13
31,39,0.3409087210893631,0.34090873599052429,0.43484634160995483,0.43484635651111603,1,36315,37,4.2348500522839432e-13
32,39,0.34090873599052429,0.34090875089168549,0.43484634160995483,0.43484635651111603,1,36259,37,2.4799775914399863e-13
33,39,0.34090875089168549,0.34090876579284668,0.43484634160995483,0.43484635651111603,1,36279,37,7.9165475846779457e-14
34,39,0.34090876579284668,0.34090878069400787,0.43484634160995483,0.43484635651111603,1,36249,37,3.128622453697333e-14
35,39,0.34090878069400787,0.34090879559516907,0.43484634160995483,0.43484635651111603,1,36247,37,8.9494509592954539e-14
36,39,0.34090879559516907,0.34090881049633026,0.43484634160995483,0.43484635651111603,1,36221,37,1.0774874903637446e-13
37,39,0.34090881049633026,0.34090882539749146,0.43484634160995483,0.43484635651111603,1,36243,37,2.1771828342145048e-13
38,39,0.34090882539749146,0.34090884029865265,0.43484634160995483,0.43484635651111603,1,36237,37,4.2397667030801106e-13
39,39,0.34090884029865265,0.34090885519981384,0.43484634160995483,0.43484635651111603,1,36257,37,2.0105358064864985e-13
40,39,0.34090885519981384,0.34090887010097504,0.43484634160995483,0.43484635651111603,1,36225,37,6.1736945217649171e-14
41,39,0.34090887010097504,0.34090888500213623,0.43484634160995483,0.43484635651111603,1,36219,37,5.0682048177147561e-13
42,39,0.34090888500213623,0.34090889990329742,0.43484634160995483,0.43484635651111603,1,36217,37,3.632592849482372e-15
43,39,0.34090889990329742,0.34090891480445862,0.43484634160995483,0.43484635651111603,1,36249,37,1.5421272627281966e-14
44,39,0.34090891480445862,0.34090892970561981,0.43484634160995483,0.43484635651111603,1,36187,37,1.8069601938614806e-13
45,39,0.34090892970561981,0.34090894460678101,0.43484634160995483,0.43484635651111603,1,36193,37,1.2017433482751791e-13
46,39,0.34090894460678101,0.3409089595079422,0.43484634160995483,0.43484635651111603,1,36217,37,1.4007637799603067e-14
47,39,0.3409089595079422,0.34090897440910339,0.43484634160995483,0.43484635651111603,1,36237,37,4.8091788840719081e-14
48,39,0.34090897440910339,0.34090898931026459,0.43484634160995483,0.43484635651111603,1,36205,37,2.4378134096077456e-13
49,39,0.34090898931026459,0.34090900421142578,0.43484634160995483,0.43484635651111603,1,36201,37,3.068717158472526e-13
50,39,0.34090900421142578,0.34090901911258698,0.43484634160995483,0.43484635651111603,1,36183,37,1.3832290758599281e-13
51,39,0.34090901911258698,0.34090903401374817,0.43484634160995483,0.43484635651111603,1,36223,37,1.744917172984559e-13
52,39,0.34090903401374817,0.34090904891490936,0.43484634160995483,0.43484635651111603,1,36227,37,6.3815111465672862e-14
53,39,0.34090904891490936,0.34090906381607056,0.43484634160995483,0.43484635651111603,1,36235,37,1.7742663759882307e-14
54,39,0.34090906381607056,0.34090907871723175,0.43484634160995483,0.43484635651111603,1,36231,38,5.085000019296767e-14
55,39,0.34090907871723175,0.34090909361839294,0.43484634160995483,0.43484635651111603,1,36201,38,4.5041475833310568e-15
56,39,0.34090909361839294,0.34090910851955414,0.43484634160995483,0.43484635651111603,1,36165,38,9.5349723675917921e-14
57,39,0.34090910851955414,0.34090912342071533,0.43484634160995483,0.43484635651111603,1,36159,38,1.1258633842884377e-15
58,39,0.34090912342071533,0.34090913832187653,0.43484634160995483,0.43484635651111603,1,36137,38,9.3540758676200547e-15
59,39,0.34090913832187653,0.34090915322303772,0.43484634160995483,0.43484635651111603,1,36165,38,4.0927341242146331e-13
60,39,0.34090915322303772,0.34090916812419891,0.43484634160995483,0.43484635651111603,1,36199,38,4.6645532636609613e-14
61,39,0.34090916812419891,0.34090918302536011,0.43484634160995483,0.43484635651111603,1,36243,38,5.6017171769940463e-14
62,39,0.34090918302536011,0.3409091979265213,0.43484634160995483,0.43484635651111603,1,36169,38,7.3710957893517435e-14
63,39,0.3409091979265213,0.3409092128276825,0.43484634160995483,0.43484635651111603,1,36175,38,9.615527609361956e-14
0,40,0.34090825915336609,0.34090827405452728,0.43484635651111603,0.43484637141227722,1,36415,37,1.3597888999208489e-13
1,40,0.34090827405452728,0.34090828895568848,0.43484635651111603,0.43484637141227722,1,36417,36,8.2177132725702437e-14
2,40,0.34090828895568848,0.34090830385684967,0.43484635651111603,0.43484637141227722,1,36403,36,5.1572234879041903e-14
3,40,0.34090830385684967,0.34090831875801086,0.43484635651111603,0.43484637141227722,1,36373,36,9.7350442647432691e-14
4,40,0.34090831875801086,0.34090833365917206,0.43484635651111603,0.43484637141227722,1,36399,36,1.7865428498041137e-13
5,40,0.34090833365917206,0.34090834856033325,0.43484635651111603,0.43484637141227722,1,36375,36,1.2725950056868838e-13
6,40,0.34090834856033325,0.34090836346149445,0.43484635651111603,0.43484637141227722,1,36359,36,1.9076229636169007e-14
7,40,0.34090836346149445,0.34090837836265564,0.43484635651111603,0.43484637141227722,1,36335,36,4.4021670337134215e-15
8,40,0.34090837836265564,0.34090839326381683,0.43484635651111603,0.43484637141227722,1,36371,36,1.7997019385020474e-14
9,40,0.34090839326381683,0.34090840816497803,0.43484635651111603,0.43484637141227722,1,36343,36,2.6795879413801706e-14
10,40,0.34090840816497803,0.34090842306613922,0.43484635651111603,0.43484637141227722,1,36395,36,3.3245379312282197e-14
11,40,0.34090842306613922,0.34090843796730042,0.43484635651111603,0.43484637141227722,1,36335,36,3.5298113703523735e-14
12,40,0.34090843796730042,0.34090845286846161,0.43484635651111603,0.43484637141227722,1,36345,36,1.5213301480701538e-14
13,40,0.34090845286846161,0.3409084677696228,0.43484635651111603,0.43484637141227722,1,36351,36,2.5576579390004644e-14
14,40,0.3409084677696228,0.340908482670784,0.43484635651111603,0.43484637141227722,1,36325,36,5.9393384578499996e-14
15,40,0.340908482670784,0.34090849757194519,0.43484635651111603,0.43484637141227722,1,36329,36,1.0570941707520343e-13
16,40,0.34090849757194519,0.34090851247310638,0.43484635651111603,0.43484637141227722,1,36329,36,4.3894611181523741e-14
17,40,0.34090851247310638,0.34090852737426758,0.43484635651111603,0.43484637141227722,1,36285,36,4.4086087387470543e-14
18,40,0.34090852737426758,0.34090854227542877,0.43484635651111603,0.43484637141227722,1,36309,36,3.5151275951878728e-15
19,40,0.34090854227542877,0.34090855717658997,0.43484635651111603,0.43484637141227722,1,36319,36,4.9526457581231944e-14
20,40,0.34090855717658997,0.34090857207775116,0.43484635651111603,0.43484637141227722,1,36287,37,3.9255203311298126e-14
21,40,0.34090857207775116,0.34090858697891235,0.43484635651111603,0.43484637141227722,1,36313,37,2.0491270436176749e-14
22,40,0.34090858697891235,0.34090860188007355,0.43484635651111603,0.43484637141227722,1,36311,37,1.8237046356778757e-14
23,40,0.34090860188007355,0.34090861678123474,0.43484635651111603,0.43484637141227722,1,36321,37,3.2288333116542439e-14
24,40,0.34090861678123474,0.34090863168239594,0.43484635651111603,0.43484637141227722,1,36313,37,1.1062690556341982e-13
25,40,0.34090863168239594,0.34090864658355713,0.43484635651111603,0.43484637141227722,1,36321,37,3.0172324198449654e-15
26,40,0.34090864658355713,0.34090866148471832,0.43484635651111603,0.43484637141227722,1,36257,37,2.2668050431607522e-13
27,40,0.34090866148471832,0.34090867638587952,0.43484635651111603,0.43484637141227722,1,36311,37,1.2821871487588655e-13
28,40,0.34090867638587952,0.34090869128704071,0.43484635651111603,0.43484637141227722,1,36265,37,5.8041514033191458e-14
29,40,0.34090869128704071,0.3409087061882019,0.43484635651111603,0.43484637141227722,1,36271,37,4.4004155013204542e-13
30,40,0.3409087061882019,0.3409087210893631,0.43484635651111603,0.43484637141227722,1,36269,37,5.636190229934991e-14
31,40,0.3409087210893631,0.34090873599052429,0.43484635651111603,0.43484637141227722,1,36291,37,1.8831910328755544e-13
32,40,0.34090873599052429,0.34090875089168549,0.43484635651111603,0.43484637141227722,1,36253,37,3.8959069045762275e-13
33,40,0.34090875089168549,0.34090876579284668,0.43484635651111603,0.43484637141227722,1,36319,37,6.8508894808331583e-14
34,40,0.34090876579284668,0.34090878069400787,0.43484635651111603,0.43484637141227722,1,36277,37,3.829347253020531e-14
35,40,0.34090878069400787,0.34090879559516907,0.43484635651111603,0.43484637141227722,1,36283,37,5.5138340445693103e-14
36,40,0.34090879559516907,0.34090881049633026,0.43484635651111603,0.43484637141227722,1,36269,37,1.2263836062174042e-13
37,40,0.34090881049633026,0.34090882539749146,0.43484635651111603,0.43484637141227722,1,36233,37,1.4446177727305371e-13
38,40,0.34090882539749146,0.34090884029865265,0.43484635651111603,0.43484637141227722,1,36217,37,1.1850176817123039e-14
39,40,0.34090884029865265,0.34090885519981384,0.43484635651111603,0.43484637141227722,1,36213,37,1.0164963710773651e-13
40,40,0.34090885519981384,0.34090887010097504,0.43484635651111603,0.43484637141227722,1,36211,37,1.377088528302497e-13
41,40,0.34090887010097504,0.34090888500213623,0.43484635651111603,0.43484637141227722,1,36293,37,5.0525999409550456e-14
42,40,0.34090888500213623,0.34090889990329742,0.43484635651111603,0.43484637141227722,1,36197,37,2.045395531320305e-14
43,40,0.34090889990329742,0.34090891480445862,0.43484635651111603,0.43484637141227722,1,36223,37,1.1884576328361872e-13
44,40,0.34090891480445862,0.34090892970561981,0.43484635651111603,0.43484637141227722,1,36229,37,6.7896314949386426e-14
45,40,0.34090892970561981,0.34090894460678101,0.43484635651111603,0.43484637141227722,1,36219,37,1.941484968479526e-13
46,40,0.34090894460678101,0.3409089595079422,0.43484635651111603,0.43484637141227722,1,36227,37,1.5686852760263034e-14
47,40,0.3409089595079422,0.34090897440910339,0.43484635651111603,0.43484637141227722,1,36211,37,1.1585761806369404e-14
48,40,0.34090897440910339,0.34090898931026459,0.43484635651111603,0.43484637141227722,1,36201,37,5.903690726377743e-14
49,40,0.34090898931026459,0.34090900421142578,0.43484635651111603,0.43484637141227722,1,36215,37,1.8705918213414936e-13
50,40,0.34090900421142578,0.34090901911258698,0.43484635651111603,0.43484637141227722,1,36261,37,2.683126524640252e-13
51,40,0.34090901911258698,0.34090903401374817,0.43484635651111603,0.43484637141227722,1,36251,37,2.7298006481997052e-14
52,40,0.34090903401374817,0.34090904891490936,0.43484635651111603,0.43484637141227722,1,36167,37,1.8634495690288663e-13
53,40,0.34090904891490936,0.34090906381607056,0.43484635651111603,0.43484637141227722,1,36219,37,1.6266082159030626e-13
54,40,0.34090906381607056,0.34090907871723175,0.43484635651111603,0.43484637141227722,1,36173,37,3.2747677948248712e-14
55,40,0.34090907871723175,0.34090909361839294,0.43484635651111603,0.43484637141227722,1,36171,38,4.6738187148870329e-15
56,40,0.34090909361839294,0.34090910851955414,0.43484635651111603,0.43484637141227722,1,36147,38,1.3106480646410424e-13
57,40,0.34090910851955414,0.34090912342071533,0.43484635651111603,0.43484637141227722,1,36155,38,1.3910192323370763e-13
58,40,0.34090912342071533,0.34090913832187653,0.43484635651111603,0.43484637141227722,1,36203,38,1.2664474499916393e-13
59,40,0.34090913832187653,0.34090915322303772,0.43484635651111603,0.43484637141227722,1,36171,38,4.8655989510211914e-13
60,40,0.34090915322303772,0.34090916812419891,0.43484635651111603,0.43484637141227722,1,36201,38,2.5391521876837652e-14
61,40,0.34090916812419891,0.34090918302536011,0.43484635651111603,0.43484637141227722,1,36171,38,3.9246465693454984e-14
62,40,0.34090918302536011,0.3409091979265213,0.43484635651111603,0.43484637141227722,1,36211,38,1.9102396771927457e-13
63,40,0.3409091979265213,0.3409092128276825,0.43484635651111603,0.43484637141227722,1,36165,38,1.9045162232175675e-14
0,41,0.34090825915336609,0.34090827405452728,0.43484637141227722,0.43484638631343842,1,36399,36,7.9840928146613536e-14
1,41,0.34090827405452728,0.34090828895568848,0.43484637141227722,0.43484638631343842,1,36451,36,7.1338457635621719e-16
2,41,0.34090828895568848,0.34090830385684967,0.43484637141227722,0.43484638631343842,1,36403,36,1.0420679054642114e-14
3,41,0.34090830385684967,0.34090831875801086,0.43484637141227722,0.43484638631343842,1,36411,36,7.0379862096137404e-14
4,41,0.34090831875801086,0.34090833365917206,0.43484637141227722,0.43484638631343842,1,36457,36,8.8963240512869162e-14
5,41,0.34090833365917206,0.34090834856033325,0.43484637141227722,0.43484638631343842,1,36465,36,1.5256129060406454e-13
6,41,0.34090834856033325,0.34090836346149445,0.43484637141227722,0.43484638631343842,1,36379,36,1.2887850272497778e-14
7,41,0.34090836346149445,0.34090837836265564,0.43484637141227722,0.43484638631343842,1,36411,36,5.2664517795058227e-15
8,41,0.34090837836265564,0.34090839326381683,0.43484637141227722,0.43484638631343842,1,36339,36,1.2740791473797728e-14
9,41,0.34090839326381683,0.34090840816497803,0.43484637141227722,0.43484638631343842,1,36331,36,3.5869776047758534e-14
10,41,0.34090840816497803,0.34090842306613922,0.43484637141227722,0.43484638631343842,1,36335,36,1.2436356328829676e-13
11,41,0.34090842306613922,0.34090843796730042,0.43484637141227722,0.43484638631343842,1,36375,36,1.6291723902384791e-13
12,41,0.34090843796730042,0.34090845286846161,0.43484637141227722,0.43484638631343842,1,36373,36,1.2436891949545187e-14
13,41,0.34090845286846161,0.3409084677696228,0.43484637141227722,0.43484638631343842,1,36335,36,5.6268198598732098e-14
14,41,0.3409084677696228,0.340908482670784,0.43484637141227722,0.43484638631343842,1,36331,36,9.0044846995290505e-14
15,41,0.340908482670784,0.34090849757194519,0.43484637141227722,0.43484638631343842,1,36311,36,1.8023148183428732e-15
16,41,0.34090849757194519,0.34090851247310638,0.43484637141227722,0.43484638631343842,1,36321,36,5.3738621230387435e-14
17,41,0.34090851247310638,0.34090852737426758,0.43484637141227722,0.43484638631343842,1,36337,36,5.9441094589839556e-14
18,41,0.34090852737426758,0.34090854227542877,0.43484637141227722,0.43484638631343842,1,36279,36,5.3306650217674496e-15
19,41,0.34090854227542877,0.34090855717658997,0.43484637141227722,0.43484638631343842,1,36297,36,6.2083511646110172e-15
20,41,0.34090855717658997,0.34090857207775116,0.43484637141227722,0.43484638631343842,1,36283,37,2.5327363878210634e-13
21,41,0.34090857207775116,0.34090858697891235,0.43484637141227722,0.43484638631343842,1,36359,37,6.5568804750324374e-14
22,41,0.34090858697891235,0.34090860188007355,0.43484637141227722,0.43484638631343842,1,36337,37,1.9646956266573378e-14
23,41,0.34090860188007355,0.34090861678123474,0.43484637141227722,0.43484638631343842,1,36283,37,2.6277590983261579e-13
24,41,0.34090861678123474,0.34090863168239594,0.43484637141227722,0.43484638631343842,1,36309,37,5.5163201267082939e-14
25,41,0.34090863168239594,0.34090864658355713,0.43484637141227722,0.43484638631343842,1,36305,37,1.3916087684788601e-13
26,41,0.34090864658355713,0.34090866148471832,0.43484637141227722,0.43484638631343842,1,36311,37,1.7281915549342758e-15
27,41,0.34090866148471832,0.34090867638587952,0.43484637141227722,0.43484638631343842,1,36305,37,2.5728563010840923e-13
28,41,0.34090867638587952,0.34090869128704071,0.43484637141227722,0.43484638631343842,1,36321,37,7.7405738630704321e-14
29,41,0.34090869128704071,0.3409087061882019,0.43484637141227722,0.43484638631343842,1,36247,37,1.6138594257359472e-13
30,41,0.3409087061882019,0.3409087210893631,0.43484637141227722,0.43484638631343842,1,36301,37,4.2727171047783601e-13
31,41,0.3409087210893631,0.34090873599052429,0.43484637141227722,0.43484638631343842,1,36251,37,2.8796764764376414e-14
32,41,0.34090873599052429,0.34090875089168549,0.43484637141227722,0.43484638631343842,1,36253,37,8.8681079889392085e-14
33,41,0.34090875089168549,0.34090876579284668,0.43484637141227722,0.43484638631343842,1,36217,37,2.0422005928611829e-13
34,41,0.34090876579284668,0.34090878069400787,0.43484637141227722,0.43484638631343842,1,36247,37,1.3291391692417581e-13
35,41,0.34090878069400787,0.34090879559516907,0.43484637141227722,0.43484638631343842,1,36223,37,3.0602506594475405e-14
36,41,0.34090879559516907,0.34090881049633026,0.43484637141227722,0.43484638631343842,1,36223,37,1.1998790455272914e-13
37,41,0.34090881049633026,0.34090882539749146,0.43484637141227722,0.43484638631343842,1,36285,37,5.2552385631173994e-13
38,41,0.34090882539749146,0.34090884029865265,0.43484637141227722,0.43484638631343842,1,36291,37,1.4460736460807201e-13
39,41,0.34090884029865265,0.34090885519981384,0.43484637141227722,0.43484638631343842,1,36265,37,1.8327881394834488e-13
40,41,0.34090885519981384,0.34090887010097504,0.43484637141227722,0.43484638631343842,1,36227,37,4.3612848503646908e-14
41,41,0.34090887010097504,0.34090888500213623,0.43484637141227722,0.43484638631343842,1,36201,37,2.7053871564249609e-13
42,41,0.34090888500213623,0.34090889990329742,0.43484637141227722,0.43484638631343842,1,36211,37,1.2142541700765811e-13
43,41,0.34090889990329742,0.34090891480445862,0.43484637141227722,0.43484638631343842,1,36281,37,1.4901806892279146e-13
44,41,0.34090891480445862,0.34090892970561981,0.43484637141227722,0.43484638631343842,1,36199,37,1.0167421770507268e-13
45,41,0.34090892970561981,0.34090894460678101,0.43484637141227722,0.43484638631343842,1,36191,37,9.4877986851222346e-14
46,41,0.34090894460678101,0.3409089595079422,0.43484637141227722,0.43484638631343842,1,36227,37,1.179517790473686e-14
47,41,0.3409089595079422,0.34090897440910339,0.43484637141227722,0.43484638631343842,1,36199,37,3.5846164340909733e-14
48,41,0.34090897440910339,0.34090898931026459,0.43484637141227722,0.43484638631343842,1,36175,37,3.2844026566184079e-14
49,41,0.34090898931026459,0.34090900421142578,0.43484637141227722,0.43484638631343842,1,36199,37,3.0042927915948872e-13
50,41,0.34090900421142578,0.34090901911258698,0.43484637141227722,0.43484638631343842,1,36187,37,6.1840545301060347e-14
51,41,0.34090901911258698,0.34090903401374817,0.43484637141227722,0.43484638631343842,1,36227,37,5.6864338552975766e-14
52,41,0.34090903401374817,0.34090904891490936,0.43484637141227722,0.43484638631343842,1,36207,37,6.837178031515954e-15
53,41,0.34090904891490936,0.34090906381607056,0.43484637141227722,0.43484638631343842,1,36219,37,3.273060824819749e-14
54,41,0.34090906381607056,0.34090907871723175,0.43484637141227722,0.43484638631343842,1,36157,37,5.2067250923119246e-14
55,41,0.34090907871723175,0.34090909361839294,0.43484637141227722,0.43484638631343842,1,36175,38,8.9083527033109641e-14
56,41,0.34090909361839294,0.34090910851955414,0.43484637141227722,0.43484638631343842,1,36131,38,1.1954300889379082e-13
57,41,0.34090910851955414,0.34090912342071533,0.43484637141227722,0.43484638631343842,1,36185,38,1.5152451845911566e-13
58,41,0.34090912342071533,0.34090913832187653,0.43484637141227722,0.43484638631343842,1,36141,38,3.7740413953924648e-14
59,41,0.34090913832187653,0.34090915322303772,0.43484637141227722,0.43484638631343842,1,36169,38,7.1888858458208671e-14
60,41,0.34090915322303772,0.34090916812419891,0.43484637141227722,0.43484638631343842,1,36153,38,1.1753674011982199e-13
61,41,0.34090916812419891,0.34090918302536011,0.43484637141227722,0.43484638631343842,1,36133,38,7.9313571535402493e-15
62,41,0.34090918302536011,0.3409091979265213,0.43484637141227722,0.43484638631343842,1,36145,38,2.8651714488377865e-13
63,41,0.3409091979265213,0.3409092128276825,0.43484637141227722,0.43484638631343842,1,36153,38,4.1798360052073221e-14
0,42,0.34090825915336609,0.34090827405452728,0.43484638631343842,0.43484640121459961,1,36405,36,1.8089074470898935e-13
1,42,0.34090827405452728,0.34090828895568848,0.43484638631343842,0.43484640121459961,1,36413,36,5.3250809245221659e-14
2,42,0.34090828895568848,0.34090830385684967,0.43484638631343842,0.43484640121459961,1,36391,36,1.7067153929087326e-14
3,42,0.34090830385684967,0.34090831875801086,0.43484638631343842,0.43484640121459961,1,36373,36,9.762548596809025e-14
4,42,0.34090831875801086,0.34090833365917206,0.43484638631343842,0.43484640121459961,1,36365,36,6.8339606560153604e-14
5,42,0.34090833365917206,0.34090834856033325,0.43484638631343842,0.43484640121459961,1,36379,36,6.3904657164490384e-14
6,42,0.34090834856033325,0.34090836346149445,0.43484638631343842,0.43484640121459961,1,36359,36,1.0296443120548908e-13
7,42,0.34090836346149445,0.34090837836265564,0.43484638631343842,0.43484640121459961,1,36343,36,6.4126332346101296e-15
8,42,0.34090837836265564,0.34090839326381683,0.43484638631343842,0.43484640121459961,1,36365,36,1.06845042364024e-13
9,42,0.34090839326381683,0.34090840816497803,0.43484638631343842,0.43484640121459961,1,36331,36,3.0062954592065358e-14
10,42,0.34090840816497803,0.34090842306613922,0.43484638631343842,0.43484640121459961,1,36339,36,2.0765429595436126e-14
11,42,0.34090842306613922,0.34090843796730042,0.43484638631343842,0.43484640121459961,1,36335,36,4.5328902626522138e-14
12,42,0.34090843796730042,0.34090845286846161,0.43484638631343842,0.43484640121459961,1,36365,36,9.9304294278851173e-14
13,42,0.34090845286846161,0.3409084677696228,0.43484638631343842,0.43484640121459961,1,36297,36,5.707347742207435e-14
14,42,0.3409084677696228,0.340908482670784,0.43484638631343842,0.43484640121459961,1,36301,36,1.821987008210016e-13
15,42,0.340908482670784,0.34090849757194519,0.43484638631343842,0.43484640121459961,1,36339,36,4.5131919662942764e-14
16,42,0.34090849757194519,0.34090851247310638,0.43484638631343842,0.43484640121459961,1,36337,36,2.6695978532651282e-14
17,42,0.34090851247310638,0.34090852737426758,0.43484638631343842,0.43484640121459961,1,36275,36,2.9066876906683588e-13
18,42,0.34090852737426758,0.34090854227542877,0.43484638631343842,0.43484640121459961,1,36325,36,4.1656247794470214e-14
19,42,0.34090854227542877,0.34090855717658997,0.43484638631343842,0.43484640121459961,1,36323,36,5.9052625239038363e-15
20,42,0.34090855717658997,0.34090857207775116,0.43484638631343842,0.43484640121459961,1,36299,37,6.2905383337533385e-14
21,42,0.34090857207775116,0.34090858697891235,0.43484638631343842,0.43484640121459961,1,36325,37,7.5559601586542403e-14
22,42,0.34090858697891235,0.34090860188007355,0.43484638631343842,0.43484640121459961,1,36297,37,9.0966201456321121e-14
23,42,0.34090860188007355,0.34090861678123474,0.43484638631343842,0.43484640121459961,1,36333,37,3.0056390082898426e-14
24,42,0.34090861678123474,0.34090863168239594,0.43484638631343842,0.43484640121459961,1,36311,37,2.531008535660506e-14
25,42,0.34090863168239594,0.34090864658355713,0.43484638631343842,0.43484640121459961,1,36361,37,2.85630435199137e-14
26,42,0.34090864658355713,0.34090866148471832,0.43484638631343842,0.43484640121459961,1,36267,37,9.8493077762584592e-14
27,42,0.34090866148471832,0.34090867638587952,0.43484638631343842,0.43484640121459961,1,36305,37,8.1560096565074701e-14
28,42,0.34090867638587952,0.34090869128704071,0.43484638631343842,0.43484640121459961,1,36257,37,8.1981304832432306e-14
29,42,0.34090869128704071,0.3409087061882019,0.43484638631343842,0.43484640121459961,1,36253,37,3.8278213108268441e-14
30,42,0.3409087061882019,0.3409087210893631,0.43484638631343842,0.43484640121459961,1,36299,37,6.9009336489495418e-14
31,42,0.3409087210893631,0.34090873599052429,0.43484638631343842,0.43484640121459961,1,36287,37,1.0416695820009485e-13
32,42,0.34090873599052429,0.34090875089168549,0.43484638631343842,0.43484640121459961,1,36269,37,1.4617010445882339e-13
33,42,0.34090875089168549,0.34090876579284668,0.43484638631343842,0.43484640121459961,1,36243,37,1.9940867990609734e-14
34,42,0.34090876579284668,0.34090878069400787,0.43484638631343842,0.43484640121459961,1,36279,37,5.0643023951704879e-14
35,42,0.34090878069400787,0.34090879559516907,0.43484638631343842,0.43484640121459961,1,36197,37,1.2420223756283813e-13
36,42,0.34090879559516907,0.34090881049633026,0.43484638631343842,0.43484640121459961,1,36253,37,1.573904093112444e-13
37,42,0.34090881049633026,0.34090882539749146,0.43484638631343842,0.43484640121459961,1,36219,37,7.0149303791270909e-14
38,42,0.34090882539749146,0.34090884029865265,0.43484638631343842,0.43484640121459961,1,36257,37,1.6199457859834673e-13
39,42,0.34090884029865265,0.34090885519981384,0.43484638631343842,0.43484640121459961,1,36273,37,1.5344541622698228e-13
40,42,0.34090885519981384,0.34090887010097504,0.43484638631343842,0.43484640121459961,1,36251,37,1.7268683535496387e-13
41,42,0.34090887010097504,0.34090888500213623,0.43484638631343842,0.43484640121459961,1,36265,37,1.6973181274237294e-13
42,42,0.34090888500213623,0.34090889990329742,0.43484638631343842,0.43484640121459961,1,36243,37,5.912204482386543e-14
43,42,0.34090889990329742,0.34090891480445862,0.43484638631343842,0.43484640121459961,1,36237,37,2.7327508924022502e-14
44,42,0.34090891480445862,0.34090892970561981,0.43484638631343842,0.43484640121459961,1,36181,37,2.4398947792679818e-14
45,42,0.34090892970561981,0.34090894460678101,0.43484638631343842,0.43484640121459961,1,36235,37,6.0168602575786833e-14
46,42,0.34090894460678101,0.3409089595079422,0.43484638631343842,0.43484640121459961,1,36195,37,1.5048268440975692e-13
47,42,0.3409089595079422,0.34090897440910339,0.43484638631343842,0.43484640121459961,1,36229,37,2.847447789799934e-15
48,42,0.34090897440910339,0.34090898931026459,0.43484638631343842,0.43484640121459961,1,36175,37,1.0693663548373071e-13
49,42,0.34090898931026459,0.34090900421142578,0.43484638631343842,0.43484640121459961,1,36175,37,3.9231217955715686e-14
50,42,0.34090900421142578,0.34090901911258698,0.43484638631343842,0.43484640121459961,1,36219,37,2.0001969004572627e-13
51,42,0.34090901911258698,0.34090903401374817,0.43484638631343842,0.43484640121459961,1,36163,37,3.207185158483053e-14
52,42,0.34090903401374817,0.34090904891490936,0.43484638631343842,0.43484640121459961,1,36201,37,5.7010321697277588e-14
53,42,0.34090904891490936,0.34090906381607056,0.43484638631343842,0.43484640121459961,1,36163,37,4.05180772068888e-14
54,42,0.34090906381607056,0.34090907871723175,0.43484638631343842,0.43484640121459961,1,36213,37,1.1785127342264074e-13
55,42,0.34090907871723175,0.34090909361839294,0.43484638631343842,0.43484640121459961,1,36163,38,1.272676325083434e-13
56,42,0.34090909361839294,0.34090910851955414,0.43484638631343842,0.43484640121459961,1,36137,38,3.6268189109750709e-13
57,42,0.34090910851955414,0.34090912342071533,0.43484638631343842,0.43484640121459961,1,36177,38,1.145369838504766e-13
58,42,0.34090912342071533,0.34090913832187653,0.43484638631343842,0.43484640121459961,1,36159,38,1.1654181562816488e-14
59,42,0.34090913832187653,0.34090915322303772,0.43484638631343842,0.43484640121459961,1,36185,38,3.6291807846395237e-14
60,42,0.34090915322303772,0.34090916812419891,0.43484638631343842,0.43484640121459961,1,36149,38,1.004930669244807e-13
61,42,0.34090916812419891,0.34090918302536011,0.43484638631343842,0.43484640121459961,1,36175,38,1.0071387552803616e-13
62,42,0.34090918302536011,0.3409091979265213,0.43484638631343842,0.43484640121459961,1,36183,38,9.7847011699729322e-15
63,42,0.3409091979265213,0.3409092128276825,0.43484638631343842,0.43484640121459961,1,36171,38,2.1579862994257293e-13
0,43,0.34090825915336609,0.34090827405452728,0.43484640121459961,0.4348464161157608,1,36405,36,3.6302301220260017e-13
1,43,0.34090827405452728,0.34090828895568848,0.43484640121459961,0.4348464161157608,1,36423,36,4.4384423463031357e-14
2,43,0.34090828895568848,0.34090830385684967,0.43484640121459961,0.4348464161157608,1,36373,36,1.3607842340856209e-13
3,43,0.34090830385684967,0.34090831875801086,0.43484640121459961,0.4348464161157608,1,36419,36,1.3676906941462032e-14
4,43,0.34090831875801086,0.34090833365917206,0.43484640121459961,0.4348464161157608,1,36395,36,1.6021734026802658e-13
5,43,0.34090833365917206,0.34090834856033325,0.43484640121459961,0.4348464161157608,1,36397,36,1.3432890022753125e-13
6,43,0.34090834856033325,0.34090836346149445,0.43484640121459961,0.4348464161157608,1,36347,36,9.1613550667566121e-15
7,43,0.34090836346149445,0.34090837836265564,0.43484640121459961,0.4348464161157608,1,36357,36,5.3518912208876984e-14
8,43,0.34090837836265564,0.34090839326381683,0.43484640121459961,0.4348464161157608,1,36381,36,1.5399879710100542e-14
9,43,0.34090839326381683,0.34090840816497803,0.43484640121459961,0.4348464161157608,1,36345,36,4.2596023637106003e-14
10,43,0.34090840816497803,0.34090842306613922,0.43484640121459961,0.4348464161157608,1,36359,36,6.3503445782143697e-14
11,43,0.34090842306613922,0.34090843796730042,0.43484640121459961,0.4348464161157608,1,36311,36,7.4979414393593529e-15
12,43,0.34090843796730042,0.34090845286846161,0.43484640121459961,0.4348464161157608,1,36291,36,2.7146163414059359e-14
13,43,0.34090845286846161,0.3409084677696228,0.43484640121459961,0.4348464161157608,1,36325,36,1.9039306915033673e-13
14,43,0.3409084677696228,0.340908482670784,0.43484640121459961,0.4348464161157608,1,36293,36,1.9123148371756176e-14
15,43,0.340908482670784,0.34090849757194519,0.43484640121459961,0.4348464161157608,1,36305,36,2.2712165626870392e-13
16,43,0.34090849757194519,0.34090851247310638,0.43484640121459961,0.4348464161157608,1,36313,36,6.1001667039842236e-14
17,43,0.34090851247310638,0.34090852737426758,0.43484640121459961,0.4348464161157608,1,36291,36,8.2192149066224658e-14
18,43,0.34090852737426758,0.34090854227542877,0.43484640121459961,0.4348464161157608,1,36299,36,9.1983811713379451e-15
19,43,0.34090854227542877,0.34090855717658997,0.43484640121459961,0.4348464161157608,1,36313,36,5.6066402928040157e-14
20,43,0.34090855717658997,0.34090857207775116,0.43484640121459961,0.4348464161157608,1,36287,37,3.6143042016364963e-14
21,43,0.34090857207775116,0.34090858697891235,0.43484640121459961,0.4348464161157608,1,36301,37,1.8768313596141703e-13
22,43,0.34090858697891235,0.34090860188007355,0.43484640121459961,0.4348464161157608,1,36275,37,2.2173432631986255e-13
23,43,0.34090860188007355,0.34090861678123474,0.43484640121459961,0.4348464161157608,1,36329,37,8.4108665887302341e-14
24,43,0.34090861678123474,0.34090863168239594,0.43484640121459961,0.4348464161157608,1,36299,37,3.9184274747395557e-15
25,43,0.34090863168239594,0.34090864658355713,0.43484640121459961,0.4348464161157608,1,36269,37,3.6678402102557329e-13
26,43,0.34090864658355713,0.34090866148471832,0.43484640121459961,0.4348464161157608,1,36281,37,1.7778881659685825e-13
27,43,0.34090866148471832,0.34090867638587952,0.43484640121459961,0.4348464161157608,1,36253,37,9.4779892053178573e-14
28,43,0.34090867638587952,0.34090869128704071,0.43484640121459961,0.4348464161157608,1,36303,37,4.6095668252627862e-14
29,43,0.34090869128704071,0.3409087061882019,0.43484640121459961,0.4348464161157608,1,36299,37,9.9594779443182384e-14
30,43,0.3409087061882019,0.3409087210893631,0.43484640121459961,0.4348464161157608,1,36279,37,4.5694261640230986e-14
31,43,0.3409087210893631,0.34090873599052429,0.43484640121459961,0.4348464161157608,1,36233,37,1.1836870253026842e-14
32,43,0.34090873599052429,0.34090875089168549,0.43484640121459961,0.4348464161157608,1,36281,37,3.6425277895548977e-13
33,43,0.34090875089168549,0.34090876579284668,0.43484640121459961,0.4348464161157608,1,36259,37,1.176302938135557e-13
34,43,0.34090876579284668,0.34090878069400787,0.43484640121459961,0.4348464161157608,1,36221,37,9.9318582749263852e-14
35,43,0.34090878069400787,0.34090879559516907,0.43484640121459961,0.4348464161157608,1,36231,37,1.4433258127864002e-13
36,43,0.34090879559516907,0.34090881049633026,0.43484640121459961,0.4348464161157608,1,36293,37,6.6930853807612601e-16
37,43,0.34090881049633026,0.34090882539749146,0.43484640121459961,0.4348464161157608,1,36233,37,4.3962612101119649e-14
38,43,0.34090882539749146,0.34090884029865265,0.43484640121459961,0.4348464161157608,1,36253,37,2.0947142667141809e-13
39,43,0.34090884029865265,0.34090885519981384,0.43484640121459961,0.4348464161157608,1,36199,37,2.2947738149035799e-14
40,43,0.34090885519981384,0.34090887010097504,0.43484640121459961,0.4348464161157608,1,36217,37,1.0152717748280709e-13
41,43,0.34090887010097504,0.34090888500213623,0.43484640121459961,0.4348464161157608,1,36219,37,5.0687859589191845e-14
42,43,0.34090888500213623,0.34090889990329742,0.43484640121459961,0.4348464161157608,1,36233,37,1.0955218328333264e-13
43,43,0.34090889990329742,0.34090891480445862,0.43484640121459961,0.4348464161157608,1,36187,37,9.22534745254949e-14
44,43,0.34090891480445862,0.34090892970561981,0.43484640121459961,0.4348464161157608,1,36239,37,7.8020673363025803e-14
45,43,0.34090892970561981,0.34090894460678101,0.43484640121459961,0.4348464161157608,1,36233,37,2.8117681964135716e-14
46,43,0.34090894460678101,0.3409089595079422,0.43484640121459961,0.4348464161157608,1,36187,37,5.671872570672511e-15
47,43,0.3409089595079422,0.34090897440910339,0.43484640121459961,0.4348464161157608,1,36193,37,2.454341003128003e-14
48,43,0.34090897440910339,0.34090898931026459,0.43484640121459961,0.4348464161157608,1,36187,37,9.7620671282658922e-15
49,43,0.34090898931026459,0.34090900421142578,0.43484640121459961,0.4348464161157608,1,36149,37,1.7082912554651826e-13
50,43,0.34090900421142578,0.34090901911258698,0.43484640121459961,0.4348464161157608,1,36157,37,4.5752372118668639e-14
51,43,0.34090901911258698,0.34090903401374817,0.43484640121459961,0.4348464161157608,1,36169,37,8.9709426459223422e-16
52,43,0.34090903401374817,0.34090904891490936,0.43484640121459961,0.4348464161157608,1,36189,37,4.4977583321568515e-14
53,43,0.34090904891490936,0.34090906381607056,0.43484640121459961,0.4348464161157608,1,36153,37,1.1048735232507418e-13
54,43,0.34090906381607056,0.34090907871723175,0.43484640121459961,0.4348464161157608,1,36143,37,6.9625019619188823e-14
55,43,0.34090907871723175,0.34090909361839294,0.43484640121459961,0.4348464161157608,1,36161,38,2.7505728017786816e-14
56,43,0.34090909361839294,0.34090910851955414,0.43484640121459961,0.4348464161157608,1,36155,38,8.4852113846778054e-14
57,43,0.34090910851955414,0.34090912342071533,0.43484640121459961,0.4348464161157608,1,36135,38,1.4404682364672417e-14
58,43,0.34090912342071533,0.34090913832187653,0.43484640121459961,0.4348464161157608,1,36125,38,1.4530459627947529e-14
59,43,0.34090913832187653,0.34090915322303772,0.43484640121459961,0.4348464161157608,1,36143,38,7.4847894053453317e-15
60,43,0.34090915322303772,0.34090916812419891,0.43484640121459961,0.4348464161157608,1,36167,38,1.9313528814718542e-14
61,43,0.34090916812419891,0.34090918302536011,0.43484640121459961,0.4348464161157608,1,36193,38,1.3712296306620371e-13
62,43,0.34090918302536011,0.3409091979265213,0.43484640121459961,0.4348464161157608,1,36145,38,9.1599607669284912e-14
63,43,0.3409091979265213,0.3409092128276825,0.43484640121459961,0.4348464161157608,1,36195,38,2.9269916063557371e-15
0,44,0.34090825915336609,0.34090827405452728,0.4348464161157608,0.434846431016922,1,36411,36,1.1115499194729458e-13
1,44,0.34090827405452728,0.34090828895568848,0.4348464161157608,0.434846431016922,1,36387,36,6.2048165354784734e-14
2,44,0.34090828895568848,0.34090830385684967,0.4348464161157608,0.434846431016922,1,36449,36,1.0562356391044001e-13
3,44,0.34090830385684967,0.34090831875801086,0.4348464161157608,0.434846431016922,1,36417,36,4.5290204388753164e-13
4,44,0.34090831875801086,0.34090833365917206,0.4348464161157608,0.434846431016922,1,36365,36,3.8388472307703329e-14
5,44,0.34090833365917206,0.34090834856033325,0.4348464161157608,0.434846431016922,1,36357,36,4.5794892745795609e-14
6,44,0.34090834856033325,0.34090836346149445,0.4348464161157608,0.434846431016922,1,36387,36,3.1295228747650961e-14
7,44,0.34090836346149445,0.34090837836265564,0.4348464161157608,0.434846431016922,1,36321,36,9.2559305923683259e-14
8,44,0.34090837836265564,0.34090839326381683,0.4348464161157608,0.434846431016922,1,36325,36,6.6376401273090634e-14
9,44,0.34090839326381683,0.34090840816497803,0.4348464161157608,0.434846431016922,1,36369,36,1.3842472953391266e-14
10,44,0.34090840816497803,0.34090842306613922,0.4348464161157608,0.434846431016922,1,36323,36,1.8403321877152768e-14
11,44,0.34090842306613922,0.34090843796730042,0.4348464161157608,0.434846431016922,1,36343,36,2.6289660091765917e-16
12,44,0.34090843796730042,0.34090845286846161,0.4348464161157608,0.434846431016922,1,36279,36,6.099040912276893e-14
13,44,0.34090845286846161,0.3409084677696228,0.4348464161157608,0.434846431016922,1,36307,36,2.8599914781193164e-13
14,44,0.3409084677696228,0.340908482670784,0.4348464161157608,0.434846431016922,1,36329,36,1.1361286732756942e-13
15,44,0.340908482670784,0.34090849757194519,0.4348464161157608,0.434846431016922,1,36335,36,1.8716761105915407e-14
16,44,0.34090849757194519,0.34090851247310638,0.4348464161157608,0.434846431016922,1,36317,36,7.2021821053300932e-14
17,44,0.34090851247310638,0.34090852737426758,0.4348464161157608,0.434846431016922,1,36343,36,2.6256627528094089e-13
18,44,0.34090852737426758,0.34090854227542877,0.4348464161157608,0.434846431016922,1,36297,36,1.2936513978172873e-13
19,44,0.34090854227542877,0.34090855717658997,0.4348464161157608,0.434846431016922,1,36303,36,1.8559904355527325e-13
20,44,0.34090855717658997,0.34090857207775116,0.4348464161157608,0.434846431016922,1,36259,36,3.7394319902035571e-14
21,44,0.34090857207775116,0.34090858697891235,0.4348464161157608,0.434846431016922,1,36289,37,1.0819494784345632e-13
22,44,0.34090858697891235,0.34090860188007355,0.4348464161157608,0.434846431016922,1,36291,37,5.824629255287674e-14
23,44,0.34090860188007355,0.34090861678123474,0.4348464161157608,0.434846431016922,1,36277,37,7.9488101134904522e-14
24,44,0.34090861678123474,0.34090863168239594,0.4348464161157608,0.434846431016922,1,36277,37,8.7980477520918193e-14
25,44,0.34090863168239594,0.34090864658355713,0.4348464161157608,0.434846431016922,1,36269,37,2.2168510618464244e-14
26,44,0.34090864658355713,0.34090866148471832,0.4348464161157608,0.434846431016922,1,36247,37,2.203081454670749e-13
27,44,0.34090866148471832,0.34090867638587952,0.4348464161157608,0.434846431016922,1,36257,37,1.6374884235314185e-13
28,44,0.34090867638587952,0.34090869128704071,0.4348464161157608,0.434846431016922,1,36241,37,2.9768818967173708e-13
29,44,0.34090869128704071,0.3409087061882019,0.4348464161157608,0.434846431016922,1,36261,37,2.1491694303269798e-13
30,44,0.3409087061882019,0.3409087210893631,0.4348464161157608,0.434846431016922,1,36233,37,1.9337500121701982e-13
31,44,0.3409087210893631,0.34090873599052429,0.4348464161157608,0.434846431016922,1,36275,37,8.5529627990616689e-14
32,44,0.34090873599052429,0.34090875089168549,0.4348464161157608,0.434846431016922,1,36273,37,4.0840995755007467e-14
33,44,0.34090875089168549,0.34090876579284668,0.4348464161157608,0.434846431016922,1,36265,37,1.4892892412329397e-14
34,44,0.34090876579284668,0.34090878069400787,0.4348464161157608,0.434846431016922,1,36277,37,2.3096009237740513e-14
35,44,0.34090878069400787,0.34090879559516907,0.4348464161157608,0.434846431016922,1,36271,37,2.4159499996914916e-14
36,44,0.34090879559516907,0.34090881049633026,0.4348464161157608,0.434846431016922,1,36237,37,5.324135078948033e-14
37,44,0.34090881049633026,0.34090882539749146,0.4348464161157608,0.434846431016922,1,36257,37,5.2621425281311927e-15
38,44,0.34090882539749146,0.34090884029865265,0.4348464161157608,0.434846431016922,1,36227,37,1.2885576504574717e-14
39,44,0.34090884029865265,0.34090885519981384,0.4348464161157608,0.434846431016922,1,36261,37,3.1370534775565702e-13
40,44,0.34090885519981384,0.34090887010097504,0.4348464161157608,0.434846431016922,1,36253,37,1.2588116393083233e-13
41,44,0.34090887010097504,0.34090888500213623,0.4348464161157608,0.434846431016922,1,36263,37,4.2885379240738291e-14
42,44,0.34090888500213623,0.34090889990329742,0.4348464161157608,0.434846431016922,1,36199,37,2.6000610919737716e-14
43,44,0.34090889990329742,0.34090891480445862,0.4348464161157608,0.434846431016922,1,36199,37,1.7737514111854702e-13
44,44,0.34090891480445862,0.34090892970561981,0.4348464161157608,0.434846431016922,1,36245,37,1.9432033600850742e-13
45,44,0.34090892970561981,0.34090894460678101,0.4348464161157608,0.434846431016922,1,36161,37,1.3706620364851773e-13
46,44,0.34090894460678101,0.3409089595079422,0.4348464161157608,0.434846431016922,1,36167,37,4.2453402197878686e-15
47,44,0.3409089595079422,0.34090897440910339,0.4348464161157608,0.434846431016922,1,36165,37,1.4592299344738491e-13
48,44,0.34090897440910339,0.34090898931026459,0.4348464161157608,0.434846431016922,1,36185,37,3.9697542476322714e-14
49,44,0.34090898931026459,0.34090900421142578,0.4348464161157608,0.434846431016922,1,36195,37,9.5755679284677537e-14
50,44,0.34090900421142578,0.34090901911258698,0.4348464161157608,0.434846431016922,1,36139,37,1.0057157358206009e-13
51,44,0.34090901911258698,0.34090903401374817,0.4348464161157608,0.434846431016922,1,36203,37,3.9996117435017294e-14
52,44,0.34090903401374817,0.34090904891490936,0.4348464161157608,0.434846431016922,1,36171,37,4.0147546918877123e-13
53,44,0.34090904891490936,0.34090906381607056,0.4348464161157608,0.434846431016922,1,36171,37,6.8500540004951958e-15
54,44,0.34090906381607056,0.34090907871723175,0.4348464161157608,0.434846431016922,1,36175,37,1.6566021095790069e-13
55,44,0.34090907871723175,0.34090909361839294,0.4348464161157608,0.434846431016922,1,36137,37,1.5923488439471782e-14
56,44,0.34090909361839294,0.34090910851955414,0.4348464161157608,0.434846431016922,1,36131,38,4.1038591019228184e-14
57,44,0.34090910851955414,0.34090912342071533,0.4348464161157608,0.434846431016922,1,36127,38,2.4706697648425597e-14
58,44,0.34090912342071533,0.34090913832187653,0.4348464161157608,0.434846431016922,1,36139,38,1.6073605609084679e-13
59,44,0.34090913832187653,0.34090915322303772,0.4348464161157608,0.434846431016922,1,36165,38,6.6520735759978343e-15
60,44,0.34090915322303772,0.34090916812419891,0.4348464161157608,0.434846431016922,1,36149,38,1.8013872189009303e-14
61,44,0.34090916812419891,0.34090918302536011,0.4348464161157608,0.434846431016922,1,36197,38,1.6210608044565726e-13
62,44,0.34090918302536011,0.3409091979265213,0.4348464161157608,0.434846431016922,1,36165,38,3.7433977660862356e-14
63,44,0.3409091979265213,0.3409092128276825,0.4348464161157608,0.434846431016922,1,36119,38,1.2173253989562891e-13
0,45,0.34090825915336609,0.34090827405452728,0.434846431016922,0.43484644591808319,1,36399,36,7.2712587988615211e-14
1,45,0.34090827405452728,0.34090828895568848,0.434846431016922,0.43484644591808319,1,36373,36,2.2234764167333175e-13
2,45,0.34090828895568848,0.34090830385684967,0.434846431016922,0.43484644591808319,1,36415,36,1.2182248028750789e-14
3,45,0.34090830385684967,0.34090831875801086,0.434846431016922,0.43484644591808319,1,36407,36,2.4515383533343968e-14
4,45,0.34090831875801086,0.34090833365917206,0.434846431016922,0.43484644591808319,1,36367,36,2.0081962529558833e-13
5,45,0.34090833365917206,0.34090834856033325,0.434846431016922,0.43484644591808319,1,36395,36,1.1408764474344109e-13
6,45,0.34090834856033325,0.34090836346149445,0.434846431016922,0.43484644591808319,1,36349,36,1.2349604425439271e-13
7,45,0.34090836346149445,0.34090837836265564,0.434846431016922,0.43484644591808319,1,36391,36,4.3287337855844761e-14
8,45,0.34090837836265564,0.34090839326381683,0.434846431016922,0.43484644591808319,1,36309,36,8.2401108196617857e-15
9,45,0.34090839326381683,0.34090840816497803,0.434846431016922,0.43484644591808319,1,36297,36,1.4754940469822568e-13
10,45,0.34090840816497803,0.34090842306613922,0.434846431016922,0.43484644591808319,1,36297,36,1.0747464771538005e-14
11,45,0.34090842306613922,0.34090843796730042,0.434846431016922,0.43484644591808319,1,36361,36,1.9806761896799379e-14
12,45,0.34090843796730042,0.34090845286846161,0.434846431016922,0.43484644591808319,1,36319,36,2.0265202955000881e-15
13,45,0.34090845286846161,0.3409084677696228,0.434846431016922,0.43484644591808319,1,36331,36,1.1153018752877696e-14
14,45,0.3409084677696228,0.340908482670784,0.434846431016922,0.43484644591808319,1,36285,36,1.8127140113669809e-14
15,45,0.340908482670784,0.34090849757194519,0.434846431016922,0.43484644591808319,1,36299,36,6.836547822847325e-14
16,45,0.34090849757194519,0.34090851247310638,0.434846431016922,0.43484644591808319,1,36335,36,5.6643031261099059e-14
17,45,0.34090851247310638,0.34090852737426758,0.434846431016922,0.43484644591808319,1,36297,36,1.319430712746064e-14
18,45,0.34090852737426758,0.34090854227542877,0.434846431016922,0.43484644591808319,1,36289,36,2.5027504077561902e-14
19,45,0.34090854227542877,0.34090855717658997,0.434846431016922,0.43484644591808319,1,36265,36,2.961705315097242e-13
20,45,0.34090855717658997,0.34090857207775116,0.434846431016922,0.43484644591808319,1,36319,36,7.799879793634873e-14
21,45,0.34090857207775116,0.34090858697891235,0.434846431016922,0.43484644591808319,1,36287,37,1.4832154977696131e-13
22,45,0.34090858697891235,0.34090860188007355,0.434846431016922,0.43484644591808319,1,36315,37,3.4878091457746343e-13
23,45,0.34090860188007355,0.34090861678123474,0.434846431016922,0.43484644591808319,1,36319,37,1.2532473588633541e-13
24,45,0.34090861678123474,0.34090863168239594,0.434846431016922,0.43484644591808319,1,36261,37,1.0751097704256294e-14
25,45,0.34090863168239594,0.34090864658355713,0.434846431016922,0.43484644591808319,1,36289,37,3.8734937595782703e-14
26,45,0.34090864658355713,0.34090866148471832,0.434846431016922,0.43484644591808319,1,36265,37,2.8444639812423786e-13
27,45,0.34090866148471832,0.34090867638587952,0.434846431016922,0.43484644591808319,1,36285,37,1.1947269733662506e-13
28,45,0.34090867638587952,0.34090869128704071,0.434846431016922,0.43484644591808319,1,36275,37,6.9153984707427663e-13
29,45,0.34090869128704071,0.3409087061882019,0.434846431016922,0.43484644591808319,1,36323,37,5.1671243721812954e-13
30,45,0.3409087061882019,0.3409087210893631,0.434846431016922,0.43484644591808319,1,36253,37,1.0167452864507606e-13
31,45,0.3409087210893631,0.34090873599052429,0.434846431016922,0.43484644591808319,1,36263,37,2.1586076694106956e-13
32,45,0.34090873599052429,0.34090875089168549,0.434846431016922,0.43484644591808319,1,36251,37,3.0835596509766109e-14
33,45,0.34090875089168549,0.34090876579284668,0.434846431016922,0.43484644591808319,1,36289,37,3.7418167073658715e-14
34,45,0.34090876579284668,0.34090878069400787,0.434846431016922,0.43484644591808319,1,36293,37,4.0700593889931404e-15
35,45,0.34090878069400787,0.34090879559516907,0.434846431016922,0.43484644591808319,1,36275,37,1.681914460851116e-13
36,45,0.34090879559516907,0.34090881049633026,0.434846431016922,0.43484644591808319,1,36241,37,2.5374716709624538e-14
37,45,0.34090881049633026,0.34090882539749146,0.434846431016922,0.43484644591808319,1,36227,37,8.353430243023341e-14
38,45,0.34090882539749146,0.34090884029865265,0.434846431016922,0.43484644591808319,1,36265,37,9.0379376888756963e-14
39,45,0.34090884029865265,0.34090885519981384,0.434846431016922,0.43484644591808319,1,36233,37,6.7384318207975687e-16
40,45,0.34090885519981384,0.34090887010097504,0.434846431016922,0.43484644591808319,1,36195,37,4.566499010159837e-13
41,45,0.34090887010097504,0.34090888500213623,0.434846431016922,0.43484644591808319,1,36203,37,2.9674856620078489e-14
42,45,0.34090888500213623,0.34090889990329742,0.434846431016922,0.43484644591808319,1,36219,37,9.7549642884492922e-14
43,45,0.34090889990329742,0.34090891480445862,0.434846431016922,0.43484644591808319,1,36237,37,6.76793110846798e-14
44,45,0.34090891480445862,0.34090892970561981,0.434846431016922,0.43484644591808319,1,36217,37,8.9622183291486205e-14
45,45,0.34090892970561981,0.34090894460678101,0.434846431016922,0.43484644591808319,1,36199,37,1.5840797136625246e-13
46,45,0.34090894460678101,0.3409089595079422,0.434846431016922,0.43484644591808319,1,36197,37,1.4690318692846859e-13
47,45,0.3409089595079422,0.34090897440910339,0.434846431016922,0.43484644591808319,1,36141,37,1.9340750310172759e-14
48,45,0.34090897440910339,0.34090898931026459,0.434846431016922,0.43484644591808319,1,36205,37,3.0809862605545685e-13
49,45,0.34090898931026459,0.34090900421142578,0.434846431016922,0.43484644591808319,1,36195,37,8.4167147255037884e-14
50,45,0.34090900421142578,0.34090901911258698,0.434846431016922,0.43484644591808319,1,36159,37,3.8059282765182962e-14
51,45,0.34090901911258698,0.34090903401374817,0.434846431016922,0.43484644591808319,1,36179,37,9.8312402386674533e-14
52,45,0.34090903401374817,0.34090904891490936,0.434846431016922,0.43484644591808319,1,36135,37,4.1924620268225715e-14
53,45,0.34090904891490936,0.34090906381607056,0.434846431016922,0.43484644591808319,1,36137,37,3.0325708440721686e-14
54,45,0.34090906381607056,0.34090907871723175,0.434846431016922,0.43484644591808319,1,36163,37,1.0092344348071161e-13
55,45,0.34090907871723175,0.34090909361839294,0.434846431016922,0.43484644591808319,1,36157,37,1.1810756999535613e-13
56,45,0.34090909361839294,0.34090910851955414,0.434846431016922,0.43484644591808319,1,36187,38,8.28679701370634e-14
57,45,0.34090910851955414,0.34090912342071533,0.434846431016922,0.43484644591808319,1,36107,38,7.3740725010126146e-14
58,45,0.34090912342071533,0.34090913832187653,0.434846431016922,0.43484644591808319,1,36181,38,9.5972422169157536e-15
59,45,0.34090913832187653,0.34090915322303772,0.434846431016922,0.43484644591808319,1,36167,38,1.0876756135824432e-14
60,45,0.34090915322303772,0.34090916812419891,0.434846431016922,0.43484644591808319,1,36151,38,4.7808647435316007e-14
61,45,0.34090916812419891,0.34090918302536011,0.434846431016922,0.43484644591808319,1,36095,38,1.5386691061019425e-13
62,45,0.34090918302536011,0.3409091979265213,0.434846431016922,0.43484644591808319,1,36151,38,4.1989985368169256e-14
63,45,0.3409091979265213,0.3409092128276825,0.434846431016922,0.43484644591808319,1,36137,38,9.601509826309703e-14
0,46,0.34090825915336609,0.34090827405452728,0.43484644591808319,0.43484646081924438,1,36401,36,1.066649073709134e-13
1,46,0.34090827405452728,0.34090828895568848,0.43484644591808319,0.43484646081924438,1,36383,36,3.381985908521412e-14
2,46,0.34090828895568848,0.34090830385684967,0.43484644591808319,0.43484646081924438,1,36403,36,2.4267248850596876e-14
3,46,0.34090830385684967,0.34090831875801086,0.43484644591808319,0.43484646081924438,1,36359,36,2.0482069046947449e-14
4,46,0.34090831875801086,0.34090833365917206,0.43484644591808319,0.43484646081924438,1,36357,36,1.4694474406890464e-14
5,46,0.34090833365917206,0.34090834856033325,0.43484644591808319,0.43484646081924438,1,36353,36,1.3620068349136818e-15
6,46,0.34090834856033325,0.34090836346149445,0.43484644591808319,0.43484646081924438,1,36339,36,1.3185027189483489e-14
7,46,0.34090836346149445,0.34090837836265564,0.43484644591808319,0.43484646081924438,1,36349,36,1.9671975047717156e-14
8,46,0.34090837836265564,0.34090839326381683,0.43484644591808319,0.43484646081924438,1,36325,36,1.452927212768633e-14
9,46,0.34090839326381683,0.34090840816497803,0.43484644591808319,0.43484646081924438,1,36305,36,1.4109344714296512e-13
10,46,0.34090840816497803,0.34090842306613922,0.43484644591808319,0.43484646081924438,1,36331,36,2.9623536888330679e-14
11,46,0.34090842306613922,0.34090843796730042,0.43484644591808319,0.43484646081924438,1,36297,36,3.766016110598756e-15
12,46,0.34090843796730042,0.34090845286846161,0.43484644591808319,0.43484646081924438,1,36297,36,1.162725746500377e-14
13,46,0.34090845286846161,0.3409084677696228,0.43484644591808319,0.43484646081924438,1,36293,36,9.6612893297482695e-15
14,46,0.3409084677696228,0.340908482670784,0.43484644591808319,0.43484646081924438,1,36285,36,2.0148252505901929e-14
15,46,0.340908482670784,0.34090849757194519,0.43484644591808319,0.43484646081924438,1,36285,36,3.3094808948170219e-15
16,46,0.34090849757194519,0.34090851247310638,0.43484644591808319,0.43484646081924438,1,36315,36,8.9058274570308578e-14
17,46,0.34090851247310638,0.34090852737426758,0.43484644591808319,0.43484646081924438,1,36357,36,3.993655235626068e-14
18,46,0.34090852737426758,0.34090854227542877,0.43484644591808319,0.43484646081924438,1,36265,36,2.0759052928020993e-13
19,46,0.34090854227542877,0.34090855717658997,0.43484644591808319,0.43484646081924438,1,36269,36,1.9029650777088493e-13
20,46,0.34090855717658997,0.34090857207775116,0.43484644591808319,0.43484646081924438,1,36281,36,7.5187487455733677e-14
21,46,0.34090857207775116,0.34090858697891235,0.43484644591808319,0.43484646081924438,1,36317,37,1.3693077839221793e-13
22,46,0.34090858697891235,0.34090860188007355,0.43484644591808319,0.43484646081924438,1,36321,37,9.1614837886098062e-15
23,46,0.34090860188007355,0.34090861678123474,0.43484644591808319,0.43484646081924438,1,36267,37,1.0227910128297542e-14
24,46,0.34090861678123474,0.34090863168239594,0.43484644591808319,0.43484646081924438,1,36291,37,8.795334073970592e-14
25,46,0.34090863168239594,0.34090864658355713,0.43484644591808319,0.43484646081924438,1,36295,37,2.425787453765915e-13
26,46,0.34090864658355713,0.34090866148471832,0.43484644591808319,0.43484646081924438,1,36275,37,2.8441376882380152e-14
27,46,0.34090866148471832,0.34090867638587952,0.43484644591808319,0.43484646081924438,1,36269,37,3.5985853356095821e-13
28,46,0.34090867638587952,0.34090869128704071,0.43484644591808319,0.43484646081924438,1,36241,37,1.7046992595103486e-14
29,46,0.34090869128704071,0.3409087061882019,0.43484644591808319,0.43484646081924438,1,36297,37,1.7992117687271444e-14
30,46,0.3409087061882019,0.3409087210893631,0.43484644591808319,0.43484646081924438,1,36267,37,3.243233758600714e-13
31,46,0.3409087210893631,0.34090873599052429,0.43484644591808319,0.43484646081924438,1,36241,37,1.7920277570075349e-14
32,46,0.34090873599052429,0.34090875089168549,0.43484644591808319,0.43484646081924438,1,36227,37,1.5157161727748626e-14
33,46,0.34090875089168549,0.34090876579284668,0.43484644591808319,0.43484646081924438,1,36187,37,7.5451756995186373e-14
34,46,0.34090876579284668,0.34090878069400787,0.43484644591808319,0.43484646081924438,1,36247,37,9.2768601830807777e-15
35,46,0.34090878069400787,0.34090879559516907,0.43484644591808319,0.43484646081924438,1,36291,37,2.3494565441206405e-15
36,46,0.34090879559516907,0.34090881049633026,0.43484644591808319,0.43484646081924438,1,36257,37,1.3850944730410493e-13
37,46,0.34090881049633026,0.34090882539749146,0.43484644591808319,0.43484646081924438,1,36243,37,1.5069098048387442e-13
38,46,0.34090882539749146,0.34090884029865265,0.43484644591808319,0.43484646081924438,1,36231,37,1.8504024755231391e-13
39,46,0.34090884029865265,0.34090885519981384,0.43484644591808319,0.43484646081924438,1,36231,37,1.2383352105771929e-14
40,46,0.34090885519981384,0.34090887010097504,0.43484644591808319,0.43484646081924438,1,36205,37,3.474666400279762e-13
41,46,0.34090887010097504,0.34090888500213623,0.43484644591808319,0.43484646081924438,1,36159,37,1.0145684652967768e-14
42,46,0.34090888500213623,0.34090889990329742,0.43484644591808319,0.43484646081924438,1,36189,37,3.8820902829741394e-14
43,46,0.34090889990329742,0.34090891480445862,0.43484644591808319,0.43484646081924438,1,36169,37,9.2673195536095656e-14
44,46,0.34090891480445862,0.34090892970561981,0.43484644591808319,0.43484646081924438,1,36179,37,6.2083898430788593e-15
45,46,0.34090892970561981,0.34090894460678101,0.43484644591808319,0.43484646081924438,1,36167,37,3.4178400085128962e-14
46,46,0.34090894460678101,0.3409089595079422,0.43484644591808319,0.43484646081924438,1,36167,37,2.3625074335744838e-13
47,46,0.3409089595079422,0.34090897440910339,0.43484644591808319,0.43484646081924438,1,36173,37,2.5437791066599916e-15
48,46,0.34090897440910339,0.34090898931026459,0.43484644591808319,0.43484646081924438,1,36145,37,4.6184912768496156e-14
49,46,0.34090898931026459,0.34090900421142578,0.43484644591808319,0.43484646081924438,1,36147,37,3.9167097889637347e-14
50,46,0.34090900421142578,0.34090901911258698,0.43484644591808319,0.43484646081924438,1,36149,37,2.4227022361765035e-13
51,46,0.34090901911258698,0.34090903401374817,0.43484644591808319,0.43484646081924438,1,36159,37,3.8307562937487128e-14
52,46,0.34090903401374817,0.34090904891490936,0.43484644591808319,0.43484646081924438,1,36127,37,1.7911466228938103e-13
53,46,0.34090904891490936,0.34090906381607056,0.43484644591808319,0.43484646081924438,1,36119,37,8.2944357254144278e-14
54,46,0.34090906381607056,0.34090907871723175,0.43484644591808319,0.43484646081924438,1,36149,37,1.0319857037251959e-13
55,46,0.34090907871723175,0.34090909361839294,0.43484644591808319,0.43484646081924438,1,36167,37,1.6302108675184143e-14
56,46,0.34090909361839294,0.34090910851955414,0.43484644591808319,0.43484646081924438,1,36153,38,2.793289372555507e-14
57,46,0.34090910851955414,0.34090912342071533,0.43484644591808319,0.43484646081924438,1,36173,38,4.2985791251083925e-15
58,46,0.34090912342071533,0.34090913832187653,0.43484644591808319,0.43484646081924438,1,36169,38,1.3759145610604334e-13
59,46,0.34090913832187653,0.34090915322303772,0.43484644591808319,0.43484646081924438,1,36121,38,4.6942019560515777e-15
60,46,0.34090915322303772,0.34090916812419891,0.43484644591808319,0.43484646081924438,1,36119,38,6.989190133016953e-15
61,46,0.34090916812419891,0.34090918302536011,0.43484644591808319,0.43484646081924438,1,36113,38,3.9891551886047148e-14
62,46,0.34090918302536011,0.3409091979265213,0.43484644591808319,0.43484646081924438,1,36111,38,7.0736571319487924e-14
63,46,0.3409091979265213,0.3409092128276825,0.43484644591808319,0.43484646081924438,1,36145,38,4.0757299764901346e-14
0,47,0.34090825915336609,0.34090827405452728,0.43484646081924438,0.43484647572040558,1,36369,36,2.6746763721693143e-13
1,47,0.34090827405452728,0.34090828895568848,0.43484646081924438,0.43484647572040558,1,36421,36,2.0126637311269202e-13
2,47,0.34090828895568848,0.34090830385684967,0.43484646081924438,0.43484647572040558,1,36397,36,6.0972538021912727e-14
3,47,0.34090830385684967,0.34090831875801086,0.43484646081924438,0.43484647572040558,1,36361,36,6.1504667077052e-16
4,47,0.34090831875801086,0.34090833365917206,0.43484646081924438,0.43484647572040558,1,36345,36,9.3019925275251504e-14
5,47,0.34090833365917206,0.34090834856033325,0.43484646081924438,0.43484647572040558,1,36335,36,1.7055033504100781e-15
6,47,0.34090834856033325,0.34090836346149445,0.43484646081924438,0.43484647572040558,1,36337,36,3.3144414618237604e-14
7,47,0.34090836346149445,0.34090837836265564,0.43484646081924438,0.43484647572040558,1,36335,36,1.2311553584916824e-14
8,47,0.34090837836265564,0.34090839326381683,0.43484646081924438,0.43484647572040558,1,36325,36,1.7086896283553951e-14
9,47,0.34090839326381683,0.34090840816497803,0.43484646081924438,0.43484647572040558,1,36315,36,9.5036190436204584e-14
10,47,0.34090840816497803,0.34090842306613922,0.43484646081924438,0.43484647572040558,1,36299,36,1.0251182933660095e-13
11,47,0.34090842306613922,0.34090843796730042,0.43484646081924438,0.43484647572040558,1,36301,36,1.7032197172077204e-13
12,47,0.34090843796730042,0.34090845286846161,0.43484646081924438,0.43484647572040558,1,36317,36,6.97677244433853e-14
13,47,0.34090845286846161,0.3409084677696228,0.43484646081924438,0.43484647572040558,1,36307,36,3.4962816256995058e-13
14,47,0.3409084677696228,0.340908482670784,0.43484646081924438,0.43484647572040558,1,36311,36,2.2436672760440389e-13
15,47,0.340908482670784,0.34090849757194519,0.43484646081924438,0.43484647572040558,1,36311,36,1.0569049840960673e-14
16,47,0.34090849757194519,0.34090851247310638,0.43484646081924438,0.43484647572040558,1,36299,36,1.4620513541525084e-13
17,47,0.34090851247310638,0.34090852737426758,0.43484646081924438,0.43484647572040558,1,36289,36,9.1677080743763837e-14
18,47,0.34090852737426758,0.34090854227542877,0.43484646081924438,0.43484647572040558,1,36271,36,4.3514689226273388e-14
19,47,0.34090854227542877,0.34090855717658997,0.43484646081924438,0.43484647572040558,1,36301,36,3.528313866096295e-13
20,47,0.34090855717658997,0.34090857207775116,0.43484646081924438,0.43484647572040558,1,36261,36,8.2519480026378364e-14
21,47,0.34090857207775116,0.34090858697891235,0.43484646081924438,0.43484647572040558,1,36251,37,1.3772224801545236e-14
22,47,0.34090858697891235,0.34090860188007355,0.43484646081924438,0.43484647572040558,1,36301,37,8.8188322965752929e-14
23,47,0.34090860188007355,0.34090861678123474,0.43484646081924438,0.43484647572040558,1,36277,37,3.3675549173503755e-13
24,47,0.34090861678123474,0.34090863168239594,0.43484646081924438,0.43484647572040558,1,36269,37,1.5917223737290829e-14
25,47,0.34090863168239594,0.34090864658355713,0.43484646081924438,0.43484647572040558,1,36251,37,4.2367734646744935e-14
26,47,0.34090864658355713,0.34090866148471832,0.43484646081924438,0.43484647572040558,1,36293,37,7.0340538549840201e-14
27,47,0.34090866148471832,0.34090867638587952,0.43484646081924438,0.43484647572040558,1,36265,37,7.1607067171986623e-14
28,47,0.34090867638587952,0.34090869128704071,0.43484646081924438,0.43484647572040558,1,36247,37,6.8891147070068884e-14
29,47,0.34090869128704071,0.3409087061882019,0.43484646081924438,0.43484647572040558,1,36231,37,1.6339291737374596e-13
30,47,0.3409087061882019,0.3409087210893631,0.43484646081924438,0.43484647572040558,1,36285,37,9.7597613741551783e-14
31,47,0.3409087210893631,0.34090873599052429,0.43484646081924438,0.43484647572040558,1,36235,37,1.8115295200127418e-14
32,47,0.34090873599052429,0.34090875089168549,0.43484646081924438,0.43484647572040558,1,36257,37,5.1759073336634339e-14
33,47,0.34090875089168549,0.34090876579284668,0.43484646081924438,0.43484647572040558,1,36241,37,2.0247127102696342e-13
34,47,0.34090876579284668,0.34090878069400787,0.43484646081924438,0.43484647572040558,1,36245,37,4.542992523003385e-14
35,47,0.34090878069400787,0.34090879559516907,0.43484646081924438,0.43484647572040558,1,36217,37,3.1650642909731692e-13
36,47,0.34090879559516907,0.34090881049633026,0.43484646081924438,0.43484647572040558,1,36199,37,6.3558125248117736e-15
37,47,0.34090881049633026,0.34090882539749146,0.43484646081924438,0.43484647572040558,1,36225,37,4.0317658264362938e-14
38,47,0.34090882539749146,0.34090884029865265,0.43484646081924438,0.43484647572040558,1,36203,37,3.616925183460683e-14
39,47,0.34090884029865265,0.34090885519981384,0.43484646081924438,0.43484647572040558,1,36179,37,3.2199427397070328e-14
40,47,0.34090885519981384,0.34090887010097504,0.43484646081924438,0.43484647572040558,1,36209,37,1.1115877832375487e-13
41,47,0.34090887010097504,0.34090888500213623,0.43484646081924438,0.43484647572040558,1,36163,37,4.1677291933221101e-14
42,47,0.34090888500213623,0.34090889990329742,0.43484646081924438,0.43484647572040558,1,36151,37,2.450356175726146e-13
43,47,0.34090889990329742,0.34090891480445862,0.43484646081924438,0.43484647572040558,1,36219,37,1.2252329447819584e-13
44,47,0.34090891480445862,0.34090892970561981,0.43484646081924438,0.43484647572040558,1,36183,37,1.7201451528587841e-13
45,47,0.34090892970561981,0.34090894460678101,0.43484646081924438,0.43484647572040558,1,36165,37,9.2777525940707621e-15
46,47,0.34090894460678101,0.3409089595079422,0.43484646081924438,0.43484647572040558,1,36155,37,1.5591168663769009e-13
47,47,0.3409089595079422,0.34090897440910339,0.43484646081924438,0.43484647572040558,1,36149,37,5.1097725450214402e-14
48,47,0.34090897440910339,0.34090898931026459,0.43484646081924438,0.43484647572040558,1,36135,37,9.5187181057091115e-15
49,47,0.34090898931026459,0.34090900421142578,0.43484646081924438,0.43484647572040558,1,36137,37,1.6723389904069717e-13
50,47,0.34090900421142578,0.34090901911258698,0.43484646081924438,0.43484647572040558,1,36187,37,2.4930085320377491e-13
51,47,0.34090901911258698,0.34090903401374817,0.43484646081924438,0.43484647572040558,1,36159,37,1.1501984850061997e-13
52,47,0.34090903401374817,0.34090904891490936,0.43484646081924438,0.43484647572040558,1,36193,37,7.6714879485250312e-14
53,47,0.34090904891490936,0.34090906381607056,0.43484646081924438,0.43484647572040558,1,36155,37,4.0309947000126336e-13
54,47,0.34090906381607056,0.34090907871723175,0.43484646081924438,0.43484647572040558,1,36161,37,7.594934079584895e-14
55,47,0.34090907871723175,0.34090909361839294,0.43484646081924438,0.43484647572040558,1,36151,37,8.1230452099816456e-14
56,47,0.34090909361839294,0.34090910851955414,0.43484646081924438,0.43484647572040558,1,36123,38,1.8532758111415373e-13
57,47,0.34090910851955414,0.34090912342071533,0.43484646081924438,0.43484647572040558,1,36131,38,1.6096377366977795e-13
58,47,0.34090912342071533,0.34090913832187653,0.43484646081924438,0.43484647572040558,1,36173,38,5.2590559512952052e-14
59,47,0.34090913832187653,0.34090915322303772,0.43484646081924438,0.43484647572040558,1,36117,38,6.1671290040321747e-14
60,47,0.34090915322303772,0.34090916812419891,0.43484646081924438,0.43484647572040558,1,36183,38,3.0811172201953711e-13
61,47,0.34090916812419891,0.34090918302536011,0.43484646081924438,0.43484647572040558,1,36125,38,1.4946692129600394e-14
62,47,0.34090918302536011,0.3409091979265213,0.43484646081924438,0.43484647572040558,1,36137,38,2.9806171422741985e-14
63,47,0.3409091979265213,0.3409092128276825,0.43484646081924438,0.43484647572040558,1,36137,38,1.3540513946678965e-14
0,48,0.34090825915336609,0.34090827405452728,0.43484647572040558,0.43484649062156677,1,36387,36,1.3239929849362908e-13
1,48,0.34090827405452728,0.34090828895568848,0.43484647572040558,0.43484649062156677,1,36379,36,9.7953406304983415e-14
2,48,0.34090828895568848,0.34090830385684967,0.43484647572040558,0.43484649062156677,1,36339,36,7.1517867971107922e-15
3,48,0.34090830385684967,0.34090831875801086,0.43484647572040558,0.43484649062156677,1,36379,36,1.2451405623044891e-13
4,48,0.34090831875801086,0.34090833365917206,0.43484647572040558,0.43484649062156677,1,36337,36,4.9083831958061771e-14
5,48,0.34090833365917206,0.34090834856033325,0.43484647572040558,0.43484649062156677,1,36327,36,1.4618255619720071e-14
6,48,0.34090834856033325,0.34090836346149445,0.43484647572040558,0.43484649062156677,1,36335,36,3.4789879901430386e-13
7,48,0.34090836346149445,0.34090837836265564,0.43484647572040558,0.43484649062156677,1,36345,36,2.0398170600560695e-14
8,48,0.34090837836265564,0.34090839326381683,0.43484647572040558,0.43484649062156677,1,36357,36,3.7006372781710392e-15
9,48,0.34090839326381683,0.34090840816497803,0.43484647572040558,0.43484649062156677,1,36291,36,7.7379924461828704e-14
10,48,0.34090840816497803,0.34090842306613922,0.43484647572040558,0.43484649062156677,1,36343,36,1.5067677562077446e-13
11,48,0.34090842306613922,0.34090843796730042,0.43484647572040558,0.43484649062156677,1,36285,36,2.9257779425728067e-13
12,48,0.34090843796730042,0.34090845286846161,0.43484647572040558,0.43484649062156677,1,36315,36,1.9535586468313047e-13
13,48,0.34090845286846161,0.3409084677696228,0.43484647572040558,0.43484649062156677,1,36293,36,3.0990741228393087e-14
14,48,0.3409084677696228,0.340908482670784,0.43484647572040558,0.43484649062156677,1,36267,36,7.4496785546121323e-15
15,48,0.340908482670784,0.34090849757194519,0.43484647572040558,0.43484649062156677,1,36319,36,7.9179344146567152e-14
16,48,0.34090849757194519,0.34090851247310638,0.43484647572040558,0.43484649062156677,1,36299,36,1.733731596855239e-13
17,48,0.34090851247310638,0.34090852737426758,0.43484647572040558,0.43484649062156677,1,36273,36,2.2240927127673971e-14
18,48,0.34090852737426758,0.34090854227542877,0.43484647572040558,0.43484649062156677,1,36277,36,2.4781726435620827e-13
19,48,0.34090854227542877,0.34090855717658997,0.43484647572040558,0.43484649062156677,1,36275,36,3.1266269618047968e-13
20,48,0.34090855717658997,0.34090857207775116,0.43484647572040558,0.43484649062156677,1,36273,36,7.9280995796267926e-14
21,48,0.34090857207775116,0.34090858697891235,0.43484647572040558,0.43484649062156677,1,36241,37,1.5608111856664933e-13
22,48,0.34090858697891235,0.34090860188007355,0.43484647572040558,0.43484649062156677,1,36253,37,2.5259013879969975e-14
23,48,0.34090860188007355,0.34090861678123474,0.43484647572040558,0.43484649062156677,1,36255,37,6.8994144425121398e-14
24,48,0.34090861678123474,0.34090863168239594,0.43484647572040558,0.43484649062156677,1,36277,37,3.1495862391405933e-14
25,48,0.34090863168239594,0.34090864658355713,0.43484647572040558,0.43484649062156677,1,36265,37,8.4085080494820122e-14
26,48,0.34090864658355713,0.34090866148471832,0.43484647572040558,0.43484649062156677,1,36267,37,4.7693842059953524e-13
27,48,0.34090866148471832,0.34090867638587952,0.43484647572040558,0.43484649062156677,1,36235,37,4.4128726089641022e-14
28,48,0.34090867638587952,0.34090869128704071,0.43484647572040558,0.43484649062156677,1,36221,37,2.7598081984903025e-14
29,48,0.34090869128704071,0.3409087061882019,0.43484647572040558,0.43484649062156677,1,36229,37,3.3940554192051001e-13
30,48,0.3409087061882019,0.3409087210893631,0.43484647572040558,0.43484649062156677,1,36207,37,6.6135907835996652e-14
31,48,0.3409087210893631,0.34090873599052429,0.43484647572040558,0.43484649062156677,1,36277,37,1.3853251518288886e-13
32,48,0.34090873599052429,0.34090875089168549,0.43484647572040558,0.43484649062156677,1,36221,37,1.5705795749795821e-13
33,48,0.34090875089168549,0.34090876579284668,0.43484647572040558,0.43484649062156677,1,36209,37,5.4791814573962164e-14
34,48,0.34090876579284668,0.34090878069400787,0.43484647572040558,0.43484649062156677,1,36269,37,1.3606428750623026e-13
35,48,0.34090878069400787,0.34090879559516907,0.43484647572040558,0.43484649062156677,1,36199,37,1.0357506730444939e-13
36,48,0.34090879559516907,0.34090881049633026,0.43484647572040558,0.43484649062156677,1,36221,37,2.9214068221912381e-14
37,48,0.34090881049633026,0.34090882539749146,0.43484647572040558,0.43484649062156677,1,36203,37,3.5302378881778287e-14
38,48,0.34090882539749146,0.34090884029865265,0.43484647572040558,0.43484649062156677,1,36217,37,6.1053357347147377e-14
39,48,0.34090884029865265,0.34090885519981384,0.43484647572040558,0.43484649062156677,1,36205,37,1.6391792453402747e-13
40,48,0.34090885519981384,0.34090887010097504,0.43484647572040558,0.43484649062156677,1,36167,37,8.016912030147956e-14
41,48,0.34090887010097504,0.34090888500213623,0.43484647572040558,0.43484649062156677,1,36177,37,3.0623290110679675e-13
42,48,0.34090888500213623,0.34090889990329742,0.43484647572040558,0.43484649062156677,1,36171,37,3.1762062991905318e-14
43,48,0.34090889990329742,0.34090891480445862,0.43484647572040558,0.43484649062156677,1,36145,37,8.409720505496656e-14
44,48,0.34090891480445862,0.34090892970561981,0.43484647572040558,0.43484649062156677,1,36203,37,5.4678408322085019e-14
45,48,0.34090892970561981,0.34090894460678101,0.43484647572040558,0.43484649062156677,1,36173,37,1.623756106871386e-13
46,48,0.34090894460678101,0.3409089595079422,0.43484647572040558,0.43484649062156677,1,36139,37,8.4634812190847055e-14
47,48,0.3409089595079422,0.34090897440910339,0.43484647572040558,0.43484649062156677,1,36175,37,5.0516609151936113e-14
48,48,0.34090897440910339,0.34090898931026459,0.43484647572040558,0.43484649062156677,1,36151,37,9.5241785677579056e-14
49,48,0.34090898931026459,0.34090900421142578,0.43484647572040558,0.43484649062156677,1,36189,37,6.5734392970101426e-14
50,48,0.34090900421142578,0.34090901911258698,0.43484647572040558,0.43484649062156677,1,36149,37,1.4120488107733212e-14
51,48,0.34090901911258698,0.34090903401374817,0.43484647572040558,0.43484649062156677,1,36137,37,5.8550609857415554e-14
52,48,0.34090903401374817,0.34090904891490936,0.43484647572040558,0.43484649062156677,1,36159,37,4.2115831467004489e-14
53,48,0.34090904891490936,0.34090906381607056,0.43484647572040558,0.43484649062156677,1,36159,37,6.5092626180625403e-14
54,48,0.34090906381607056,0.34090907871723175,0.43484647572040558,0.43484649062156677,1,36107,37,1.7987944227106941e-14
55,48,0.34090907871723175,0.34090909361839294,0.43484647572040558,0.43484649062156677,1,36127,37,1.0069765321252273e-13
56,48,0.34090909361839294,0.34090910851955414,0.43484647572040558,0.43484649062156677,1,36119,37,3.1106685342871245e-14
57,48,0.34090910851955414,0.34090912342071533,0.43484647572040558,0.43484649062156677,1,36137,38,4.6557793959693807e-14
58,48,0.34090912342071533,0.34090913832187653,0.43484647572040558,0.43484649062156677,1,36129,38,3.7705659238062289e-14
59,48,0.34090913832187653,0.34090915322303772,0.43484647572040558,0.43484649062156677,1,36103,38,8.0613557702875515e-14
60,48,0.34090915322303772,0.34090916812419891,0.43484647572040558,0.43484649062156677,1,36137,38,1.5546687455200146e-13
61,48,0.34090916812419891,0.34090918302536011,0.43484647572040558,0.43484649062156677,1,36121,38,2.1985820145627971e-15
62,48,0.34090918302536011,0.3409091979265213,0.43484647572040558,0.43484649062156677,1,36125,38,2.9616977214105514e-14
63,48,0.3409091979265213,0.3409092128276825,0.43484647572040558,0.43484649062156677,1,36143,38,1.7827123146117166e-13
0,49,0.34090825915336609,0.34090827405452728,0.43484649062156677,0.43484650552272797,1,36359,36,3.4787676068753662e-14
1,49,0.34090827405452728,0.34090828895568848,0.43484649062156677,0.43484650552272797,1,36347,36,1.0316799426515509e-14
2,49,0.34090828895568848,0.34090830385684967,0.43484649062156677,0.43484650552272797,1,36333,36,7.601926205155853e-14
3,49,0.34090830385684967,0.34090831875801086,0.43484649062156677,0.43484650552272797,1,36331,36,3.3758054492755694e-14
4,49,0.34090831875801086,0.34090833365917206,0.43484649062156677,0.43484650552272797,1,36319,36,4.8248471909162339e-14
5,49,0.34090833365917206,0.34090834856033325,0.43484649062156677,0.43484650552272797,1,36361,36,1.4031280533840255e-13
6,49,0.34090834856033325,0.34090836346149445,0.43484649062156677,0.43484650552272797,1,36353,36,5.5599440103380491e-14
7,49,0.34090836346149445,0.34090837836265564,0.43484649062156677,0.43484650552272797,1,36321,36,6.5622072078397926e-14
8,49,0.34090837836265564,0.34090839326381683,0.43484649062156677,0.43484650552272797,1,36333,36,1.8152586478726218e-13
9,49,0.34090839326381683,0.34090840816497803,0.43484649062156677,0.43484650552272797,1,36265,36,1.9712501986595522e-13
10,49,0.34090840816497803,0.34090842306613922,0.43484649062156677,0.43484650552272797,1,36321,36,5.5398598923512421e-14
11,49,0.34090842306613922,0.34090843796730042,0.43484649062156677,0.43484650552272797,1,36299,36,1.284130437274284e-13
12,49,0.34090843796730042,0.34090845286846161,0.43484649062156677,0.43484650552272797,1,36275,36,6.9150192048325762e-14
13,49,0.34090845286846161,0.3409084677696228,0.43484649062156677,0.43484650552272797,1,36265,36,2.4136922373327802e-13
14,49,0.3409084677696228,0.340908482670784,0.43484649062156677,0.43484650552272797,1,36305,36,8.6587866231496464e-14
15,49,0.340908482670784,0.34090849757194519,0.43484649062156677,0.43484650552272797,1,36303,36,8.8356117622191948e-15
16,49,0.34090849757194519,0.34090851247310638,0.43484649062156677,0.43484650552272797,1,36243,36,1.7215218483015972e-13
17,49,0.34090851247310638,0.34090852737426758,0.43484649062156677,0.43484650552272797,1,36251,36,4.7524165674358266e-14
18,49,0.34090852737426758,0.34090854227542877,0.43484649062156677,0.43484650552272797,1,36273,36,2.6114346827632963e-14
19,49,0.34090854227542877,0.34090855717658997,0.43484649062156677,0.43484650552272797,1,36271,36,2.4327959924373426e-14
20,49,0.34090855717658997,0.34090857207775116,0.43484649062156677,0.43484650552272797,1,36265,36,5.812296937850706e-14
21,49,0.34090857207775116,0.34090858697891235,0.43484649062156677,0.43484650552272797,1,36307,37,7.9972061604274143e-14
22,49,0.34090858697891235,0.34090860188007355,0.43484649062156677,0.43484650552272797,1,36249,37,3.4591497486818958e-13
23,49,0.34090860188007355,0.34090861678123474,0.43484649062156677,0.43484650552272797,1,36243,37,6.834052995603687e-15
24,49,0.34090861678123474,0.34090863168239594,0.43484649062156677,0.43484650552272797,1,36253,37,1.0203272317571906e-13
25,49,0.34090863168239594,0.34090864658355713,0.43484649062156677,0.43484650552272797,1,36253,37,2.1393340592958686e-13
26,49,0.34090864658355713,0.34090866148471832,0.43484649062156677,0.43484650552272797,1,36239,37,1.3702609151682138e-13
27,49,0.34090866148471832,0.34090867638587952,0.43484649062156677,0.43484650552272797,1,36235,37,1.9899829712685606e-13
28,49,0.34090867638587952,0.34090869128704071,0.43484649062156677,0.43484650552272797,1,36273,37,1.8288852539421515e-13
29,49,0.34090869128704071,0.3409087061882019,0.43484649062156677,0.43484650552272797,1,36251,37,1.7837188281392694e-14
30,49,0.3409087061882019,0.3409087210893631,0.43484649062156677,0.43484650552272797,1,36233,37,4.3190228738885108e-15
31,49,0.3409087210893631,0.34090873599052429,0.43484649062156677,0.43484650552272797,1,36235,37,2.3733456160204003e-13
32,49,0.34090873599052429,0.34090875089168549,0.43484649062156677,0.43484650552272797,1,36209,37,3.7672810720035944e-14
33,49,0.34090875089168549,0.34090876579284668,0.43484649062156677,0.43484650552272797,1,36265,37,3.492075268875466e-14
34,49,0.34090876579284668,0.34090878069400787,0.43484649062156677,0.43484650552272797,1,36231,37,1.3780942397869392e-14
35,49,0.34090878069400787,0.34090879559516907,0.43484649062156677,0.43484650552272797,1,36207,37,5.9654017991557913e-14
36,49,0.34090879559516907,0.34090881049633026,0.43484649062156677,0.43484650552272797,1,36209,37,9.499011925175455e-14
37,49,0.34090881049633026,0.34090882539749146,0.43484649062156677,0.43484650552272797,1,36187,37,5.6487479411696756e-14
38,49,0.34090882539749146,0.34090884029865265,0.43484649062156677,0.43484650552272797,1,36201,37,9.5974675942470833e-14
39,49,0.34090884029865265,0.34090885519981384,0.43484649062156677,0.43484650552272797,1,36173,37,4.3308832650180164e-14
40,49,0.34090885519981384,0.34090887010097504,0.43484649062156677,0.43484650552272797,1,36135,37,6.6377046852170911e-14
41,49,0.34090887010097504,0.34090888500213623,0.43484649062156677,0.43484650552272797,1,36181,37,2.5765002115774987e-13
42,49,0.34090888500213623,0.34090889990329742,0.43484649062156677,0.43484650552272797,1,36177,37,8.8837379436759254e-14
43,49,0.34090889990329742,0.34090891480445862,0.43484649062156677,0.43484650552272797,1,36183,37,1.3736067471769361e-13
44,49,0.34090891480445862,0.34090892970561981,0.43484649062156677,0.43484650552272797,1,36125,37,1.5859934753316339e-14
45,49,0.34090892970561981,0.34090894460678101,0.43484649062156677,0.43484650552272797,1,36201,37,1.4517026065105826e-14
46,49,0.34090894460678101,0.3409089595079422,0.43484649062156677,0.43484650552272797,1,36137,37,6.0758321439344574e-14
47,49,0.3409089595079422,0.34090897440910339,0.43484649062156677,0.43484650552272797,1,36157,37,3.4528184976482801e-15
48,49,0.34090897440910339,0.34090898931026459,0.43484649062156677,0.43484650552272797,1,36123,37,1.8809728019580819e-13
49,49,0.34090898931026459,0.34090900421142578,0.43484649062156677,0.43484650552272797,1,36167,37,2.3584784353347314e-14
50,49,0.34090900421142578,0.34090901911258698,0.43484649062156677,0.43484650552272797,1,36125,37,3.1840144167841916e-13
51,49,0.34090901911258698,0.34090903401374817,0.43484649062156677,0.43484650552272797,1,36137,37,2.1098662125639556e-13
52,49,0.34090903401374817,0.34090904891490936,0.43484649062156677,0.43484650552272797,1,36119,37,6.1044880737414603e-13
53,49,0.34090904891490936,0.34090906381607056,0.43484649062156677,0.43484650552272797,1,36119,37,1.743486760484724e-14
54,49,0.34090906381607056,0.34090907871723175,0.43484649062156677,0.43484650552272797,1,36159,37,2.7775268975360673e-15
55,49,0.34090907871723175,0.34090909361839294,0.43484649062156677,0.43484650552272797,1,36149,37,1.3225020879448457e-13
56,49,0.34090909361839294,0.34090910851955414,0.43484649062156677,0.43484650552272797,1,36147,37,5.6550283020915892e-14
57,49,0.34090910851955414,0.34090912342071533,0.43484649062156677,0.43484650552272797,1,36115,38,8.7054553338970186e-14
58,49,0.34090912342071533,0.34090913832187653,0.43484649062156677,0.43484650552272797,1,36137,38,1.1495908516063508e-13
59,49,0.34090913832187653,0.34090915322303772,0.43484649062156677,0.43484650552272797,1,36123,38,7.9239767565338855e-14
60,49,0.34090915322303772,0.34090916812419891,0.43484649062156677,0.43484650552272797,1,36101,38,1.4970646393684072e-13
61,49,0.34090916812419891,0.34090918302536011,0.43484649062156677,0.43484650552272797,1,36105,38,4.8737731602804395e-14
62,49,0.34090918302536011,0.3409091979265213,0.43484649062156677,0.43484650552272797,1,36171,38,1.2950702018755953e-14
63,49,0.3409091979265213,0.3409092128276825,0.43484649062156677,0.43484650552272797,1,36093,38,2.0920367992702219e-13
0,50,0.34090825915336609,0.34090827405452728,0.43484650552272797,0.43484652042388916,1,36327,36,4.1956779559422872e-15
1,50,0.34090827405452728,0.34090828895568848,0.43484650552272797,0.43484652042388916,1,36383,36,7.4986079843856179e-15
2,50,0.34090828895568848,0.34090830385684967,0.43484650552272797,0.43484652042388916,1,36359,36,2.1771717639902572e-13
3,50,0.34090830385684967,0.34090831875801086,0.43484650552272797,0.43484652042388916,1,36335,36,8.5241512706262616e-14
4,50,0.34090831875801086,0.34090833365917206,0.43484650552272797,0.43484652042388916,1,36355,36,9.1125883113240552e-15
5,50,0.34090833365917206,0.34090834856033325,0.43484650552272797,0.43484652042388916,1,36405,36,2.4444659595606125e-13
6,50,0.34090834856033325,0.34090836346149445,0.43484650552272797,0.43484652042388916,1,36315,36,3.8732090390645017e-14
7,50,0.34090836346149445,0.34090837836265564,0.43484650552272797,0.43484652042388916,1,36307,36,2.0959581388400788e-13
8,50,0.34090837836265564,0.34090839326381683,0.43484650552272797,0.43484652042388916,1,36299,36,2.0589402500413178e-14
9,50,0.34090839326381683,0.34090840816497803,0.43484650552272797,0.43484652042388916,1,36347,36,1.5297126326179436e-14
10,50,0.34090840816497803,0.34090842306613922,0.43484650552272797,0.43484652042388916,1,36293,36,3.4263710960092638e-15
11,50,0.34090842306613922,0.34090843796730042,0.43484650552272797,0.43484652042388916,1,36259,36,3.4542986110775681e-14
12,50,0.34090843796730042,0.34090845286846161,0.43484650552272797,0.43484652042388916,1,36317,36,5.1244060357440259e-14
13,50,0.34090845286846161,0.3409084677696228,0.43484650552272797,0.43484652042388916,1,36271,36,3.965790445420629e-14
14,50,0.3409084677696228,0.340908482670784,0.43484650552272797,0.43484652042388916,1,36255,36,9.7378572191593894e-14
15,50,0.340908482670784,0.34090849757194519,0.43484650552272797,0.43484652042388916,1,36301,36,7.4170082376586986e-14
16,50,0.34090849757194519,0.34090851247310638,0.43484650552272797,0.43484652042388916,1,36249,36,3.6313538560409083e-14
17,50,0.34090851247310638,0.34090852737426758,0.43484650552272797,0.43484652042388916,1,36275,36,9.8190624322329005e-14
18,50,0.34090852737426758,0.34090854227542877,0.43484650552272797,0.43484652042388916,1,36241,36,3.5720851682174541e-13
19,50,0.34090854227542877,0.34090855717658997,0.43484650552272797,0.43484652042388916,1,36277,36,1.1875874544649781e-14
20,50,0.34090855717658997,0.34090857207775116,0.43484650552272797,0.43484652042388916,1,36255,36,5.6582438062084912e-14
21,50,0.34090857207775116,0.34090858697891235,0.43484650552272797,0.43484652042388916,1,36253,37,2.077142180873095e-13
22,50,0.34090858697891235,0.34090860188007355,0.43484650552272797,0.43484652042388916,1,36223,37,7.5841349331876937e-14
23,50,0.34090860188007355,0.34090861678123474,0.43484650552272797,0.43484652042388916,1,36237,37,1.1305803726863014e-13
24,50,0.34090861678123474,0.34090863168239594,0.43484650552272797,0.43484652042388916,1,36255,37,1.1049120440048387e-13
25,50,0.34090863168239594,0.34090864658355713,0.43484650552272797,0.43484652042388916,1,36211,37,6.360980572545663e-13
26,50,0.34090864658355713,0.34090866148471832,0.43484650552272797,0.43484652042388916,1,36245,37,2.2744809206740807e-13
27,50,0.34090866148471832,0.34090867638587952,0.43484650552272797,0.43484652042388916,1,36275,37,7.6607408955962964e-14
28,50,0.34090867638587952,0.34090869128704071,0.43484650552272797,0.43484652042388916,1,36237,37,6.9230588081562923e-14
29,50,0.34090869128704071,0.3409087061882019,0.43484650552272797,0.43484652042388916,1,36263,37,4.2832937867805984e-14
30,50,0.3409087061882019,0.3409087210893631,0.43484650552272797,0.43484652042388916,1,36243,37,2.8040036579418788e-13
31,50,0.3409087210893631,0.34090873599052429,0.43484650552272797,0.43484652042388916,1,36203,37,5.5141896960112446e-14
32,50,0.34090873599052429,0.34090875089168549,0.43484650552272797,0.43484652042388916,1,36257,37,1.2043334789094956e-13
33,50,0.34090875089168549,0.34090876579284668,0.43484650552272797,0.43484652042388916,1,36211,37,6.0632085010282783e-14
34,50,0.34090876579284668,0.34090878069400787,0.43484650552272797,0.43484652042388916,1,36201,37,2.9857252361220803e-13
35,50,0.34090878069400787,0.34090879559516907,0.43484650552272797,0.43484652042388916,1,36209,37,1.2861447898894232e-13
36,50,0.34090879559516907,0.34090881049633026,0.43484650552272797,0.43484652042388916,1,36243,37,7.1294607029093684e-14
37,50,0.34090881049633026,0.34090882539749146,0.43484650552272797,0.43484652042388916,1,36175,37,1.2281401443678749e-13
38,50,0.34090882539749146,0.34090884029865265,0.43484650552272797,0.43484652042388916,1,36165,37,2.4975811231122473e-14
39,50,0.34090884029865265,0.34090885519981384,0.43484650552272797,0.43484652042388916,1,36151,37,1.8305148599133458e-13
40,50,0.34090885519981384,0.34090887010097504,0.43484650552272797,0.43484652042388916,1,36153,37,9.444587882751807e-14
41,50,0.34090887010097504,0.34090888500213623,0.43484650552272797,0.43484652042388916,1,36181,37,1.1302859802622787e-14
42,50,0.34090888500213623,0.34090889990329742,0.43484650552272797,0.43484652042388916,1,36127,37,2.1709483261355067e-13
43,50,0.34090889990329742,0.34090891480445862,0.43484650552272797,0.43484652042388916,1,36185,37,3.0772118438051616e-14
44,50,0.34090891480445862,0.34090892970561981,0.43484650552272797,0.43484652042388916,1,36183,37,1.3852895355554983e-14
45,50,0.34090892970561981,0.34090894460678101,0.43484650552272797,0.43484652042388916,1,36133,37,7.4044678447064183e-14
46,50,0.34090894460678101,0.3409089595079422,0.43484650552272797,0.43484652042388916,1,36145,37,4.0128504772165714e-13
47,50,0.3409089595079422,0.34090897440910339,0.43484650552272797,0.43484652042388916,1,36105,37,4.6489772622052439e-14
48,50,0.34090897440910339,0.34090898931026459,0.43484650552272797,0.43484652042388916,1,36155,37,9.7534625901477545e-15
49,50,0.34090898931026459,0.34090900421142578,0.43484650552272797,0.43484652042388916,1,36137,37,1.9176001777561655e-13
50,50,0.34090900421142578,0.34090901911258698,0.43484650552272797,0.43484652042388916,1,36143,37,8.0323524228686193e-15
51,50,0.34090901911258698,0.34090903401374817,0.43484650552272797,0.43484652042388916,1,36135,37,1.6187693104249574e-13
52,50,0.34090903401374817,0.34090904891490936,0.43484650552272797,0.43484652042388916,1,36111,37,1.6022701499713133e-13
53,50,0.34090904891490936,0.34090906381607056,0.43484650552272797,0.43484652042388916,1,36147,37,1.7160480019886597e-13
54,50,0.34090906381607056,0.34090907871723175,0.43484650552272797,0.43484652042388916,1,36131,37,2.3247567143550156e-14
55,50,0.34090907871723175,0.34090909361839294,0.43484650552272797,0.43484652042388916,1,36155,37,3.5523913915321845e-14
56,50,0.34090909361839294,0.34090910851955414,0.43484650552272797,0.43484652042388916,1,36089,37,3.5290235681750055e-14
57,50,0.34090910851955414,0.34090912342071533,0.43484650552272797,0.43484652042388916,1,36125,38,1.6780594564482251e-13
58,50,0.34090912342071533,0.34090913832187653,0.43484650552272797,0.43484652042388916,1,36169,38,6.0567483216911466e-15
59,50,0.34090913832187653,0.34090915322303772,0.43484650552272797,0.43484652042388916,1,36117,38,1.1868498027469457e-14
60,50,0.34090915322303772,0.34090916812419891,0.43484650552272797,0.43484652042388916,1,36111,38,7.0902794807571229e-14
61,50,0.34090916812419891,0.34090918302536011,0.43484650552272797,0.43484652042388916,1,36121,38,1.0449159856197215e-13
62,50,0.34090918302536011,0.3409091979265213,0.43484650552272797,0.43484652042388916,1,36101,38,1.4480788662310538e-14
63,50,0.3409091979265213,0.3409092128276825,0.43484650552272797,0.43484652042388916,1,36135,38,5.8252390410686039e-14
0,51,0.34090825915336609,0.34090827405452728,0.43484652042388916,0.43484653532505035,1,36315,36,1.3397848013188396e-13
1,51,0.34090827405452728,0.34090828895568848,0.43484652042388916,0.43484653532505035,1,36319,36,7.1507960253064424e-14
2,51,0.34090828895568848,0.34090830385684967,0.43484652042388916,0.43484653532505035,1,36353,36,1.3920403352639754e-13
3,51,0.34090830385684967,0.34090831875801086,0.43484652042388916,0.43484653532505035,1,36333,36,4.5284220081283573e-14
4,51,0.34090831875801086,0.34090833365917206,0.43484652042388916,0.43484653532505035,1,36335,36,4.2926257828742612e-14
5,51,0.34090833365917206,0.34090834856033325,0.43484652042388916,0.43484653532505035,1,36327,36,4.8384182296095927e-14
6,51,0.34090834856033325,0.34090836346149445,0.43484652042388916,0.43484653532505035,1,36361,36,8.3407478679517155e-14
7,51,0.34090836346149445,0.34090837836265564,0.43484652042388916,0.43484653532505035,1,36327,36,2.9885640296049285e-15
8,51,0.34090837836265564,0.34090839326381683,0.43484652042388916,0.43484653532505035,1,36289,36,7.1580011982008816e-14
9,51,0.34090839326381683,0.34090840816497803,0.43484652042388916,0.43484653532505035,1,36285,36,6.486411547349673e-14
10,51,0.34090840816497803,0.34090842306613922,0.43484652042388916,0.43484653532505035,1,36259,36,1.1711266798084582e-13
11,51,0.34090842306613922,0.34090843796730042,0.43484652042388916,0.43484653532505035,1,36263,36,1.7839808512100696e-13
12,51,0.34090843796730042,0.34090845286846161,0.43484652042388916,0.43484653532505035,1,36287,36,3.9148447968119882e-14
13,51,0.34090845286846161,0.3409084677696228,0.43484652042388916,0.43484653532505035,1,36247,36,1.544584569574945e-14
14,51,0.3409084677696228,0.340908482670784,0.43484652042388916,0.43484653532505035,1,36277,36,2.3011954870710532e-13
15,51,0.340908482670784,0.34090849757194519,0.43484652042388916,0.43484653532505035,1,36311,36,1.2713328516927195e-13
16,51,0.34090849757194519,0.34090851247310638,0.43484652042388916,0.43484653532505035,1,36285,36,8.9611990471776388e-14
17,51,0.34090851247310638,0.34090852737426758,0.43484652042388916,0.43484653532505035,1,36263,36,2.1641302831798944e-14
18,51,0.34090852737426758,0.34090854227542877,0.43484652042388916,0.43484653532505035,1,36253,36,2.8742539801791998e-14
19,51,0.34090854227542877,0.34090855717658997,0.43484652042388916,0.43484653532505035,1,36235,36,4.6143714539724556e-15
20,51,0.34090855717658997,0.34090857207775116,0.43484652042388916,0.43484653532505035,1,36263,36,8.7231420269331686e-14
21,51,0.34090857207775116,0.34090858697891235,0.43484652042388916,0.43484653532505035,1,36241,37,1.973965292546539e-13
22,51,0.34090858697891235,0.34090860188007355,0.43484652042388916,0.43484653532505035,1,36263,37,3.5361345554458606e-13
23,51,0.34090860188007355,0.34090861678123474,0.43484652042388916,0.43484653532505035,1,36249,37,4.430450997859708e-14
24,51,0.34090861678123474,0.34090863168239594,0.43484652042388916,0.43484653532505035,1,36247,37,6.0396155742851866e-14
25,51,0.34090863168239594,0.34090864658355713,0.43484652042388916,0.43484653532505035,1,36241,37,1.5831872394845363e-14
26,51,0.34090864658355713,0.34090866148471832,0.43484652042388916,0.43484653532505035,1,36243,37,5.0331268634328775e-14
27,51,0.34090866148471832,0.34090867638587952,0.43484652042388916,0.43484653532505035,1,36247,37,1.1445851440126477e-13
28,51,0.34090867638587952,0.34090869128704071,0.43484652042388916,0.43484653532505035,1,36251,37,8.1911819727960157e-14
29,51,0.34090869128704071,0.3409087061882019,0.43484652042388916,0.43484653532505035,1,36229,37,4.6065569704373854e-14
30,51,0.3409087061882019,0.3409087210893631,0.43484652042388916,0.43484653532505035,1,36229,37,1.6859214380589163e-13
31,51,0.3409087210893631,0.34090873599052429,0.43484652042388916,0.43484653532505035,1,36231,37,1.1760033236171883e-14
32,51,0.34090873599052429,0.34090875089168549,0.43484652042388916,0.43484653532505035,1,36207,37,9.2467241004195081e-14
33,51,0.34090875089168549,0.34090876579284668,0.43484652042388916,0.43484653532505035,1,36169,37,1.3852564376461491e-14
34,51,0.34090876579284668,0.34090878069400787,0.43484652042388916,0.43484653532505035,1,36177,37,2.5515929376632961e-14
35,51,0.34090878069400787,0.34090879559516907,0.43484652042388916,0.43484653532505035,1,36187,37,1.7607019822024918e-14
36,51,0.34090879559516907,0.34090881049633026,0.43484652042388916,0.43484653532505035,1,36189,37,2.0223268887410687e-15
37,51,0.34090881049633026,0.34090882539749146,0.43484652042388916,0.43484653532505035,1,36187,37,8.5570141532630365e-14
38,51,0.34090882539749146,0.34090884029865265,0.43484652042388916,0.43484653532505035,1,36201,37,8.3515230742970081e-15
39,51,0.34090884029865265,0.34090885519981384,0.43484652042388916,0.43484653532505035,1,36149,37,2.4121892604201714e-13
40,51,0.34090885519981384,0.34090887010097504,0.43484652042388916,0.43484653532505035,1,36205,37,2.6455282765567113e-14
41,51,0.34090887010097504,0.34090888500213623,0.43484652042388916,0.43484653532505035,1,36147,37,1.2725597310018634e-13
42,51,0.34090888500213623,0.34090889990329742,0.43484652042388916,0.43484653532505035,1,36149,37,7.4117544792833297e-14
43,51,0.34090889990329742,0.34090891480445862,0.43484652042388916,0.43484653532505035,1,36145,37,3.0693639328685963e-13
44,51,0.34090891480445862,0.34090892970561981,0.43484652042388916,0.43484653532505035,1,36121,37,9.0375660560135218e-14
45,51,0.34090892970561981,0.34090894460678101,0.43484652042388916,0.43484653532505035,1,36189,37,9.8422298223386086e-14
46,51,0.34090894460678101,0.3409089595079422,0.43484652042388916,0.43484653532505035,1,36165,37,1.2018115802046422e-13
47,51,0.3409089595079422,0.34090897440910339,0.43484652042388916,0.43484653532505035,1,36179,37,3.8830619229691545e-13
48,51,0.34090897440910339,0.34090898931026459,0.43484652042388916,0.43484653532505035,1,36113,37,5.3793144180668419e-13
49,51,0.34090898931026459,0.34090900421142578,0.43484652042388916,0.43484653532505035,1,36105,37,2.3948315277300454e-14
50,51,0.34090900421142578,0.34090901911258698,0.43484652042388916,0.43484653532505035,1,36121,37,9.0396021317600135e-14
51,51,0.34090901911258698,0.34090903401374817,0.43484652042388916,0.43484653532505035,1,36115,37,3.3954572903437715e-13
52,51,0.34090903401374817,0.34090904891490936,0.43484652042388916,0.43484653532505035,1,36133,37,1.0645125339071523e-13
53,51,0.34090904891490936,0.34090906381607056,0.43484652042388916,0.43484653532505035,1,36133,37,1.6355759806764264e-14
54,51,0.34090906381607056,0.34090907871723175,0.43484652042388916,0.43484653532505035,1,36101,37,2.082717680459185e-15
55,51,0.34090907871723175,0.34090909361839294,0.43484652042388916,0.43484653532505035,1,36079,37,2.5795054702288852e-15
56,51,0.34090909361839294,0.34090910851955414,0.43484652042388916,0.43484653532505035,1,36193,37,4.6408393104929658e-14
57,51,0.34090910851955414,0.34090912342071533,0.43484652042388916,0.43484653532505035,1,36117,38,5.8133404755938957e-14
58,51,0.34090912342071533,0.34090913832187653,0.43484652042388916,0.43484653532505035,1,36101,38,1.7352456061437357e-13
59,51,0.34090913832187653,0.34090915322303772,0.43484652042388916,0.43484653532505035,1,36175,38,3.8397646264612063e-14
60,51,0.34090915322303772,0.34090916812419891,0.43484652042388916,0.43484653532505035,1,36143,38,6.9587434864454774e-14
61,51,0.34090916812419891,0.34090918302536011,0.43484652042388916,0.43484653532505035,1,36117,38,1.1228861772998605e-13
62,51,0.34090918302536011,0.3409091979265213,0.43484652042388916,0.43484653532505035,1,36101,38,1.803017492665373e-13
63,51,0.3409091979265213,0.3409092128276825,0.43484652042388916,0.43484653532505035,1,36095,38,8.7425433523966088e-15
0,52,0.34090825915336609,0.34090827405452728,0.43484653532505035,0.43484655022621155,1,36359,36,1.2421555097499461e-14
1,52,0.34090827405452728,0.34090828895568848,0.43484653532505035,0.43484655022621155,1,36363,36,8.4476533157596697e-14
2,52,0.34090828895568848,0.34090830385684967,0.43484653532505035,0.43484655022621155,1,36351,36,1.2887835693217176e-13
3,52,0.34090830385684967,0.34090831875801086,0.43484653532505035,0.43484655022621155,1,36329,36,4.4557354614236046e-15
4,52,0.34090831875801086,0.34090833365917206,0.43484653532505035,0.43484655022621155,1,36313,36,4.4331309558643907e-14
5,52,0.34090833365917206,0.34090834856033325,0.43484653532505035,0.43484655022621155,1,36359,36,8.869963349768256e-15
6,52,0.34090834856033325,0.34090836346149445,0.43484653532505035,0.43484655022621155,1,36317,36,1.5243919041704154e-13
7,52,0.34090836346149445,0.34090837836265564,0.43484653532505035,0.43484655022621155,1,36331,36,1.2910704212824913e-13
8,52,0.34090837836265564,0.34090839326381683,0.43484653532505035,0.43484655022621155,1,36323,36,3.5384548259502527e-14
9,52,0.34090839326381683,0.34090840816497803,0.43484653532505035,0.43484655022621155,1,36253,36,4.0511735657819482e-15
10,52,0.34090840816497803,0.34090842306613922,0.43484653532505035,0.43484655022621155,1,36311,36,7.2261565882954658e-14
11,52,0.34090842306613922,0.34090843796730042,0.43484653532505035,0.43484655022621155,1,36241,36,1.9995436197844549e-14
12,52,0.34090843796730042,0.34090845286846161,0.43484653532505035,0.43484655022621155,1,36241,36,1.5519848815529052e-13
13,52,0.34090845286846161,0.3409084677696228,0.43484653532505035,0.43484655022621155,1,36265,36,2.9695459467795349e-14
14,52,0.3409084677696228,0.340908482670784,0.43484653532505035,0.43484655022621155,1,36233,36,1.8470728083893581e-13
15,52,0.340908482670784,0.34090849757194519,0.43484653532505035,0.43484655022621155,1,36267,36,2.6687971365178355e-14
16,52,0.34090849757194519,0.34090851247310638,0.43484653532505035,0.43484655022621155,1,36237,36,1.2346382910764374e-13
17,52,0.34090851247310638,0.34090852737426758,0.43484653532505035,0.43484655022621155,1,36285,36,7.5838837860189023e-14
18,52,0.34090852737426758,0.34090854227542877,0.43484653532505035,0.43484655022621155,1,36245,36,2.4539466831834263e-13
19,52,0.34090854227542877,0.34090855717658997,0.43484653532505035,0.43484655022621155,1,36237,36,1.6501392381406952e-13
20,52,0.34090855717658997,0.34090857207775116,0.43484653532505035,0.43484655022621155,1,36269,36,5.9883940983928616e-14
21,52,0.34090857207775116,0.34090858697891235,0.43484653532505035,0.43484655022621155,1,36297,37,1.6597843081414139e-13
22,52,0.34090858697891235,0.34090860188007355,0.43484653532505035,0.43484655022621155,1,36249,37,1.0561804016987828e-13
23,52,0.34090860188007355,0.34090861678123474,0.43484653532505035,0.43484655022621155,1,36255,37,4.6779708362047724e-14
24,52,0.34090861678123474,0.34090863168239594,0.43484653532505035,0.43484655022621155,1,36241,37,1.0686624332097757e-13
25,52,0.34090863168239594,0.34090864658355713,0.43484653532505035,0.43484655022621155,1,36259,37,2.0392366558486293e-13
26,52,0.34090864658355713,0.34090866148471832,0.43484653532505035,0.43484655022621155,1,36233,37,3.0382476704207347e-13
27,52,0.34090866148471832,0.34090867638587952,0.43484653532505035,0.43484655022621155,1,36235,37,1.9251239845980677e-13
28,52,0.34090867638587952,0.34090869128704071,0.43484653532505035,0.43484655022621155,1,36225,37,4.4120681693379514e-16
29,52,0.34090869128704071,0.3409087061882019,0.43484653532505035,0.43484655022621155,1,36219,37,6.6724679089512895e-14
30,52,0.3409087061882019,0.3409087210893631,0.43484653532505035,0.43484655022621155,1,36241,37,5.3047176234329209e-14
31,52,0.3409087210893631,0.34090873599052429,0.43484653532505035,0.43484655022621155,1,36239,37,2.0720232200796319e-14
32,52,0.34090873599052429,0.34090875089168549,0.43484653532505035,0.43484655022621155,1,36261,37,5.2377515451224922e-14
33,52,0.34090875089168549,0.34090876579284668,0.43484653532505035,0.43484655022621155,1,36187,37,2.5718599511061145e-14
34,52,0.34090876579284668,0.34090878069400787,0.43484653532505035,0.43484655022621155,1,36177,37,2.1550247613925008e-13
35,52,0.34090878069400787,0.34090879559516907,0.43484653532505035,0.43484655022621155,1,36185,37,1.0667924677367337e-13
36,52,0.34090879559516907,0.34090881049633026,0.43484653532505035,0.43484655022621155,1,36179,37,1.7094573280838477e-14
37,52,0.34090881049633026,0.34090882539749146,0.43484653532505035,0.43484655022621155,1,36139,37,3.5924261714472195e-14
38,52,0.34090882539749146,0.34090884029865265,0.43484653532505035,0.43484655022621155,1,36161,37,2.0107813767058893e-14
39,52,0.34090884029865265,0.34090885519981384,0.43484653532505035,0.43484655022621155,1,36139,37,5.4302428163811209e-16
40,52,0.34090885519981384,0.34090887010097504,0.43484653532505035,0.43484655022621155,1,36139,37,9.6987923495329764e-14
41,52,0.34090887010097504,0.34090888500213623,0.43484653532505035,0.43484655022621155,1,36155,37,1.0242189316522364e-14
42,52,0.34090888500213623,0.34090889990329742,0.43484653532505035,0.43484655022621155,1,36133,37,1.6963874699157413e-13
43,52,0.34090889990329742,0.34090891480445862,0.43484653532505035,0.43484655022621155,1,36107,37,1.0975127209196853e-13
44,52,0.34090891480445862,0.34090892970561981,0.43484653532505035,0.43484655022621155,1,36137,37,2.1695279808380923e-13
45,52,0.34090892970561981,0.34090894460678101,0.43484653532505035,0.43484655022621155,1,36179,37,1.1914070274275664e-13
46,52,0.34090894460678101,0.3409089595079422,0.43484653532505035,0.43484655022621155,1,36129,37,1.1618950551900986e-13
47,52,0.3409089595079422,0.34090897440910339,0.43484653532505035,0.43484655022621155,1,36155,37,1.2367702400283459e-13
48,52,0.34090897440910339,0.34090898931026459,0.43484653532505035,0.43484655022621155,1,36115,37,2.6853224483621547e-13
49,52,0.34090898931026459,0.34090900421142578,0.43484653532505035,0.43484655022621155,1,36119,37,2.0529837334713419e-13
50,52,0.34090900421142578,0.34090901911258698,0.43484653532505035,0.43484655022621155,1,36133,37,2.240757948859114e-13
51,52,0.34090901911258698,0.34090903401374817,0.43484653532505035,0.43484655022621155,1,36131,37,1.0454627303647987e-14
52,52,0.34090903401374817,0.34090904891490936,0.43484653532505035,0.43484655022621155,1,36119,37,4.0044145376301366e-14
53,52,0.34090904891490936,0.34090906381607056,0.43484653532505035,0.43484655022621155,1,36099,37,1.8196024179957241e-13
54,52,0.34090906381607056,0.34090907871723175,0.43484653532505035,0.43484655022621155,1,36101,37,1.318756806332437e-13
55,52,0.34090907871723175,0.34090909361839294,0.43484653532505035,0.43484655022621155,1,36099,37,1.4763358025382702e-13
56,52,0.34090909361839294,0.34090910851955414,0.43484653532505035,0.43484655022621155,1,36101,37,1.1889190546380459e-13
57,52,0.34090910851955414,0.34090912342071533,0.43484653532505035,0.43484655022621155,1,36127,37,4.6572113624761134e-14
58,52,0.34090912342071533,0.34090913832187653,0.43484653532505035,0.43484655022621155,1,36131,38,6.5694751236147713e-14
59,52,0.34090913832187653,0.34090915322303772,0.43484653532505035,0.43484655022621155,1,36087,38,5.3985325102371655e-14
60,52,0.34090915322303772,0.34090916812419891,0.43484653532505035,0.43484655022621155,1,36123,38,1.276886041662444e-13
61,52,0.34090916812419891,0.34090918302536011,0.43484653532505035,0.43484655022621155,1,36097,38,8.1324212308767289e-14
62,52,0.34090918302536011,0.3409091979265213,0.43484653532505035,0.43484655022621155,1,36081,38,1.8311029930434935e-13
63,52,0.3409091979265213,0.3409092128276825,0.43484653532505035,0.43484655022621155,1,36113,38,3.5793124603647255e-13
0,53,0.34090825915336609,0.34090827405452728,0.43484655022621155,0.43484656512737274,1,36327,36,1.8702839104234333e-13
1,53,0.34090827405452728,0.34090828895568848,0.43484655022621155,0.43484656512737274,1,36297,36,1.1687533302915172e-14
2,53,0.34090828895568848,0.34090830385684967,0.43484655022621155,0.43484656512737274,1,36347,36,6.7636642966338227e-14
3,53,0.34090830385684967,0.34090831875801086,0.43484655022621155,0.43484656512737274,1,36309,36,1.0788481469216926e-14
4,53,0.34090831875801086,0.34090833365917206,0.43484655022621155,0.43484656512737274,1,36321,36,5.7252725554741659e-14
5,53,0.34090833365917206,0.34090834856033325,0.43484655022621155,0.43484656512737274,1,36337,36,1.7270781143608569e-13
6,53,0.34090834856033325,0.34090836346149445,0.43484655022621155,0.43484656512737274,1,36329,36,5.0728270927799876e-14
7,53,0.34090836346149445,0.34090837836265564,0.43484655022621155,0.43484656512737274,1,36327,36,1.8751470560041799e-13
8,53,0.34090837836265564,0.34090839326381683,0.43484655022621155,0.43484656512737274,1,36329,36,1.6965372008027615e-13
9,53,0.34090839326381683,0.34090840816497803,0.43484655022621155,0.43484656512737274,1,36285,36,5.9825369662285399e-14
10,53,0.34090840816497803,0.34090842306613922,0.43484655022621155,0.43484656512737274,1,36295,36,3.8868802179931431e-15
11,53,0.34090842306613922,0.34090843796730042,0.43484655022621155,0.43484656512737274,1,36241,36,2.5634696295163904e-14
12,53,0.34090843796730042,0.34090845286846161,0.43484655022621155,0.43484656512737274,1,36263,36,7.4254463052830643e-14
13,53,0.34090845286846161,0.3409084677696228,0.43484655022621155,0.43484656512737274,1,36251,36,1.8393971581364063e-14
14,53,0.3409084677696228,0.340908482670784,0.43484655022621155,0.43484656512737274,1,36289,36,2.3708662563668814e-14
15,53,0.340908482670784,0.34090849757194519,0.43484655022621155,0.43484656512737274,1,36243,36,2.4491062923335278e-13
16,53,0.34090849757194519,0.34090851247310638,0.43484655022621155,0.43484656512737274,1,36231,36,4.7116568488643781e-14
17,53,0.34090851247310638,0.34090852737426758,0.43484655022621155,0.43484656512737274,1,36255,36,8.2032006911195533e-14
18,53,0.34090852737426758,0.34090854227542877,0.43484655022621155,0.43484656512737274,1,36219,36,6.3866633667401485e-14
19,53,0.34090854227542877,0.34090855717658997,0.43484655022621155,0.43484656512737274,1,36209,36,2.8362837218627032e-13
20,53,0.34090855717658997,0.34090857207775116,0.43484655022621155,0.43484656512737274,1,36229,36,3.3289433101949976e-14
21,53,0.34090857207775116,0.34090858697891235,0.43484655022621155,0.43484656512737274,1,36255,37,1.8132651084218543e-13
22,53,0.34090858697891235,0.34090860188007355,0.43484655022621155,0.43484656512737274,1,36237,37,5.8267541478712587e-14
23,53,0.34090860188007355,0.34090861678123474,0.43484655022621155,0.43484656512737274,1,36243,37,8.3167833752653606e-15
24,53,0.34090861678123474,0.34090863168239594,0.43484655022621155,0.43484656512737274,1,36269,37,1.4716279085841137e-13
25,53,0.34090863168239594,0.34090864658355713,0.43484655022621155,0.43484656512737274,1,36251,37,5.9129006768204007e-14
26,53,0.34090864658355713,0.34090866148471832,0.43484655022621155,0.43484656512737274,1,36205,37,5.3638197240863868e-14
27,53,0.34090866148471832,0.34090867638587952,0.43484655022621155,0.43484656512737274,1,36231,37,2.9399974387193901e-14
28,53,0.34090867638587952,0.34090869128704071,0.43484655022621155,0.43484656512737274,1,36249,37,1.6739192765692072e-13
29,53,0.34090869128704071,0.3409087061882019,0.43484655022621155,0.43484656512737274,1,36245,37,1.2823422001305222e-13
30,53,0.3409087061882019,0.3409087210893631,0.43484655022621155,0.43484656512737274,1,36213,37,4.3764972252901122e-14
31,53,0.3409087210893631,0.34090873599052429,0.43484655022621155,0.43484656512737274,1,36187,37,3.3388463097547153e-14
32,53,0.34090873599052429,0.34090875089168549,0.43484655022621155,0.43484656512737274,1,36217,37,1.2568833273618917e-13
33,53,0.34090875089168549,0.34090876579284668,0.43484655022621155,0.43484656512737274,1,36159,37,2.1236513089301504e-13
34,53,0.34090876579284668,0.34090878069400787,0.43484655022621155,0.43484656512737274,1,36191,37,1.7989421826926927e-13
35,53,0.34090878069400787,0.34090879559516907,0.43484655022621155,0.43484656512737274,1,36207,37,6.120378689660722e-14
36,53,0.34090879559516907,0.34090881049633026,0.43484655022621155,0.43484656512737274,1,36155,37,2.3329412926295568e-13
37,53,0.34090881049633026,0.34090882539749146,0.43484655022621155,0.43484656512737274,1,36203,37,1.5334751286856925e-13
38,53,0.34090882539749146,0.34090884029865265,0.43484655022621155,0.43484656512737274,1,36135,37,2.2078062157286241e-13
39,53,0.34090884029865265,0.34090885519981384,0.43484655022621155,0.43484656512737274,1,36129,37,6.4707561826921189e-15
40,53,0.34090885519981384,0.34090887010097504,0.43484655022621155,0.43484656512737274,1,36157,37,1.2028092945643078e-13
41,53,0.34090887010097504,0.34090888500213623,0.43484655022621155,0.43484656512737274,1,36175,37,2.6583439258235032e-14
42,53,0.34090888500213623,0.34090889990329742,0.43484655022621155,0.43484656512737274,1,36107,37,5.5572627002388005e-14
43,53,0.34090889990329742,0.34090891480445862,0.43484655022621155,0.43484656512737274,1,36165,37,3.4801496591545604e-14
44,53,0.34090891480445862,0.34090892970561981,0.43484655022621155,0.43484656512737274,1,36123,37,1.0224806592074724e-13
45,53,0.34090892970561981,0.34090894460678101,0.43484655022621155,0.43484656512737274,1,36145,37,4.4190981130386041e-13
46,53,0.34090894460678101,0.3409089595079422,0.43484655022621155,0.43484656512737274,1,36109,37,2.8062003801152805e-13
47,53,0.3409089595079422,0.34090897440910339,0.43484655022621155,0.43484656512737274,1,36151,37,2.3789032991840306e-14
48,53,0.34090897440910339,0.34090898931026459,0.43484655022621155,0.43484656512737274,1,36129,37,4.5721982690264888e-14
49,53,0.34090898931026459,0.34090900421142578,0.43484655022621155,0.43484656512737274,1,36133,37,5.2837446522142279e-14
50,53,0.34090900421142578,0.34090901911258698,0.43484655022621155,0.43484656512737274,1,36105,37,1.1600804010018257e-14
51,53,0.34090901911258698,0.34090903401374817,0.43484655022621155,0.43484656512737274,1,36099,37,2.2911604352576785e-15
52,53,0.34090903401374817,0.34090904891490936,0.43484655022621155,0.43484656512737274,1,36143,37,6.3817329484724565e-14
53,53,0.34090904891490936,0.34090906381607056,0.43484655022621155,0.43484656512737274,1,36135,37,3.0742373032374895e-14
54,53,0.34090906381607056,0.34090907871723175,0.43484655022621155,0.43484656512737274,1,36101,37,5.2330077997396464e-14
55,53,0.34090907871723175,0.34090909361839294,0.43484655022621155,0.43484656512737274,1,36063,37,1.5174148223614887e-14
56,53,0.34090909361839294,0.34090910851955414,0.43484655022621155,0.43484656512737274,1,36093,37,8.9177840902769592e-15
57,53,0.34090910851955414,0.34090912342071533,0.43484655022621155,0.43484656512737274,1,36133,37,1.3853531631071246e-13
58,53,0.34090912342071533,0.34090913832187653,0.43484655022621155,0.43484656512737274,1,36111,38,6.2115599317851466e-14
59,53,0.34090913832187653,0.34090915322303772,0.43484655022621155,0.43484656512737274,1,36085,38,1.9312563691405551e-14
60,53,0.34090915322303772,0.34090916812419891,0.43484655022621155,0.43484656512737274,1,36093,38,1.6927258793281579e-13
61,53,0.34090916812419891,0.34090918302536011,0.43484655022621155,0.43484656512737274,1,36099,38,5.8413125901573679e-14
62,53,0.34090918302536011,0.3409091979265213,0.43484655022621155,0.43484656512737274,1,36115,38,2.4186890119379629e-13
63,53,0.3409091979265213,0.3409092128276825,0.43484655022621155,0.43484656512737274,1,36097,38,5.1584437926062436e-14
0,54,0.34090825915336609,0.34090827405452728,0.43484656512737274,0.43484658002853394,1,36335,36,3.6315719407606788e-13
1,54,0.34090827405452728,0.34090828895568848,0.43484656512737274,0.43484658002853394,1,36339,36,1.3386228315803453e-13
2,54,0.34090828895568848,0.34090830385684967,0.43484656512737274,0.43484658002853394,1,36307,36,4.5357752343434612e-14
3,54,0.34090830385684967,0.34090831875801086,0.43484656512737274,0.43484658002853394,1,36309,36,2.5065282798252605e-14
4,54,0.34090831875801086,0.34090833365917206,0.43484656512737274,0.43484658002853394,1,36277,36,3.2982175246912367e-14
5,54,0.34090833365917206,0.34090834856033325,0.43484656512737274,0.43484658002853394,1,36321,36,2.7165301402110603e-14
6,54,0.34090834856033325,0.34090836346149445,0.43484656512737274,0.43484658002853394,1,36325,36,2.6594904020040614e-15
7,54,0.34090836346149445,0.34090837836265564,0.43484656512737274,0.43484658002853394,1,36251,36,1.5296730618670144e-13
8,54,0.34090837836265564,0.34090839326381683,0.43484656512737274,0.43484658002853394,1,36281,36,9.5647910883102115e-14
9,54,0.34090839326381683,0.34090840816497803,0.43484656512737274,0.43484658002853394,1,36259,36,4.9831254585889628e-14
10,54,0.34090840816497803,0.34090842306613922,0.43484656512737274,0.43484658002853394,1,36281,36,7.6524455442593059e-14
11,54,0.34090842306613922,0.34090843796730042,0.43484656512737274,0.43484658002853394,1,36245,36,1.2953277893963803e-14
12,54,0.34090843796730042,0.34090845286846161,0.43484656512737274,0.43484658002853394,1,36229,36,1.6908871874625697e-13
13,54,0.34090845286846161,0.3409084677696228,0.43484656512737274,0.43484658002853394,1,36253,36,8.4190382433840728e-15
14,54,0.3409084677696228,0.340908482670784,0.43484656512737274,0.43484658002853394,1,36225,36,4.7806386052845806e-14
15,54,0.340908482670784,0.34090849757194519,0.43484656512737274,0.43484658002853394,1,36287,36,2.6598981403011531e-13
16,54,0.34090849757194519,0.34090851247310638,0.43484656512737274,0.43484658002853394,1,36229,36,5.2643732521006625e-14
17,54,0.34090851247310638,0.34090852737426758,0.43484656512737274,0.43484658002853394,1,36225,36,3.6767467111940857e-14
18,54,0.34090852737426758,0.34090854227542877,0.43484656512737274,0.43484658002853394,1,36245,36,1.4592198760873644e-14
19,54,0.34090854227542877,0.34090855717658997,0.43484656512737274,0.43484658002853394,1,36195,36,1.4158772225549579e-13
20,54,0.34090855717658997,0.34090857207775116,0.43484656512737274,0.43484658002853394,1,36237,36,1.0837970755870394e-14
21,54,0.34090857207775116,0.34090858697891235,0.43484656512737274,0.43484658002853394,1,36223,37,3.6476465261243827e-14
22,54,0.34090858697891235,0.34090860188007355,0.43484656512737274,0.43484658002853394,1,36235,37,4.600984502013808e-14
23,54,0.34090860188007355,0.34090861678123474,0.43484656512737274,0.43484658002853394,1,36255,37,6.3948246272156011e-14
24,54,0.34090861678123474,0.34090863168239594,0.43484656512737274,0.43484658002853394,1,36257,37,8.6908215392340254e-14
25,54,0.34090863168239594,0.34090864658355713,0.43484656512737274,0.43484658002853394,1,36261,37,2.6611294909418191e-14
26,54,0.34090864658355713,0.34090866148471832,0.43484656512737274,0.43484658002853394,1,36215,37,2.7931506695594402e-14
27,54,0.34090866148471832,0.34090867638587952,0.43484656512737274,0.43484658002853394,1,36229,37,9.1233691739898307e-14
28,54,0.34090867638587952,0.34090869128704071,0.43484656512737274,0.43484658002853394,1,36209,37,1.5384790573112953e-13
29,54,0.34090869128704071,0.3409087061882019,0.43484656512737274,0.43484658002853394,1,36185,37,1.4789698708798374e-13
30,54,0.3409087061882019,0.3409087210893631,0.43484656512737274,0.43484658002853394,1,36201,37,6.6108171776243854e-14
31,54,0.3409087210893631,0.34090873599052429,0.43484656512737274,0.43484658002853394,1,36189,37,1.9836593727427072e-13
32,54,0.34090873599052429,0.34090875089168549,0.43484656512737274,0.43484658002853394,1,36169,37,1.2922753706865199e-14
33,54,0.34090875089168549,0.34090876579284668,0.43484656512737274,0.43484658002853394,1,36167,37,2.5615351732634506e-13
34,54,0.34090876579284668,0.34090878069400787,0.43484656512737274,0.43484658002853394,1,36173,37,1.0835974926092543e-13
35,54,0.34090878069400787,0.34090879559516907,0.43484656512737274,0.43484658002853394,1,36173,37,6.5367881170071183e-15
36,54,0.34090879559516907,0.34090881049633026,0.43484656512737274,0.43484658002853394,1,36179,37,5.2728779975018029e-14
37,54,0.34090881049633026,0.34090882539749146,0.43484656512737274,0.43484658002853394,1,36151,37,5.4477479894915324e-15
38,54,0.34090882539749146,0.34090884029865265,0.43484656512737274,0.43484658002853394,1,36169,37,1.2710040312989345e-13
39,54,0.34090884029865265,0.34090885519981384,0.43484656512737274,0.43484658002853394,1,36113,37,1.1893084443117156e-13
40,54,0.34090885519981384,0.34090887010097504,0.43484656512737274,0.43484658002853394,1,36123,37,8.5967511294464685e-14
41,54,0.34090887010097504,0.34090888500213623,0.43484656512737274,0.43484658002853394,1,36147,37,5.4526267496960142e-14
42,54,0.34090888500213623,0.34090889990329742,0.43484656512737274,0.43484658002853394,1,36127,37,1.7094075331318762e-15
43,54,0.34090889990329742,0.34090891480445862,0.43484656512737274,0.43484658002853394,1,36119,37,9.2599083176736986e-15
44,54,0.34090891480445862,0.34090892970561981,0.43484656512737274,0.43484658002853394,1,36163,37,9.8885330294175954e-14
45,54,0.34090892970561981,0.34090894460678101,0.43484656512737274,0.43484658002853394,1,36123,37,9.9806108042851088e-14
46,54,0.34090894460678101,0.3409089595079422,0.43484656512737274,0.43484658002853394,1,36149,37,2.0214982267178321e-13
47,54,0.3409089595079422,0.34090897440910339,0.43484656512737274,0.43484658002853394,1,36093,37,4.055936972566823e-14
48,54,0.34090897440910339,0.34090898931026459,0.43484656512737274,0.43484658002853394,1,36117,37,1.744857391626584e-14
49,54,0.34090898931026459,0.34090900421142578,0.43484656512737274,0.43484658002853394,1,36131,37,1.3746090442765567e-13
50,54,0.34090900421142578,0.34090901911258698,0.43484656512737274,0.43484658002853394,1,36101,37,1.2637622836058434e-13
51,54,0.34090901911258698,0.34090903401374817,0.43484656512737274,0.43484658002853394,1,36153,37,2.2657221991608006e-13
52,54,0.34090903401374817,0.34090904891490936,0.43484656512737274,0.43484658002853394,1,36109,37,2.2134996407623831e-13
53,54,0.34090904891490936,0.34090906381607056,0.43484656512737274,0.43484658002853394,1,36135,37,2.1826536830617475e-13
54,54,0.34090906381607056,0.34090907871723175,0.43484656512737274,0.43484658002853394,1,36135,37,1.2706869592583318e-13
55,54,0.34090907871723175,0.34090909361839294,0.43484656512737274,0.43484658002853394,1,36115,37,1.0273057217340936e-14
56,54,0.34090909361839294,0.34090910851955414,0.43484656512737274,0.43484658002853394,1,36123,37,1.9000604043187587e-13
57,54,0.34090910851955414,0.34090912342071533,0.43484656512737274,0.43484658002853394,1,36133,37,1.1955159818068886e-13
58,54,0.34090912342071533,0.34090913832187653,0.43484656512737274,0.43484658002853394,1,36125,38,1.740453192380143e-13
59,54,0.34090913832187653,0.34090915322303772,0.43484656512737274,0.43484658002853394,1,36101,38,2.3485064344369123e-14
60,54,0.34090915322303772,0.34090916812419891,0.43484656512737274,0.43484658002853394,1,36117,38,1.0914207171583129e-13
61,54,0.34090916812419891,0.34090918302536011,0.43484656512737274,0.43484658002853394,1,36109,38,1.8601563097091068e-13
62,54,0.34090918302536011,0.3409091979265213,0.43484656512737274,0.43484658002853394,1,36139,38,2.9064923109566406e-13
63,54,0.3409091979265213,0.3409092128276825,0.43484656512737274,0.43484658002853394,1,36083,38,4.6421861511488044e-14
0,55,0.34090825915336609,0.34090827405452728,0.43484658002853394,0.43484659492969513,1,36363,36,7.0186137131007074e-14
1,55,0.34090827405452728,0.34090828895568848,0.43484658002853394,0.43484659492969513,1,36337,36,5.0437052602605296e-14
2,55,0.34090828895568848,0.34090830385684967,0.43484658002853394,0.43484659492969513,1,36301,36,1.2023873502676345e-13
3,55,0.34090830385684967,0.34090831875801086,0.43484658002853394,0.43484659492969513,1,36301,36,1.9530333793475779e-14
4,55,0.34090831875801086,0.34090833365917206,0.43484658002853394,0.43484659492969513,1,36289,36,2.9780942313246481e-14
5,55,0.34090833365917206,0.34090834856033325,0.43484658002853394,0.43484659492969513,1,36281,36,9.8498545820895322e-14
6,55,0.34090834856033325,0.34090836346149445,0.43484658002853394,0.43484659492969513,1,36289,36,1.736267652722155e-14
7,55,0.34090836346149445,0.34090837836265564,0.43484658002853394,0.43484659492969513,1,36261,36,1.324674658604821e-14
8,55,0.34090837836265564,0.34090839326381683,0.43484658002853394,0.43484659492969513,1,36249,36,1.1267720574078316e-13
9,55,0.34090839326381683,0.34090840816497803,0.43484658002853394,0.43484659492969513,1,36247,36,1.0642403537566222e-13
10,55,0.34090840816497803,0.34090842306613922,0.43484658002853394,0.43484659492969513,1,36269,36,3.5902649444269315e-14
11,55,0.34090842306613922,0.34090843796730042,0.43484658002853394,0.43484659492969513,1,36241,36,3.2446268626052951e-14
12,55,0.34090843796730042,0.34090845286846161,0.43484658002853394,0.43484659492969513,1,36261,36,6.9794720587793793e-13
13,55,0.34090845286846161,0.3409084677696228,0.43484658002853394,0.43484659492969513,1,36219,36,1.0301687988061351e-13
14,55,0.3409084677696228,0.340908482670784,0.43484658002853394,0.43484659492969513,1,36221,36,3.7031543299133828e-14
15,55,0.340908482670784,0.34090849757194519,0.43484658002853394,0.43484659492969513,1,36247,36,3.4582919916494849e-13
16,55,0.34090849757194519,0.34090851247310638,0.43484658002853394,0.43484659492969513,1,36279,36,6.8748882163314866e-14
17,55,0.34090851247310638,0.34090852737426758,0.43484658002853394,0.43484659492969513,1,36285,36,1.022072185673478e-13
18,55,0.34090852737426758,0.34090854227542877,0.43484658002853394,0.43484659492969513,1,36243,36,1.2452988389321948e-13
19,55,0.34090854227542877,0.34090855717658997,0.43484658002853394,0.43484659492969513,1,36211,36,4.630894069444371e-14
20,55,0.34090855717658997,0.34090857207775116,0.43484658002853394,0.43484659492969513,1,36213,36,4.7365833113681783e-14
21,55,0.34090857207775116,0.34090858697891235,0.43484658002853394,0.43484659492969513,1,36219,37,1.4426145091348047e-15
22,55,0.34090858697891235,0.34090860188007355,0.43484658002853394,0.43484659492969513,1,36245,37,6.7726471113090956e-15
23,55,0.34090860188007355,0.34090861678123474,0.43484658002853394,0.43484659492969513,1,36233,37,1.3672823813246131e-14
24,55,0.34090861678123474,0.34090863168239594,0.43484658002853394,0.43484659492969513,1,36245,37,1.2360067180663084e-14
25,55,0.34090863168239594,0.34090864658355713,0.43484658002853394,0.43484659492969513,1,36193,37,4.2759803728262148e-16
26,55,0.34090864658355713,0.34090866148471832,0.43484658002853394,0.43484659492969513,1,36157,37,2.0390376088226504e-13
27,55,0.34090866148471832,0.34090867638587952,0.43484658002853394,0.43484659492969513,1,36177,37,5.3601711663605963e-14
28,55,0.34090867638587952,0.34090869128704071,0.43484658002853394,0.43484659492969513,1,36197,37,1.479543877382907e-13
29,55,0.34090869128704071,0.3409087061882019,0.43484658002853394,0.43484659492969513,1,36177,37,4.6545215004744591e-15
30,55,0.3409087061882019,0.3409087210893631,0.43484658002853394,0.43484659492969513,1,36175,37,3.2693558630541956e-14
31,55,0.3409087210893631,0.34090873599052429,0.43484658002853394,0.43484659492969513,1,36211,37,9.6416517848878308e-15
32,55,0.34090873599052429,0.34090875089168549,0.43484658002853394,0.43484659492969513,1,36183,37,1.528545046446941e-14
33,55,0.34090875089168549,0.34090876579284668,0.43484658002853394,0.43484659492969513,1,36153,37,1.2594353596027293e-13
34,55,0.34090876579284668,0.34090878069400787,0.43484658002853394,0.43484659492969513,1,36145,37,3.2467035850273957e-14
35,55,0.34090878069400787,0.34090879559516907,0.43484658002853394,0.43484659492969513,1,36177,37,1.2181062823725796e-13
36,55,0.34090879559516907,0.34090881049633026,0.43484658002853394,0.43484659492969513,1,36163,37,1.0480071552364737e-13
37,55,0.34090881049633026,0.34090882539749146,0.43484658002853394,0.43484659492969513,1,36169,37,7.095263163745486e-14
38,55,0.34090882539749146,0.34090884029865265,0.43484658002853394,0.43484659492969513,1,36149,37,5.173575683539195e-14
39,55,0.34090884029865265,0.34090885519981384,0.43484658002853394,0.43484659492969513,1,36141,37,8.2389520498609255e-14
40,55,0.34090885519981384,0.34090887010097504,0.43484658002853394,0.43484659492969513,1,36123,37,5.9840087257197765e-14
41,55,0.34090887010097504,0.34090888500213623,0.43484658002853394,0.43484659492969513,1,36137,37,5.5177776506079503e-14
42,55,0.34090888500213623,0.34090889990329742,0.43484658002853394,0.43484659492969513,1,36163,37,3.2122149749801385e-15
43,55,0.34090889990329742,0.34090891480445862,0.43484658002853394,0.43484659492969513,1,36089,37,1.3678501050184404e-13
44,55,0.34090891480445862,0.34090892970561981,0.43484658002853394,0.43484659492969513,1,36151,37,1.7276243143260752e-13
45,55,0.34090892970561981,0.34090894460678101,0.43484658002853394,0.43484659492969513,1,36119,37,3.2348615125686501e-13
46,55,0.34090894460678101,0.3409089595079422,0.43484658002853394,0.43484659492969513,1,36133,37,1.4884340730345422e-13
47,55,0.3409089595079422,0.34090897440910339,0.43484658002853394,0.43484659492969513,1,36119,37,1.5853130650956695e-13
48,55,0.34090897440910339,0.34090898931026459,0.43484658002853394,0.43484659492969513,1,36085,37,2.8261985846965388e-13
49,55,0.34090898931026459,0.34090900421142578,0.43484658002853394,0.43484659492969513,1,36129,37,6.1534485595077563e-14
50,55,0.34090900421142578,0.34090901911258698,0.43484658002853394,0.43484659492969513,1,36115,37,5.4200223061993003e-14
51,55,0.34090901911258698,0.34090903401374817,0.43484658002853394,0.43484659492969513,1,36099,37,1.2062163969466451e-13
52,55,0.34090903401374817,0.34090904891490936,0.43484658002853394,0.43484659492969513,1,36087,37,1.312426629140815e-13
53,55,0.34090904891490936,0.34090906381607056,0.43484658002853394,0.43484659492969513,1,36113,37,1.0969074579408156e-13
54,55,0.34090906381607056,0.34090907871723175,0.43484658002853394,0.43484659492969513,1,36129,37,3.5905804884491002e-15
55,55,0.34090907871723175,0.34090909361839294,0.43484658002853394,0.43484659492969513,1,36133,37,4.3377833934837949e-14
56,55,0.34090909361839294,0.34090910851955414,0.43484658002853394,0.43484659492969513,1,36089,37,3.6382918383659311e-14
57,55,0.34090910851955414,0.34090912342071533,0.43484658002853394,0.43484659492969513,1,36079,37,2.9266214647502803e-14
58,55,0.34090912342071533,0.34090913832187653,0.43484658002853394,0.43484659492969513,1,36119,38,1.2064033219475471e-13
59,55,0.34090913832187653,0.34090915322303772,0.43484658002853394,0.43484659492969513,1,36063,38,1.1452647904991816e-13
60,55,0.34090915322303772,0.34090916812419891,0.43484658002853394,0.43484659492969513,1,36119,38,6.7002772730150555e-14
61,55,0.34090916812419891,0.34090918302536011,0.43484658002853394,0.43484659492969513,1,36099,38,1.5089778305220865e-13
62,55,0.34090918302536011,0.3409091979265213,0.43484658002853394,0.43484659492969513,1,36065,38,1.5141970424999863e-13
63,55,0.3409091979265213,0.3409092128276825,0.43484658002853394,0.43484659492969513,1,36143,38,1.1973546287347269e-13
0,56,0.34090825915336609,0.34090827405452728,0.43484659492969513,0.43484660983085632,1,36353,36,5.1891661513708529e-14
1,56,0.34090827405452728,0.34090828895568848,0.43484659492969513,0.43484660983085632,1,36329,36,1.3854320683122397e-13
2,56,0.34090828895568848,0.34090830385684967,0.43484659492969513,0.43484660983085632,1,36331,36,5.425106655755708e-14
3,56,0.34090830385684967,0.34090831875801086,0.43484659492969513,0.43484660983085632,1,36291,36,1.1778869109109201e-13
4,56,0.34090831875801086,0.34090833365917206,0.43484659492969513,0.43484660983085632,1,36301,36,1.3002758905483035e-13
5,56,0.34090833365917206,0.34090834856033325,0.43484659492969513,0.43484660983085632,1,36269,36,3.635118549038067e-14
6,56,0.34090834856033325,0.34090836346149445,0.43484659492969513,0.43484660983085632,1,36319,36,2.0245297388513004e-15
7,56,0.34090836346149445,0.34090837836265564,0.43484659492969513,0.43484660983085632,1,36281,36,1.0834099836229112e-13
8,56,0.34090837836265564,0.34090839326381683,0.43484659492969513,0.43484660983085632,1,36257,36,3.4116665874832221e-14
9,56,0.34090839326381683,0.34090840816497803,0.43484659492969513,0.43484660983085632,1,36219,36,7.7793205718448644e-14
10,56,0.34090840816497803,0.34090842306613922,0.43484659492969513,0.43484660983085632,1,36247,36,1.2456500411596072e-13
11,56,0.34090842306613922,0.34090843796730042,0.43484659492969513,0.43484660983085632,1,36215,36,1.0896192832699258e-13
12,56,0.34090843796730042,0.34090845286846161,0.43484659492969513,0.43484660983085632,1,36233,36,1.9799203515955828e-13
13,56,0.34090845286846161,0.3409084677696228,0.43484659492969513,0.43484660983085632,1,36257,36,6.8437124159230283e-14
14,56,0.3409084677696228,0.340908482670784,0.43484659492969513,0.43484660983085632,1,36241,36,9.64028732166086e-14
15,56,0.340908482670784,0.34090849757194519,0.43484659492969513,0.43484660983085632,1,36213,36,1.1262497573592014e-14
16,56,0.34090849757194519,0.34090851247310638,0.43484659492969513,0.43484660983085632,1,36241,36,7.5015213186350557e-14
17,56,0.34090851247310638,0.34090852737426758,0.43484659492969513,0.43484660983085632,1,36273,36,4.511025162156696e-14
18,56,0.34090852737426758,0.34090854227542877,0.43484659492969513,0.43484660983085632,1,36219,36,1.0525170131426957e-14
19,56,0.34090854227542877,0.34090855717658997,0.43484659492969513,0.43484660983085632,1,36207,36,2.9568434121465673e-13
20,56,0.34090855717658997,0.34090857207775116,0.43484659492969513,0.43484660983085632,1,36257,37,3.0850192015662204e-13
21,56,0.34090857207775116,0.34090858697891235,0.43484659492969513,0.43484660983085632,1,36277,37,8.3486537389178483e-15
22,56,0.34090858697891235,0.34090860188007355,0.43484659492969513,0.43484660983085632,1,36251,37,1.924847476730855e-13
23,56,0.34090860188007355,0.34090861678123474,0.43484659492969513,0.43484660983085632,1,36225,37,1.3340053934792078e-13
24,56,0.34090861678123474,0.34090863168239594,0.43484659492969513,0.43484660983085632,1,36247,37,1.3317866731688562e-14
25,56,0.34090863168239594,0.34090864658355713,0.43484659492969513,0.43484660983085632,1,36217,37,4.6081206565554283e-14
26,56,0.34090864658355713,0.34090866148471832,0.43484659492969513,0.43484660983085632,1,36171,37,5.5938637409991881e-14
27,56,0.34090866148471832,0.34090867638587952,0.43484659492969513,0.43484660983085632,1,36199,37,2.6838488913420483e-14
28,56,0.34090867638587952,0.34090869128704071,0.43484659492969513,0.43484660983085632,1,36203,37,6.6454256071893035e-14
29,56,0.34090869128704071,0.3409087061882019,0.43484659492969513,0.43484660983085632,1,36165,37,4.7607642208756211e-14
30,56,0.3409087061882019,0.3409087210893631,0.43484659492969513,0.43484660983085632,1,36197,37,4.9000315500521806e-14
31,56,0.3409087210893631,0.34090873599052429,0.43484659492969513,0.43484660983085632,1,36191,37,6.0346225887441679e-14
32,56,0.34090873599052429,0.34090875089168549,0.43484659492969513,0.43484660983085632,1,36151,37,6.4697425785289279e-14
33,56,0.34090875089168549,0.34090876579284668,0.43484659492969513,0.43484660983085632,1,36149,37,4.2200302632722956e-14
34,56,0.34090876579284668,0.34090878069400787,0.43484659492969513,0.43484660983085632,1,36159,37,5.998685840037598e-14
35,56,0.34090878069400787,0.34090879559516907,0.43484659492969513,0.43484660983085632,1,36147,37,2.0777631780611363e-13
36,56,0.34090879559516907,0.34090881049633026,0.43484659492969513,0.43484660983085632,1,36123,37,5.4433799199091629e-14
37,56,0.34090881049633026,0.34090882539749146,0.43484659492969513,0.43484660983085632,1,36103,37,3.1015117591956399e-13
38,56,0.34090882539749146,0.34090884029865265,0.43484659492969513,0.43484660983085632,1,36139,37,4.773643149794023e-14
39,56,0.34090884029865265,0.34090885519981384,0.43484659492969513,0.43484660983085632,1,36147,37,1.7667209629254526e-13
40,56,0.34090885519981384,0.34090887010097504,0.43484659492969513,0.43484660983085632,1,36105,37,1.9689577079334599e-14
41,56,0.34090887010097504,0.34090888500213623,0.43484659492969513,0.43484660983085632,1,36113,37,6.984934758438519e-14
42,56,0.34090888500213623,0.34090889990329742,0.43484659492969513,0.43484660983085632,1,36107,37,1.5413479240760944e-14
43,56,0.34090889990329742,0.34090891480445862,0.43484659492969513,0.43484660983085632,1,36099,37,1.7981017403936936e-13
44,56,0.34090891480445862,0.34090892970561981,0.43484659492969513,0.43484660983085632,1,36161,37,6.1961258666291077e-14
45,56,0.34090892970561981,0.34090894460678101,0.43484659492969513,0.43484660983085632,1,36157,37,4.4229416730593192e-14
46,56,0.34090894460678101,0.3409089595079422,0.43484659492969513,0.43484660983085632,1,36139,37,1.2088919404965508e-13
47,56,0.3409089595079422,0.34090897440910339,0.43484659492969513,0.43484660983085632,1,36101,37,9.6509852771357024e-15
48,56,0.34090897440910339,0.34090898931026459,0.43484659492969513,0.43484660983085632,1,36083,37,1.9578088579352264e-14
49,56,0.34090898931026459,0.34090900421142578,0.43484659492969513,0.43484660983085632,1,36119,37,3.8435555340860935e-13
50,56,0.34090900421142578,0.34090901911258698,0.43484659492969513,0.43484660983085632,1,36123,37,2.0092111064563527e-14
51,56,0.34090901911258698,0.34090903401374817,0.43484659492969513,0.43484660983085632,1,36081,37,2.6077021144818248e-13
52,56,0.34090903401374817,0.34090904891490936,0.43484659492969513,0.43484660983085632,1,36075,37,1.6179024967582313e-13
53,56,0.34090904891490936,0.34090906381607056,0.43484659492969513,0.43484660983085632,1,36093,37,2.857811742192496e-15
54,56,0.34090906381607056,0.34090907871723175,0.43484659492969513,0.43484660983085632,1,36109,37,1.5933335997837725e-13
55,56,0.34090907871723175,0.34090909361839294,0.43484659492969513,0.43484660983085632,1,36091,37,6.3709683719098533e-15
56,56,0.34090909361839294,0.34090910851955414,0.43484659492969513,0.43484660983085632,1,36087,37,5.0985410899444833e-14
57,56,0.34090910851955414,0.34090912342071533,0.43484659492969513,0.43484660983085632,1,36091,37,2.6906993905026502e-14
58,56,0.34090912342071533,0.34090913832187653,0.43484659492969513,0.43484660983085632,1,36067,37,7.4580453733032698e-14
59,56,0.34090913832187653,0.34090915322303772,0.43484659492969513,0.43484660983085632,1,36109,38,1.2377635098783378e-13
60,56,0.34090915322303772,0.34090916812419891,0.43484659492969513,0.43484660983085632,1,36085,38,3.3334633293584703e-14
61,56,0.34090916812419891,0.34090918302536011,0.43484659492969513,0.43484660983085632,1,36087,38,2.2673568308992878e-13
62,56,0.34090918302536011,0.3409091979265213,0.43484659492969513,0.43484660983085632,1,36129,38,5.1420228181075637e-14
63,56,0.3409091979265213,0.3409092128276825,0.43484659492969513,0.43484660983085632,1,36085,38,1.2487665632350278e-13
0,57,0.34090825915336609,0.34090827405452728,0.43484660983085632,0.43484662473201752,1,36301,36,4.6351139339539765e-14
1,57,0.34090827405452728,0.34090828895568848,0.43484660983085632,0.43484662473201752,1,36321,36,1.4696652440194207e-13
2,57,0.34090828895568848,0.34090830385684967,0.43484660983085632,0.43484662473201752,1,36311,36,2.3514954382078349e-14
3,57,0.34090830385684967,0.34090831875801086,0.43484660983085632,0.43484662473201752,1,36317,36,4.1027557710274154e-14
4,57,0.34090831875801086,0.34090833365917206,0.43484660983085632,0.43484662473201752,1,36271,36,8.5466516887564315e-14
5,57,0.34090833365917206,0.34090834856033325,0.43484660983085632,0.43484662473201752,1,36261,36,2.0180479553687403e-13
6,57,0.34090834856033325,0.34090836346149445,0.43484660983085632,0.43484662473201752,1,36231,36,4.280461168425331e-15
7,57,0.34090836346149445,0.34090837836265564,0.43484660983085632,0.43484662473201752,1,36275,36,1.7178982324672555e-14
8,57,0.34090837836265564,0.34090839326381683,0.43484660983085632,0.43484662473201752,1,36255,36,1.0700719084338643e-13
9,57,0.34090839326381683,0.34090840816497803,0.43484660983085632,0.43484662473201752,1,36293,36,1.2689125818791592e-13
10,57,0.34090840816497803,0.34090842306613922,0.43484660983085632,0.43484662473201752,1,36229,36,4.34510208452123e-14
11,57,0.34090842306613922,0.34090843796730042,0.43484660983085632,0.43484662473201752,1,36203,36,8.8654273637868662e-14
12,57,0.34090843796730042,0.34090845286846161,0.43484660983085632,0.43484662473201752,1,36213,36,7.4413464761522145e-14
13,57,0.34090845286846161,0.3409084677696228,0.43484660983085632,0.43484662473201752,1,36251,36,3.5379168870171324e-14
14,57,0.3409084677696228,0.340908482670784,0.43484660983085632,0.43484662473201752,1,36239,36,1.2963927049879633e-13
15,57,0.340908482670784,0.34090849757194519,0.43484660983085632,0.43484662473201752,1,36227,36,7.189217352802931e-15
16,57,0.34090849757194519,0.34090851247310638,0.43484660983085632,0.43484662473201752,1,36229,36,2.0250096477649043e-13
17,57,0.34090851247310638,0.34090852737426758,0.43484660983085632,0.43484662473201752,1,36191,36,5.8406078270073667e-15
18,57,0.34090852737426758,0.34090854227542877,0.43484660983085632,0.43484662473201752,1,36263,36,1.0648256124627048e-13
19,57,0.34090854227542877,0.34090855717658997,0.43484660983085632,0.43484662473201752,1,36235,36,1.0638837408857638e-14
20,57,0.34090855717658997,0.34090857207775116,0.43484660983085632,0.43484662473201752,1,36231,37,2.4051608275957978e-14
21,57,0.34090857207775116,0.34090858697891235,0.43484660983085632,0.43484662473201752,1,36205,37,1.674480560425444e-13
22,57,0.34090858697891235,0.34090860188007355,0.43484660983085632,0.43484662473201752,1,36205,37,5.5902833858943007e-14
23,57,0.34090860188007355,0.34090861678123474,0.43484660983085632,0.43484662473201752,1,36239,37,1.7149316047501652e-13
24,57,0.34090861678123474,0.34090863168239594,0.43484660983085632,0.43484662473201752,1,36175,37,4.0809589557138268e-14
25,57,0.34090863168239594,0.34090864658355713,0.43484660983085632,0.43484662473201752,1,36177,37,9.5021468842164763e-14
26,57,0.34090864658355713,0.34090866148471832,0.43484660983085632,0.43484662473201752,1,36217,37,1.7445748286558913e-13
27,57,0.34090866148471832,0.34090867638587952,0.43484660983085632,0.43484662473201752,1,36155,37,1.3241113185783019e-13
28,57,0.34090867638587952,0.34090869128704071,0.43484660983085632,0.43484662473201752,1,36167,37,1.3852244112284376e-14
29,57,0.34090869128704071,0.3409087061882019,0.43484660983085632,0.43484662473201752,1,36155,37,1.8045366900927101e-13
30,57,0.3409087061882019,0.3409087210893631,0.43484660983085632,0.43484662473201752,1,36141,37,2.2039239063066149e-14
31,57,0.3409087210893631,0.34090873599052429,0.43484660983085632,0.43484662473201752,1,36183,37,1.9206361415630794e-13
32,57,0.34090873599052429,0.34090875089168549,0.43484660983085632,0.43484662473201752,1,36139,37,1.4794653540026178e-13
33,57,0.34090875089168549,0.34090876579284668,0.43484660983085632,0.43484662473201752,1,36175,37,2.6528678860108534e-14
34,57,0.34090876579284668,0.34090878069400787,0.43484660983085632,0.43484662473201752,1,36165,37,4.2159423146057985e-14
35,57,0.34090878069400787,0.34090879559516907,0.43484660983085632,0.43484662473201752,1,36145,37,2.3355338073426383e-13
36,57,0.34090879559516907,0.34090881049633026,0.43484660983085632,0.43484662473201752,1,36125,37,2.4773205527229425e-13
37,57,0.34090881049633026,0.34090882539749146,0.43484660983085632,0.43484662473201752,1,36117,37,9.7031322239714034e-14
38,57,0.34090882539749146,0.34090884029865265,0.43484660983085632,0.43484662473201752,1,36155,37,6.0305096485770988e-14
39,57,0.34090884029865265,0.34090885519981384,0.43484660983085632,0.43484662473201752,1,36147,37,8.0145902613268594e-14
40,57,0.34090885519981384,0.34090887010097504,0.43484660983085632,0.43484662473201752,1,36079,37,6.514280704014091e-14
41,57,0.34090887010097504,0.34090888500213623,0.43484660983085632,0.43484662473201752,1,36139,37,1.0947771806084802e-14
42,57,0.34090888500213623,0.34090889990329742,0.43484660983085632,0.43484662473201752,1,36121,37,3.6477631660798393e-13
43,57,0.34090889990329742,0.34090891480445862,0.43484660983085632,0.43484662473201752,1,36115,37,9.2090367315238933e-14
44,57,0.34090891480445862,0.34090892970561981,0.43484660983085632,0.43484662473201752,1,36105,37,2.1000900505759273e-13
45,57,0.34090892970561981,0.34090894460678101,0.43484660983085632,0.43484662473201752,1,36101,37,1.9945881488022406e-14
46,57,0.34090894460678101,0.3409089595079422,0.43484660983085632,0.43484662473201752,1,36147,37,1.1430257457294203e-13
47,57,0.3409089595079422,0.34090897440910339,0.43484660983085632,0.43484662473201752,1,36105,37,5.0025224299352172e-16
48,57,0.34090897440910339,0.34090898931026459,0.43484660983085632,0.43484662473201752,1,36085,37,1.9974522929416666e-13
49,57,0.34090898931026459,0.34090900421142578,0.43484660983085632,0.43484662473201752,1,36111,37,9.2731136080118617e-14
50,57,0.34090900421142578,0.34090901911258698,0.43484660983085632,0.43484662473201752,1,36105,37,1.5996406333147561e-13
51,57,0.34090901911258698,0.34090903401374817,0.43484660983085632,0.43484662473201752,1,36137,37,8.3556129103841606e-14
52,57,0.34090903401374817,0.34090904891490936,0.43484660983085632,0.43484662473201752,1,36087,37,4.7855133486812669e-14
53,57,0.34090904891490936,0.34090906381607056,0.43484660983085632,0.43484662473201752,1,36113,37,1.044148908080499e-13
54,57,0.34090906381607056,0.34090907871723175,0.43484660983085632,0.43484662473201752,1,36103,37,3.6940033017240859e-13
55,57,0.34090907871723175,0.34090909361839294,0.43484660983085632,0.43484662473201752,1,36113,37,3.556631631046071e-14
56,57,0.34090909361839294,0.34090910851955414,0.43484660983085632,0.43484662473201752,1,36081,37,5.3039601027822912e-14
57,57,0.34090910851955414,0.34090912342071533,0.43484660983085632,0.43484662473201752,1,36101,37,1.3437356822974558e-13
58,57,0.34090912342071533,0.34090913832187653,0.43484660983085632,0.43484662473201752,1,36091,37,3.5407202192887046e-14
59,57,0.34090913832187653,0.34090915322303772,0.43484660983085632,0.43484662473201752,1,36049,38,3.8760377923715046e-15
60,57,0.34090915322303772,0.34090916812419891,0.43484660983085632,0.43484662473201752,1,36103,38,1.2974797896274236e-13
61,57,0.34090916812419891,0.34090918302536011,0.43484660983085632,0.43484662473201752,1,36113,38,5.9042492335690922e-14
62,57,0.34090918302536011,0.3409091979265213,0.43484660983085632,0.43484662473201752,1,36095,38,3.2688105153835687e-14
63,57,0.3409091979265213,0.3409092128276825,0.43484660983085632,0.43484662473201752,1,36117,38,4.3131572869062919e-14
0,58,0.34090825915336609,0.34090827405452728,0.43484662473201752,0.43484663963317871,1,36299,36,8.2015391282118802e-14
1,58,0.34090827405452728,0.34090828895568848,0.43484662473201752,0.43484663963317871,1,36287,36,3.1586529430899052e-14
2,58,0.34090828895568848,0.34090830385684967,0.43484662473201752,0.43484663963317871,1,36335,36,1.0177134304689571e-13
3,58,0.34090830385684967,0.34090831875801086,0.43484662473201752,0.43484663963317871,1,36295,36,2.4086289991386444e-14
4,58,0.34090831875801086,0.34090833365917206,0.43484662473201752,0.43484663963317871,1,36313,36,3.1662057351851649e-13
5,58,0.34090833365917206,0.34090834856033325,0.43484662473201752,0.43484663963317871,1,36271,36,5.1960652128544206e-14
6,58,0.34090834856033325,0.34090836346149445,0.43484662473201752,0.43484663963317871,1,36281,36,6.2882930307591774e-15
7,58,0.34090836346149445,0.34090837836265564,0.43484662473201752,0.43484663963317871,1,36273,36,1.2225268816807973e-13
8,58,0.34090837836265564,0.34090839326381683,0.43484662473201752,0.43484663963317871,1,36235,36,8.5419968054674744e-15
9,58,0.34090839326381683,0.34090840816497803,0.43484662473201752,0.43484663963317871,1,36267,36,3.7380547692045627e-16
10,58,0.34090840816497803,0.34090842306613922,0.43484662473201752,0.43484663963317871,1,36221,36,1.2344717944895114e-13
11,58,0.34090842306613922,0.34090843796730042,0.43484662473201752,0.43484663963317871,1,36239,36,1.3153095533040081e-14
12,58,0.34090843796730042,0.34090845286846161,0.43484662473201752,0.43484663963317871,1,36245,36,2.9375351186030786e-13
13,58,0.34090845286846161,0.3409084677696228,0.43484662473201752,0.43484663963317871,1,36179,36,3.8429462732898148e-15
14,58,0.3409084677696228,0.340908482670784,0.43484662473201752,0.43484663963317871,1,36229,36,4.3873288611639631e-14
15,58,0.340908482670784,0.34090849757194519,0.43484662473201752,0.43484663963317871,1,36219,36,1.132934895005559e-13
16,58,0.34090849757194519,0.34090851247310638,0.43484662473201752,0.43484663963317871,1,36199,36,3.8515500883952286e-14
17,58,0.34090851247310638,0.34090852737426758,0.43484662473201752,0.43484663963317871,1,36215,36,2.0543367655959082e-14
18,58,0.34090852737426758,0.34090854227542877,0.43484662473201752,0.43484663963317871,1,36265,36,3.0700022273445518e-13
19,58,0.34090854227542877,0.34090855717658997,0.43484662473201752,0.43484663963317871,1,36225,36,2.537062603680025e-13
20,58,0.34090855717658997,0.34090857207775116,0.43484662473201752,0.43484663963317871,1,36197,37,1.1937110273010712e-13
21,58,0.34090857207775116,0.34090858697891235,0.43484662473201752,0.43484663963317871,1,36239,37,2.5277791561387743e-14
22,58,0.34090858697891235,0.34090860188007355,0.43484662473201752,0.43484663963317871,1,36237,37,2.3310313662779664e-13
23,58,0.34090860188007355,0.34090861678123474,0.43484662473201752,0.43484663963317871,1,36259,37,5.1080967844148138e-14
24,58,0.34090861678123474,0.34090863168239594,0.43484662473201752,0.43484663963317871,1,36201,37,1.105205888018972e-13
25,58,0.34090863168239594,0.34090864658355713,0.43484662473201752,0.43484663963317871,1,36177,37,5.0282558309326917e-13
26,58,0.34090864658355713,0.34090866148471832,0.43484662473201752,0.43484663963317871,1,36227,37,1.2198165716803091e-13
27,58,0.34090866148471832,0.34090867638587952,0.43484662473201752,0.43484663963317871,1,36181,37,1.1887190125434845e-13
28,58,0.34090867638587952,0.34090869128704071,0.43484662473201752,0.43484663963317871,1,36163,37,1.7822334236666413e-13
29,58,0.34090869128704071,0.3409087061882019,0.43484662473201752,0.43484663963317871,1,36153,37,1.1667734443015827e-13
30,58,0.3409087061882019,0.3409087210893631,0.43484662473201752,0.43484663963317871,1,36143,37,1.1418087802566906e-13
31,58,0.3409087210893631,0.34090873599052429,0.43484662473201752,0.43484663963317871,1,36153,37,6.2907125568035312e-14
32,58,0.34090873599052429,0.34090875089168549,0.43484662473201752,0.43484663963317871,1,36151,37,1.5707327976332653e-13
33,58,0.34090875089168549,0.34090876579284668,0.43484662473201752,0.43484663963317871,1,36155,37,1.0569838934202188e-13
34,58,0.34090876579284668,0.34090878069400787,0.43484662473201752,0.43484663963317871,1,36143,37,1.9848973868201617e-14
35,58,0.34090878069400787,0.34090879559516907,0.43484662473201752,0.43484663963317871,1,36115,37,8.1405398120456535e-14
36,58,0.34090879559516907,0.34090881049633026,0.43484662473201752,0.43484663963317871,1,36129,37,3.508578845843373e-13
37,58,0.34090881049633026,0.34090882539749146,0.43484662473201752,0.43484663963317871,1,36119,37,7.3458644843224379e-14
38,58,0.34090882539749146,0.34090884029865265,0.43484662473201752,0.43484663963317871,1,36125,37,4.7122276240724628e-13
39,58,0.34090884029865265,0.34090885519981384,0.43484662473201752,0.43484663963317871,1,36107,37,6.34826763965256e-14
40,58,0.34090885519981384,0.34090887010097504,0.43484662473201752,0.43484663963317871,1,36113,37,7.0590728867428435e-14
41,58,0.34090887010097504,0.34090888500213623,0.43484662473201752,0.43484663963317871,1,36095,37,1.172831470380333e-13
42,58,0.34090888500213623,0.34090889990329742,0.43484662473201752,0.43484663963317871,1,36123,37,6.6183472929302779e-14
43,58,0.34090889990329742,0.34090891480445862,0.43484662473201752,0.43484663963317871,1,36113,37,8.7466432028647544e-14
44,58,0.34090891480445862,0.34090892970561981,0.43484662473201752,0.43484663963317871,1,36095,37,1.2313009666089415e-15
45,58,0.34090892970561981,0.34090894460678101,0.43484662473201752,0.43484663963317871,1,36111,37,1.2074326753956637e-13
46,58,0.34090894460678101,0.3409089595079422,0.43484662473201752,0.43484663963317871,1,36119,37,6.0711062275741002e-14
47,58,0.3409089595079422,0.34090897440910339,0.43484662473201752,0.43484663963317871,1,36067,37,3.5023604819504305e-13
48,58,0.34090897440910339,0.34090898931026459,0.43484662473201752,0.43484663963317871,1,36121,37,3.6587877350219331e-13
49,58,0.34090898931026459,0.34090900421142578,0.43484662473201752,0.43484663963317871,1,36121,37,5.9356721539632459e-14
50,58,0.34090900421142578,0.34090901911258698,0.43484662473201752,0.43484663963317871,1,36077,37,1.3794511318809453e-13
51,58,0.34090901911258698,0.34090903401374817,0.43484662473201752,0.43484663963317871,1,36101,37,9.5896770346804283e-14
52,58,0.34090903401374817,0.34090904891490936,0.43484662473201752,0.43484663963317871,1,36103,37,5.2540508316640664e-14
53,58,0.34090904891490936,0.34090906381607056,0.43484662473201752,0.43484663963317871,1,36121,37,4.8372180154334217e-14
54,58,0.34090906381607056,0.34090907871723175,0.43484662473201752,0.43484663963317871,1,36099,37,7.4179901503457635e-14
55,58,0.34090907871723175,0.34090909361839294,0.43484662473201752,0.43484663963317871,1,36083,37,2.2735700359976221e-13
56,58,0.34090909361839294,0.34090910851955414,0.43484662473201752,0.43484663963317871,1,36073,37,3.1125311126643222e-13
57,58,0.34090910851955414,0.34090912342071533,0.43484662473201752,0.43484663963317871,1,36077,37,4.9156076109734597e-15
58,58,0.34090912342071533,0.34090913832187653,0.43484662473201752,0.43484663963317871,1,36081,37,4.9891401459997507e-14
59,58,0.34090913832187653,0.34090915322303772,0.43484662473201752,0.43484663963317871,1,36103,38,8.1937239747535717e-16
60,58,0.34090915322303772,0.34090916812419891,0.43484662473201752,0.43484663963317871,1,36067,38,4.8431049518645326e-14
61,58,0.34090916812419891,0.34090918302536011,0.43484662473201752,0.43484663963317871,1,36119,38,1.3244248338974962e-13
62,58,0.34090918302536011,0.3409091979265213,0.43484662473201752,0.43484663963317871,1,36111,38,3.599613638138689e-14
63,58,0.3409091979265213,0.3409092128276825,0.43484662473201752,0.43484663963317871,1,36093,38,1.8644889686921511e-13
0,59,0.34090825915336609,0.34090827405452728,0.43484663963317871,0.4348466545343399,1,36267,36,2.348998496564664e-13
1,59,0.34090827405452728,0.34090828895568848,0.43484663963317871,0.4348466545343399,1,36273,36,3.2916888134254911e-14
2,59,0.34090828895568848,0.34090830385684967,0.43484663963317871,0.4348466545343399,1,36269,36,1.1519956690202528e-13
3,59,0.34090830385684967,0.34090831875801086,0.43484663963317871,0.4348466545343399,1,36303,36,4.1642189842149643e-14
4,59,0.34090831875801086,0.34090833365917206,0.43484663963317871,0.4348466545343399,1,36299,36,7.6490478217298461e-15
5,59,0.34090833365917206,0.34090834856033325,0.43484663963317871,0.4348466545343399,1,36257,36,5.6008826886608341e-14
6,59,0.34090834856033325,0.34090836346149445,0.43484663963317871,0.4348466545343399,1,36235,36,6.1312215014606768e-14
7,59,0.34090836346149445,0.34090837836265564,0.43484663963317871,0.4348466545343399,1,36281,36,1.1923940187192491e-13
8,59,0.34090837836265564,0.34090839326381683,0.43484663963317871,0.4348466545343399,1,36223,36,7.3447255870588726e-14
9,59,0.34090839326381683,0.34090840816497803,0.43484663963317871,0.4348466545343399,1,36265,36,4.1657355807657017e-14
10,59,0.34090840816497803,0.34090842306613922,0.43484663963317871,0.4348466545343399,1,36205,36,1.251708973268928e-13
11,59,0.34090842306613922,0.34090843796730042,0.43484663963317871,0.4348466545343399,1,36191,36,5.090840959728239e-14
12,59,0.34090843796730042,0.34090845286846161,0.43484663963317871,0.4348466545343399,1,36251,36,5.0310985833932001e-14
13,59,0.34090845286846161,0.3409084677696228,0.43484663963317871,0.4348466545343399,1,36215,36,2.8726552359573532e-14
14,59,0.3409084677696228,0.340908482670784,0.43484663963317871,0.4348466545343399,1,36191,36,1.5421624431419629e-14
15,59,0.340908482670784,0.34090849757194519,0.43484663963317871,0.4348466545343399,1,36187,36,3.8062254916449774e-14
16,59,0.34090849757194519,0.34090851247310638,0.43484663963317871,0.4348466545343399,1,36239,36,7.5485975507912118e-15
17,59,0.34090851247310638,0.34090852737426758,0.43484663963317871,0.4348466545343399,1,36221,36,2.049572621685445e-13
18,59,0.34090852737426758,0.34090854227542877,0.43484663963317871,0.4348466545343399,1,36189,36,7.0172930722068691e-14
19,59,0.34090854227542877,0.34090855717658997,0.43484663963317871,0.4348466545343399,1,36227,36,3.358063392069084e-14
20,59,0.34090855717658997,0.34090857207775116,0.43484663963317871,0.4348466545343399,1,36187,37,5.3062564143212903e-14
21,59,0.34090857207775116,0.34090858697891235,0.43484663963317871,0.4348466545343399,1,36197,37,1.6963960333628741e-13
22,59,0.34090858697891235,0.34090860188007355,0.43484663963317871,0.4348466545343399,1,36167,37,6.2281872202362761e-15
23,59,0.34090860188007355,0.34090861678123474,0.43484663963317871,0.4348466545343399,1,36233,37,2.3314134256822918e-13
24,59,0.34090861678123474,0.34090863168239594,0.43484663963317871,0.4348466545343399,1,36155,37,2.7133829452504956e-13
25,59,0.34090863168239594,0.34090864658355713,0.43484663963317871,0.4348466545343399,1,36193,37,1.9524887162089744e-15
26,59,0.34090864658355713,0.34090866148471832,0.43484663963317871,0.4348466545343399,1,36203,37,1.0711503951502086e-14
27,59,0.34090866148471832,0.34090867638587952,0.43484663963317871,0.4348466545343399,1,36207,37,1.7356417170255866e-14
28,59,0.34090867638587952,0.34090869128704071,0.43484663963317871,0.4348466545343399,1,36145,37,6.6669856614764297e-14
29,59,0.34090869128704071,0.3409087061882019,0.43484663963317871,0.4348466545343399,1,36151,37,9.3784913797392424e-15
30,59,0.3409087061882019,0.3409087210893631,0.43484663963317871,0.4348466545343399,1,36163,37,1.0223605728272581e-14
31,59,0.3409087210893631,0.34090873599052429,0.43484663963317871,0.4348466545343399,1,36143,37,5.9991738463319487e-14
32,59,0.34090873599052429,0.34090875089168549,0.43484663963317871,0.4348466545343399,1,36137,37,2.5984355654872692e-13
33,59,0.34090875089168549,0.34090876579284668,0.43484663963317871,0.4348466545343399,1,36161,37,1.6377444405846701e-13
34,59,0.34090876579284668,0.34090878069400787,0.43484663963317871,0.4348466545343399,1,36125,37,1.2744409468214473e-13
35,59,0.34090878069400787,0.34090879559516907,0.43484663963317871,0.4348466545343399,1,36125,37,3.1632394080061201e-13
36,59,0.34090879559516907,0.34090881049633026,0.43484663963317871,0.4348466545343399,1,36121,37,1.423574212167977e-13
37,59,0.34090881049633026,0.34090882539749146,0.43484663963317871,0.4348466545343399,1,36105,37,5.2076008822138539e-14
38,59,0.34090882539749146,0.34090884029865265,0.43484663963317871,0.4348466545343399,1,36123,37,5.5867901661941799e-14
39,59,0.34090884029865265,0.34090885519981384,0.43484663963317871,0.4348466545343399,1,36099,37,1.4694641660946582e-13
40,59,0.34090885519981384,0.34090887010097504,0.43484663963317871,0.4348466545343399,1,36081,37,1.5442545591869817e-13
41,59,0.34090887010097504,0.34090888500213623,0.43484663963317871,0.4348466545343399,1,36085,37,7.4106549904615725e-14
42,59,0.34090888500213623,0.34090889990329742,0.43484663963317871,0.4348466545343399,1,36095,37,1.4709826991814506e-13
43,59,0.34090889990329742,0.34090891480445862,0.43484663963317871,0.4348466545343399,1,36079,37,2.623048003584472e-14
44,59,0.34090891480445862,0.34090892970561981,0.43484663963317871,0.4348466545343399,1,36141,37,9.3879823793469317e-14
45,59,0.34090892970561981,0.34090894460678101,0.43484663963317871,0.4348466545343399,1,36087,37,1.890835592664753e-14
46,59,0.34090894460678101,0.3409089595079422,0.43484663963317871,0.4348466545343399,1,36123,37,2.960494587141997e-13
47,59,0.3409089595079422,0.34090897440910339,0.43484663963317871,0.4348466545343399,1,36107,37,1.1350263140110663e-14
48,59,0.34090897440910339,0.34090898931026459,0.43484663963317871,0.4348466545343399,1,36143,37,9.6140382448765288e-14
49,59,0.34090898931026459,0.34090900421142578,0.43484663963317871,0.4348466545343399,1,36097,37,1.9933703510336264e-13
50,59,0.34090900421142578,0.34090901911258698,0.43484663963317871,0.4348466545343399,1,36121,37,4.4780784805520326e-14
51,59,0.34090901911258698,0.34090903401374817,0.43484663963317871,0.4348466545343399,1,36081,37,3.7102094745747039e-15
52,59,0.34090903401374817,0.34090904891490936,0.43484663963317871,0.4348466545343399,1,36115,37,1.1560006080970615e-14
53,59,0.34090904891490936,0.34090906381607056,0.43484663963317871,0.4348466545343399,1,36091,37,5.2911494265334842e-13
54,59,0.34090906381607056,0.34090907871723175,0.43484663963317871,0.4348466545343399,1,36067,37,8.2461253748412906e-14
55,59,0.34090907871723175,0.34090909361839294,0.43484663963317871,0.4348466545343399,1,36095,37,2.9938714247139457e-13
56,59,0.34090909361839294,0.34090910851955414,0.43484663963317871,0.4348466545343399,1,36097,37,7.5430263800279001e-14
57,59,0.34090910851955414,0.34090912342071533,0.43484663963317871,0.4348466545343399,1,36093,37,1.7928207714140862e-14
58,59,0.34090912342071533,0.34090913832187653,0.43484663963317871,0.4348466545343399,1,36093,37,5.8099976540860068e-14
59,59,0.34090913832187653,0.34090915322303772,0.43484663963317871,0.4348466545343399,1,36053,37,6.400928350302837e-14
60,59,0.34090915322303772,0.34090916812419891,0.43484663963317871,0.4348466545343399,1,36087,38,1.5927576047501426e-13
61,59,0.34090916812419891,0.34090918302536011,0.43484663963317871,0.4348466545343399,1,36099,38,1.2001221493796021e-13
62,59,0.34090918302536011,0.3409091979265213,0.43484663963317871,0.4348466545343399,1,36089,38,2.0454856882374885e-14
63,59,0.3409091979265213,0.3409092128276825,0.43484663963317871,0.4348466545343399,1,36095,38,4.5547230391421011e-14
0,60,0.34090825915336609,0.34090827405452728,0.4348466545343399,0.4348466694355011,1,36333,36,8.1460023964408587e-14
1,60,0.34090827405452728,0.34090828895568848,0.4348466545343399,0.4348466694355011,1,36293,36,9.3091876565379754e-14
2,60,0.34090828895568848,0.34090830385684967,0.4348466545343399,0.4348466694355011,1,36299,36,5.5401650872207918e-14
3,60,0.34090830385684967,0.34090831875801086,0.4348466545343399,0.4348466694355011,1,36297,36,3.7963937769924439e-14
4,60,0.34090831875801086,0.34090833365917206,0.4348466545343399,0.4348466694355011,1,36259,36,1.4509298463576497e-13
5,60,0.34090833365917206,0.34090834856033325,0.4348466545343399,0.4348466694355011,1,36299,36,2.71717634799455e-13
6,60,0.34090834856033325,0.34090836346149445,0.4348466545343399,0.4348466694355011,1,36229,36,8.8791775995596959e-14
7,60,0.34090836346149445,0.34090837836265564,0.4348466545343399,0.4348466694355011,1,36239,36,5.2886022984261328e-14
8,60,0.34090837836265564,0.34090839326381683,0.4348466545343399,0.4348466694355011,1,36281,36,6.5505785465444442e-14
9,60,0.34090839326381683,0.34090840816497803,0.4348466545343399,0.4348466694355011,1,36259,36,5.2539196882712945e-14
10,60,0.34090840816497803,0.34090842306613922,0.4348466545343399,0.4348466694355011,1,36255,36,4.8314951555811063e-14
11,60,0.34090842306613922,0.34090843796730042,0.4348466545343399,0.4348466694355011,1,36197,36,2.998411225512088e-13
12,60,0.34090843796730042,0.34090845286846161,0.4348466545343399,0.4348466694355011,1,36309,36,2.9126259880762394e-13
13,60,0.34090845286846161,0.3409084677696228,0.4348466545343399,0.4348466694355011,1,36203,36,6.3195480374969309e-14
14,60,0.3409084677696228,0.340908482670784,0.4348466545343399,0.4348466694355011,1,36175,36,1.5160230353052476e-13
15,60,0.340908482670784,0.34090849757194519,0.4348466545343399,0.4348466694355011,1,36211,36,1.2477935084079335e-13
16,60,0.34090849757194519,0.34090851247310638,0.4348466545343399,0.4348466694355011,1,36203,36,3.5765693350281863e-13
17,60,0.34090851247310638,0.34090852737426758,0.4348466545343399,0.4348466694355011,1,36173,36,2.6359889606348697e-13
18,60,0.34090852737426758,0.34090854227542877,0.4348466545343399,0.4348466694355011,1,36223,36,2.9605740900282084e-14
19,60,0.34090854227542877,0.34090855717658997,0.4348466545343399,0.4348466694355011,1,36177,36,3.5108584770384581e-14
20,60,0.34090855717658997,0.34090857207775116,0.4348466545343399,0.4348466694355011,1,36197,37,1.7599777370706537e-13
21,60,0.34090857207775116,0.34090858697891235,0.4348466545343399,0.4348466694355011,1,36225,37,1.7301807316631757e-13
22,60,0.34090858697891235,0.34090860188007355,0.4348466545343399,0.4348466694355011,1,36169,37,1.2234995838893268e-13
23,60,0.34090860188007355,0.34090861678123474,0.4348466545343399,0.4348466694355011,1,36169,37,2.557403826727804e-15
24,60,0.34090861678123474,0.34090863168239594,0.4348466545343399,0.4348466694355011,1,36157,37,7.9913285265050151e-14
25,60,0.34090863168239594,0.34090864658355713,0.4348466545343399,0.4348466694355011,1,36151,37,2.6454779860679766e-14
26,60,0.34090864658355713,0.34090866148471832,0.4348466545343399,0.4348466694355011,1,36199,37,5.8099678974422025e-14
27,60,0.34090866148471832,0.34090867638587952,0.4348466545343399,0.4348466694355011,1,36165,37,2.4569605370585411e-13
28,60,0.34090867638587952,0.34090869128704071,0.4348466545343399,0.4348466694355011,1,36163,37,1.0214095078168723e-13
29,60,0.34090869128704071,0.3409087061882019,0.4348466545343399,0.4348466694355011,1,36145,37,1.3294009605749369e-13
30,60,0.3409087061882019,0.3409087210893631,0.4348466545343399,0.4348466694355011,1,36111,37,7.3909012243016893e-14
31,60,0.3409087210893631,0.34090873599052429,0.4348466545343399,0.4348466694355011,1,36111,37,2.4321166439360327e-14
32,60,0.34090873599052429,0.34090875089168549,0.4348466545343399,0.4348466694355011,1,36149,37,5.1377313276022023e-14
33,60,0.34090875089168549,0.34090876579284668,0.4348466545343399,0.4348466694355011,1,36101,37,1.3301168412312825e-14
34,60,0.34090876579284668,0.34090878069400787,0.4348466545343399,0.4348466694355011,1,36127,37,5.4649357979164727e-14
35,60,0.34090878069400787,0.34090879559516907,0.4348466545343399,0.4348466694355011,1,36107,37,2.6437428500162822e-14
36,60,0.34090879559516907,0.34090881049633026,0.4348466545343399,0.4348466694355011,1,36147,37,2.8239818526950889e-13
37,60,0.34090881049633026,0.34090882539749146,0.4348466545343399,0.4348466694355011,1,36133,37,5.1989990117971356e-14
38,60,0.34090882539749146,0.34090884029865265,0.4348466545343399,0.4348466694355011,1,36085,37,1.0844057502514076e-13
39,60,0.34090884029865265,0.34090885519981384,0.4348466545343399,0.4348466694355011,1,36099,37,1.5715182306607981e-13
40,60,0.34090885519981384,0.34090887010097504,0.4348466545343399,0.4348466694355011,1,36147,37,1.922280386236428e-13
41,60,0.34090887010097504,0.34090888500213623,0.4348466545343399,0.4348466694355011,1,36091,37,4.6059567427201614e-13
42,60,0.34090888500213623,0.34090889990329742,0.4348466545343399,0.4348466694355011,1,36127,37,7.6681154195156215e-16
43,60,0.34090889990329742,0.34090891480445862,0.4348466545343399,0.4348466694355011,1,36101,37,1.0593661564988267e-13
44,60,0.34090891480445862,0.34090892970561981,0.4348466545343399,0.4348466694355011,1,36111,37,2.1981180767026634e-13
45,60,0.34090892970561981,0.34090894460678101,0.4348466545343399,0.4348466694355011,1,36079,37,3.1942397859291036e-14
46,60,0.34090894460678101,0.3409089595079422,0.4348466545343399,0.4348466694355011,1,36081,37,9.1906308450142743e-14
47,60,0.3409089595079422,0.34090897440910339,0.4348466545343399,0.4348466694355011,1,36117,37,8.0297440260597855e-14
48,60,0.34090897440910339,0.34090898931026459,0.4348466545343399,0.4348466694355011,1,36109,37,5.8796061936260507e-14
49,60,0.34090898931026459,0.34090900421142578,0.4348466545343399,0.4348466694355011,1,36087,37,2.0111296794249846e-13
50,60,0.34090900421142578,0.34090901911258698,0.4348466545343399,0.4348466694355011,1,36075,37,6.1031007194395252e-14
51,60,0.34090901911258698,0.34090903401374817,0.4348466545343399,0.4348466694355011,1,36067,37,2.1834331782360025e-13
52,60,0.34090903401374817,0.34090904891490936,0.4348466545343399,0.4348466694355011,1,36111,37,2.8148332613201644e-13
53,60,0.34090904891490936,0.34090906381607056,0.4348466545343399,0.4348466694355011,1,36083,37,1.6318879122970923e-13
54,60,0.34090906381607056,0.34090907871723175,0.4348466545343399,0.4348466694355011,1,36081,37,1.3301961612139018e-13
55,60,0.34090907871723175,0.34090909361839294,0.4348466545343399,0.4348466694355011,1,36111,37,2.8124063755541833e-14
56,60,0.34090909361839294,0.34090910851955414,0.4348466545343399,0.4348466694355011,1,36073,37,7.3412310067991558e-16
57,60,0.34090910851955414,0.34090912342071533,0.4348466545343399,0.4348466694355011,1,36109,37,2.9332895689521326e-14
58,60,0.34090912342071533,0.34090913832187653,0.4348466545343399,0.4348466694355011,1,36109,37,2.4937000936488385e-14
59,60,0.34090913832187653,0.34090915322303772,0.4348466545343399,0.4348466694355011,1,36075,37,8.3804948242230418e-14
60,60,0.34090915322303772,0.34090916812419891,0.4348466545343399,0.4348466694355011,1,36083,38,6.9217179293866241e-14
61,60,0.34090916812419891,0.34090918302536011,0.4348466545343399,0.4348466694355011,1,36113,38,1.1190935417686677e-13
62,60,0.34090918302536011,0.3409091979265213,0.4348466545343399,0.4348466694355011,1,36099,38,7.4038716045301767e-14
63,60,0.3409091979265213,0.3409092128276825,0.4348466545343399,0.4348466694355011,1,36065,38,1.7337635750456067e-13
0,61,0.34090825915336609,0.34090827405452728,0.4348466694355011,0.43484668433666229,1,36265,36,8.1729634795615459e-14
1,61,0.34090827405452728,0.34090828895568848,0.4348466694355011,0.43484668433666229,1,36321,36,1.9923261920024457e-13
2,61,0.34090828895568848,0.34090830385684967,0.4348466694355011,0.43484668433666229,1,36309,36,1.3114888419317752e-13
3,61,0.34090830385684967,0.34090831875801086,0.4348466694355011,0.43484668433666229,1,36267,36,8.6995871885291755e-14
4,61,0.34090831875801086,0.34090833365917206,0.4348466694355011,0.43484668433666229,1,36273,36,3.2542539535048509e-14
5,61,0.34090833365917206,0.34090834856033325,0.4348466694355011,0.43484668433666229,1,36237,36,1.0597470088492137e-13
6,61,0.34090834856033325,0.34090836346149445,0.4348466694355011,0.43484668433666229,1,36275,36,2.3083255443772659e-13
7,61,0.34090836346149445,0.34090837836265564,0.4348466694355011,0.43484668433666229,1,36267,36,6.1780526979556754e-14
8,61,0.34090837836265564,0.34090839326381683,0.4348466694355011,0.43484668433666229,1,36225,36,2.5860083427032639e-14
9,61,0.34090839326381683,0.34090840816497803,0.4348466694355011,0.43484668433666229,1,36233,36,1.9293323057021878e-13
10,61,0.34090840816497803,0.34090842306613922,0.4348466694355011,0.43484668433666229,1,36239,36,9.6916562148721251e-14
11,61,0.34090842306613922,0.34090843796730042,0.4348466694355011,0.43484668433666229,1,36233,36,4.1879046994624704e-14
12,61,0.34090843796730042,0.34090845286846161,0.4348466694355011,0.43484668433666229,1,36237,36,1.2097621228483083e-14
13,61,0.34090845286846161,0.3409084677696228,0.4348466694355011,0.43484668433666229,1,36229,36,5.3652610415458576e-14
14,61,0.3409084677696228,0.340908482670784,0.4348466694355011,0.43484668433666229,1,36197,36,9.2864522728356698e-15
15,61,0.340908482670784,0.34090849757194519,0.4348466694355011,0.43484668433666229,1,36207,36,2.1479247177438974e-13
16,61,0.34090849757194519,0.34090851247310638,0.4348466694355011,0.43484668433666229,1,36257,36,7.1933017359603893e-14
17,61,0.34090851247310638,0.34090852737426758,0.4348466694355011,0.43484668433666229,1,36213,36,1.0933094924535605e-13
18,61,0.34090852737426758,0.34090854227542877,0.4348466694355011,0.43484668433666229,1,36177,36,2.1304677565553772e-13
19,61,0.34090854227542877,0.34090855717658997,0.4348466694355011,0.43484668433666229,1,36221,36,8.7326240689011916e-14
20,61,0.34090855717658997,0.34090857207775116,0.4348466694355011,0.43484668433666229,1,36165,37,4.1602687866144223e-14
21,61,0.34090857207775116,0.34090858697891235,0.4348466694355011,0.43484668433666229,1,36157,37,2.6141908340279162e-14
22,61,0.34090858697891235,0.34090860188007355,0.4348466694355011,0.43484668433666229,1,36163,37,2.41867411467104e-14
23,61,0.34090860188007355,0.34090861678123474,0.4348466694355011,0.43484668433666229,1,36185,37,1.8204936600331631e-13
24,61,0.34090861678123474,0.34090863168239594,0.4348466694355011,0.43484668433666229,1,36161,37,9.9915947149267328e-16
25,61,0.34090863168239594,0.34090864658355713,0.4348466694355011,0.43484668433666229,1,36189,37,2.8861354588967722e-14
26,61,0.34090864658355713,0.34090866148471832,0.4348466694355011,0.43484668433666229,1,36157,37,3.0994571702769485e-14
27,61,0.34090866148471832,0.34090867638587952,0.4348466694355011,0.43484668433666229,1,36133,37,4.2605580859414466e-15
28,61,0.34090867638587952,0.34090869128704071,0.4348466694355011,0.43484668433666229,1,36139,37,1.9909686301242708e-15
29,61,0.34090869128704071,0.3409087061882019,0.4348466694355011,0.43484668433666229,1,36111,37,1.6667794986098302e-13
30,61,0.3409087061882019,0.3409087210893631,0.4348466694355011,0.43484668433666229,1,36135,37,2.9888962083623399e-14
31,61,0.3409087210893631,0.34090873599052429,0.4348466694355011,0.43484668433666229,1,36117,37,1.0970664395182057e-13
32,61,0.34090873599052429,0.34090875089168549,0.4348466694355011,0.43484668433666229,1,36105,37,4.5086522469902266e-14
33,61,0.34090875089168549,0.34090876579284668,0.4348466694355011,0.43484668433666229,1,36107,37,5.3426552478858072e-14
34,61,0.34090876579284668,0.34090878069400787,0.4348466694355011,0.43484668433666229,1,36131,37,5.1797524064502772e-14
35,61,0.34090878069400787,0.34090879559516907,0.4348466694355011,0.43484668433666229,1,36141,37,1.8771409003079677e-13
36,61,0.34090879559516907,0.34090881049633026,0.4348466694355011,0.43484668433666229,1,36133,37,7.6781300380026012e-14
37,61,0.34090881049633026,0.34090882539749146,0.4348466694355011,0.43484668433666229,1,36149,37,4.0595108122892654e-14
38,61,0.34090882539749146,0.34090884029865265,0.4348466694355011,0.43484668433666229,1,36105,37,3.3815216329918058e-13
39,61,0.34090884029865265,0.34090885519981384,0.4348466694355011,0.43484668433666229,1,36111,37,1.8143962643520303e-14
40,61,0.34090885519981384,0.34090887010097504,0.4348466694355011,0.43484668433666229,1,36147,37,1.0973561015121476e-14
41,61,0.34090887010097504,0.34090888500213623,0.4348466694355011,0.43484668433666229,1,36145,37,9.5809586709859877e-14
42,61,0.34090888500213623,0.34090889990329742,0.4348466694355011,0.43484668433666229,1,36075,37,7.8904247421820621e-14
43,61,0.34090889990329742,0.34090891480445862,0.4348466694355011,0.43484668433666229,1,36119,37,3.3494994235653754e-13
44,61,0.34090891480445862,0.34090892970561981,0.4348466694355011,0.43484668433666229,1,36129,37,3.2442639159977524e-14
45,61,0.34090892970561981,0.34090894460678101,0.4348466694355011,0.43484668433666229,1,36077,37,6.5872584473628816e-13
46,61,0.34090894460678101,0.3409089595079422,0.4348466694355011,0.43484668433666229,1,36047,37,2.4007618756336788e-14
47,61,0.3409089595079422,0.34090897440910339,0.4348466694355011,0.43484668433666229,1,36085,37,2.4547213617504381e-15
48,61,0.34090897440910339,0.34090898931026459,0.4348466694355011,0.43484668433666229,1,36063,37,6.996124064581647e-14
49,61,0.34090898931026459,0.34090900421142578,0.4348466694355011,0.43484668433666229,1,36073,37,1.6348022581981124e-13
50,61,0.34090900421142578,0.34090901911258698,0.4348466694355011,0.43484668433666229,1,36065,37,1.7407916660521973e-13
51,61,0.34090901911258698,0.34090903401374817,0.4348466694355011,0.43484668433666229,1,36093,37,3.6847511703571645e-14
52,61,0.34090903401374817,0.34090904891490936,0.4348466694355011,0.43484668433666229,1,36097,37,1.6306266348260273e-13
53,61,0.34090904891490936,0.34090906381607056,0.4348466694355011,0.43484668433666229,1,36155,37,4.8016159125620726e-14
54,61,0.34090906381607056,0.34090907871723175,0.4348466694355011,0.43484668433666229,1,36121,37,7.6629898134110939e-14
55,61,0.34090907871723175,0.34090909361839294,0.4348466694355011,0.43484668433666229,1,36097,37,4.7361831026366746e-14
56,61,0.34090909361839294,0.34090910851955414,0.4348466694355011,0.43484668433666229,1,36057,37,7.2235147279104605e-14
57,61,0.34090910851955414,0.34090912342071533,0.4348466694355011,0.43484668433666229,1,36097,37,1.7233502719477268e-13
58,61,0.34090912342071533,0.34090913832187653,0.4348466694355011,0.43484668433666229,1,36101,37,1.181543543210731e-13
59,61,0.34090913832187653,0.34090915322303772,0.4348466694355011,0.43484668433666229,1,36069,37,7.6801569923044012e-14
60,61,0.34090915322303772,0.34090916812419891,0.4348466694355011,0.43484668433666229,1,36097,38,2.5018317455897605e-14
61,61,0.34090916812419891,0.34090918302536011,0.4348466694355011,0.43484668433666229,1,36065,38,8.8759761528228347e-14
62,61,0.34090918302536011,0.3409091979265213,0.4348466694355011,0.43484668433666229,1,36075,38,2.1546004906074447e-13
63,61,0.3409091979265213,0.3409092128276825,0.4348466694355011,0.43484668433666229,1,36089,38,8.2874705691387024e-15
0,62,0.34090825915336609,0.34090827405452728,0.43484668433666229,0.43484669923782349,1,36263,36,2.5451123952665001e-13
1,62,0.34090827405452728,0.34090828895568848,0.43484668433666229,0.43484669923782349,1,36261,36,5.3477549275921396e-14
2,62,0.34090828895568848,0.34090830385684967,0.43484668433666229,0.43484669923782349,1,36277,36,4.2807049136601765e-14
3,62,0.34090830385684967,0.34090831875801086,0.43484668433666229,0.43484669923782349,1,36289,36,3.573081606571344e-14
4,62,0.34090831875801086,0.34090833365917206,0.43484668433666229,0.43484669923782349,1,36239,36,1.2279112606601926e-13
5,62,0.34090833365917206,0.34090834856033325,0.43484668433666229,0.43484669923782349,1,36249,36,2.1047861236375562e-14
6,62,0.34090834856033325,0.34090836346149445,0.43484668433666229,0.43484669923782349,1,36261,36,2.1653019208860609e-14
7,62,0.34090836346149445,0.34090837836265564,0.43484668433666229,0.43484669923782349,1,36239,36,2.1579147317009054e-13
8,62,0.34090837836265564,0.34090839326381683,0.43484668433666229,0.43484669923782349,1,36225,36,1.8039555197075473e-13
9,62,0.34090839326381683,0.34090840816497803,0.43484668433666229,0.43484669923782349,1,36243,36,9.108920693794356e-14
10,62,0.34090840816497803,0.34090842306613922,0.43484668433666229,0.43484669923782349,1,36193,36,1.3947257268703727e-13
11,62,0.34090842306613922,0.34090843796730042,0.43484668433666229,0.43484669923782349,1,36255,36,3.8873857436034801e-13
12,62,0.34090843796730042,0.34090845286846161,0.43484668433666229,0.43484669923782349,1,36195,36,1.5682790013777427e-15
13,62,0.34090845286846161,0.3409084677696228,0.43484668433666229,0.43484669923782349,1,36191,36,1.8994165485511239e-13
14,62,0.3409084677696228,0.340908482670784,0.43484668433666229,0.43484669923782349,1,36161,36,2.435968855416932e-14
15,62,0.340908482670784,0.34090849757194519,0.43484668433666229,0.43484669923782349,1,36215,36,1.0208844170580863e-13
16,62,0.34090849757194519,0.34090851247310638,0.43484668433666229,0.43484669923782349,1,36257,36,4.1862324765412415e-14
17,62,0.34090851247310638,0.34090852737426758,0.43484668433666229,0.43484669923782349,1,36231,36,3.7731056739519749e-15
18,62,0.34090852737426758,0.34090854227542877,0.43484668433666229,0.43484669923782349,1,36217,36,8.4761786362263904e-16
19,62,0.34090854227542877,0.34090855717658997,0.43484668433666229,0.43484669923782349,1,36161,36,1.2625595302553827e-13
20,62,0.34090855717658997,0.34090857207775116,0.43484668433666229,0.43484669923782349,1,36229,37,5.3806637445699936e-14
21,62,0.34090857207775116,0.34090858697891235,0.43484668433666229,0.43484669923782349,1,36167,37,6.0742779477739465e-14
22,62,0.34090858697891235,0.34090860188007355,0.43484668433666229,0.43484669923782349,1,36193,37,4.0150929965639239e-14
23,62,0.34090860188007355,0.34090861678123474,0.43484668433666229,0.43484669923782349,1,36223,37,2.0512563873492516e-13
24,62,0.34090861678123474,0.34090863168239594,0.43484668433666229,0.43484669923782349,1,36215,37,1.1194586523217935e-13
25,62,0.34090863168239594,0.34090864658355713,0.43484668433666229,0.43484669923782349,1,36155,37,4.425929120235949e-14
26,62,0.34090864658355713,0.34090866148471832,0.43484668433666229,0.43484669923782349,1,36143,37,9.4161884018429455e-15
27,62,0.34090866148471832,0.34090867638587952,0.43484668433666229,0.43484669923782349,1,36151,37,1.0095164418891728e-13
28,62,0.34090867638587952,0.34090869128704071,0.43484668433666229,0.43484669923782349,1,36151,37,1.7596843660843419e-13
29,62,0.34090869128704071,0.3409087061882019,0.43484668433666229,0.43484669923782349,1,36135,37,3.8462901147369901e-13
30,62,0.3409087061882019,0.3409087210893631,0.43484668433666229,0.43484669923782349,1,36165,37,3.0433605108301407e-13
31,62,0.3409087210893631,0.34090873599052429,0.43484668433666229,0.43484669923782349,1,36169,37,1.6556908627601617e-13
32,62,0.34090873599052429,0.34090875089168549,0.43484668433666229,0.43484669923782349,1,36115,37,7.5866963077074406e-14
33,62,0.34090875089168549,0.34090876579284668,0.43484668433666229,0.43484669923782349,1,36115,37,3.0247355833330465e-14
34,62,0.34090876579284668,0.34090878069400787,0.43484668433666229,0.43484669923782349,1,36103,37,8.6378734448146558e-15
35,62,0.34090878069400787,0.34090879559516907,0.43484668433666229,0.43484669923782349,1,36113,37,8.7307235108019817e-14
36,62,0.34090879559516907,0.34090881049633026,0.43484668433666229,0.43484669923782349,1,36105,37,2.0760531662030967e-14
37,62,0.34090881049633026,0.34090882539749146,0.43484668433666229,0.43484669923782349,1,36131,37,3.1416475822504963e-13
38,62,0.34090882539749146,0.34090884029865265,0.43484668433666229,0.43484669923782349,1,36167,37,3.0254027278093466e-14
39,62,0.34090884029865265,0.34090885519981384,0.43484668433666229,0.43484669923782349,1,36099,37,7.8348868722311972e-14
40,62,0.34090885519981384,0.34090887010097504,0.43484668433666229,0.43484669923782349,1,36087,37,1.7926637621998821e-14
41,62,0.34090887010097504,0.34090888500213623,0.43484668433666229,0.43484669923782349,1,36095,37,8.4272629631657174e-14
42,62,0.34090888500213623,0.34090889990329742,0.43484668433666229,0.43484669923782349,1,36083,37,1.4764029556085013e-13
43,62,0.34090889990329742,0.34090891480445862,0.43484668433666229,0.43484669923782349,1,36089,37,1.1337125450359722e-13
44,62,0.34090891480445862,0.34090892970561981,0.43484668433666229,0.43484669923782349,1,36121,37,4.0565470774205251e-13
45,62,0.34090892970561981,0.34090894460678101,0.43484668433666229,0.43484669923782349,1,36091,37,8.401541110758729e-14
46,62,0.34090894460678101,0.3409089595079422,0.43484668433666229,0.43484669923782349,1,36085,37,3.6836895807461212e-14
47,62,0.3409089595079422,0.34090897440910339,0.43484668433666229,0.43484669923782349,1,36091,37,1.3797755314651382e-13
48,62,0.34090897440910339,0.34090898931026459,0.43484668433666229,0.43484669923782349,1,36083,37,3.5246482160105124e-14
49,62,0.34090898931026459,0.34090900421142578,0.43484668433666229,0.43484669923782349,1,36059,37,1.3285911650043383e-13
50,62,0.34090900421142578,0.34090901911258698,0.43484668433666229,0.43484669923782349,1,36059,37,6.8803919996836537e-14
51,62,0.34090901911258698,0.34090903401374817,0.43484668433666229,0.43484669923782349,1,36089,37,2.4582348855427138e-13
52,62,0.34090903401374817,0.34090904891490936,0.43484668433666229,0.43484669923782349,1,36101,37,5.4476161761218847e-15
53,62,0.34090904891490936,0.34090906381607056,0.43484668433666229,0.43484669923782349,1,36051,37,5.0741567646411142e-15
54,62,0.34090906381607056,0.34090907871723175,0.43484668433666229,0.43484669923782349,1,36073,37,1.6922474502733695e-14
55,62,0.34090907871723175,0.34090909361839294,0.43484668433666229,0.43484669923782349,1,36063,37,3.9367922311886031e-14
56,62,0.34090909361839294,0.34090910851955414,0.43484668433666229,0.43484669923782349,1,36107,37,5.6721556141880939e-14
57,62,0.34090910851955414,0.34090912342071533,0.43484668433666229,0.43484669923782349,1,36097,37,4.4007278420451173e-14
58,62,0.34090912342071533,0.34090913832187653,0.43484668433666229,0.43484669923782349,1,36091,37,5.9762533872741906e-14
59,62,0.34090913832187653,0.34090915322303772,0.43484668433666229,0.43484669923782349,1,36085,37,3.2568903867785368e-14
60,62,0.34090915322303772,0.34090916812419891,0.43484668433666229,0.43484669923782349,1,36091,38,5.4226446727212475e-14
61,62,0.34090916812419891,0.34090918302536011,0.43484668433666229,0.43484669923782349,1,36055,38,1.2676615527781262e-13
62,62,0.34090918302536011,0.3409091979265213,0.43484668433666229,0.43484669923782349,1,36069,38,7.2373913608965916e-14
63,62,0.3409091979265213,0.3409092128276825,0.43484668433666229,0.43484669923782349,1,36079,38,4.7440435075012727e-13
0,63,0.34090825915336609,0.34090827405452728,0.43484669923782349,0.43484671413898468,1,36299,36,1.0247067179604882e-14
1,63,0.34090827405452728,0.34090828895568848,0.43484669923782349,0.43484671413898468,1,36249,36,1.9495758285194532e-13
2,63,0.34090828895568848,0.34090830385684967,0.43484669923782349,0.43484671413898468,1,36271,36,9.2473933889208138e-15
3,63,0.34090830385684967,0.34090831875801086,0.43484669923782349,0.43484671413898468,1,36253,36,1.030948317383139e-13
4,63,0.34090831875801086,0.34090833365917206,0.43484669923782349,0.43484671413898468,1,36319,36,1.582472472872778e-13
5,63,0.34090833365917206,0.34090834856033325,0.43484669923782349,0.43484671413898468,1,36233,36,5.2774573779855883e-14
6,63,0.34090834856033325,0.34090836346149445,0.43484669923782349,0.43484671413898468,1,36239,36,1.1095395849919344e-14
7,63,0.34090836346149445,0.34090837836265564,0.43484669923782349,0.43484671413898468,1,36277,36,1.8428135844070369e-13
8,63,0.34090837836265564,0.34090839326381683,0.43484669923782349,0.43484671413898468,1,36231,36,4.9944297835926829e-14
9,63,0.34090839326381683,0.34090840816497803,0.43484669923782349,0.43484671413898468,1,36233,36,1.7784080733578705e-13
10,63,0.34090840816497803,0.34090842306613922,0.43484669923782349,0.43484671413898468,1,36213,36,1.392771394194069e-13
11,63,0.34090842306613922,0.34090843796730042,0.43484669923782349,0.43484671413898468,1,36189,36,7.6419572163616999e-15
12,63,0.34090843796730042,0.34090845286846161,0.43484669923782349,0.43484671413898468,1,36179,36,3.147326091704038e-14
13,63,0.34090845286846161,0.3409084677696228,0.43484669923782349,0.43484671413898468,1,36175,36,1.3973109139884882e-13
14,63,0.3409084677696228,0.340908482670784,0.43484669923782349,0.43484671413898468,1,36189,36,1.0238528446224789e-13
15,63,0.340908482670784,0.34090849757194519,0.43484669923782349,0.43484671413898468,1,36161,36,2.0452889075679655e-13
16,63,0.34090849757194519,0.34090851247310638,0.43484669923782349,0.43484671413898468,1,36185,36,1.6994299333682477e-13
17,63,0.34090851247310638,0.34090852737426758,0.43484669923782349,0.43484671413898468,1,36139,36,4.2039798267368799e-14
18,63,0.34090852737426758,0.34090854227542877,0.43484669923782349,0.43484671413898468,1,36189,36,1.0533777957794825e-13
19,63,0.34090854227542877,0.34090855717658997,0.43484669923782349,0.43484671413898468,1,36149,36,7.5318472483084116e-14
20,63,0.34090855717658997,0.34090857207775116,0.43484669923782349,0.43484671413898468,1,36211,37,4.6821375958741484e-14
21,63,0.34090857207775116,0.34090858697891235,0.43484669923782349,0.43484671413898468,1,36167,37,1.984648956302495e-14
22,63,0.34090858697891235,0.34090860188007355,0.43484669923782349,0.43484671413898468,1,36171,37,4.5496386307770292e-14
23,63,0.34090860188007355,0.34090861678123474,0.43484669923782349,0.43484671413898468,1,36135,37,5.1524355849109064e-16
24,63,0.34090861678123474,0.34090863168239594,0.43484669923782349,0.43484671413898468,1,36151,37,1.2070782379055141e-13
25,63,0.34090863168239594,0.34090864658355713,0.43484669923782349,0.43484671413898468,1,36123,37,2.2996853515019353e-13
26,63,0.34090864658355713,0.34090866148471832,0.43484669923782349,0.43484671413898468,1,36133,37,8.4227145254484509e-14
27,63,0.34090866148471832,0.34090867638587952,0.43484669923782349,0.43484671413898468,1,36179,37,1.3570444065153353e-13
28,63,0.34090867638587952,0.34090869128704071,0.43484669923782349,0.43484671413898468,1,36109,37,4.6996023505862431e-14
29,63,0.34090869128704071,0.3409087061882019,0.43484669923782349,0.43484671413898468,1,36139,37,1.206608323660414e-13
30,63,0.3409087061882019,0.3409087210893631,0.43484669923782349,0.43484671413898468,1,36129,37,2.8522797976728296e-14
31,63,0.3409087210893631,0.34090873599052429,0.43484669923782349,0.43484671413898468,1,36131,37,2.2841701399627664e-14
32,63,0.34090873599052429,0.34090875089168549,0.43484669923782349,0.43484671413898468,1,36117,37,1.0237517553554476e-13
33,63,0.34090875089168549,0.34090876579284668,0.43484669923782349,0.43484671413898468,1,36103,37,2.7650988473287232e-13
34,63,0.34090876579284668,0.34090878069400787,0.43484669923782349,0.43484671413898468,1,36101,37,1.0087961033467384e-13
35,63,0.34090878069400787,0.34090879559516907,0.43484669923782349,0.43484671413898468,1,36091,37,1.1188321565748365e-14
36,63,0.34090879559516907,0.34090881049633026,0.43484669923782349,0.43484671413898468,1,36097,37,2.1785365270526227e-13
37,63,0.34090881049633026,0.34090882539749146,0.43484669923782349,0.43484671413898468,1,36151,37,1.1199124289136906e-13
38,63,0.34090882539749146,0.34090884029865265,0.43484669923782349,0.43484671413898468,1,36143,37,7.6510428935310827e-15
39,63,0.34090884029865265,0.34090885519981384,0.43484669923782349,0.43484671413898468,1,36089,37,8.7677600385181921e-15
40,63,0.34090885519981384,0.34090887010097504,0.43484669923782349,0.43484671413898468,1,36155,37,1.3547848534248523e-14
41,63,0.34090887010097504,0.34090888500213623,0.43484669923782349,0.43484671413898468,1,36095,37,1.3940086736422112e-14
42,63,0.34090888500213623,0.34090889990329742,0.43484669923782349,0.43484671413898468,1,36105,37,1.09746558574009e-13
43,63,0.34090889990329742,0.34090891480445862,0.43484669923782349,0.43484671413898468,1,36085,37,2.7593440015075698e-13
44,63,0.34090891480445862,0.34090892970561981,0.43484669923782349,0.43484671413898468,1,36079,37,3.12998879237837e-13
45,63,0.34090892970561981,0.34090894460678101,0.43484669923782349,0.43484671413898468,1,36077,37,1.2898106298062415e-13
46,63,0.34090894460678101,0.3409089595079422,0.43484669923782349,0.43484671413898468,1,36075,37,3.7413373522142742e-14
47,63,0.3409089595079422,0.34090897440910339,0.43484669923782349,0.43484671413898468,1,36097,37,1.4954069934373938e-13
48,63,0.34090897440910339,0.34090898931026459,0.43484669923782349,0.43484671413898468,1,36069,37,9.468314699209376e-14
49,63,0.34090898931026459,0.34090900421142578,0.43484669923782349,0.43484671413898468,1,36055,37,1.0237598875500294e-13
50,63,0.34090900421142578,0.34090901911258698,0.43484669923782349,0.43484671413898468,1,36049,37,1.8145813679447151e-16
51,63,0.34090901911258698,0.34090903401374817,0.43484669923782349,0.43484671413898468,1,36097,37,2.2284129255574507e-13
52,63,0.34090903401374817,0.34090904891490936,0.43484669923782349,0.43484671413898468,1,36079,37,4.4168602362443779e-14
53,63,0.34090904891490936,0.34090906381607056,0.43484669923782349,0.43484671413898468,1,36081,37,4.3299220875736816e-14
54,63,0.34090906381607056,0.34090907871723175,0.43484669923782349,0.43484671413898468,1,36081,37,1.0551538142584301e-13
55,63,0.34090907871723175,0.34090909361839294,0.43484669923782349,0.43484671413898468,1,36083,37,8.4099000924615691e-15
56,63,0.34090909361839294,0.34090910851955414,0.43484669923782349,0.43484671413898468,1,36081,37,2.9435759265739047e-14
57,63,0.34090910851955414,0.34090912342071533,0.43484669923782349,0.43484671413898468,1,36085,37,4.5767653855114389e-14
58,63,0.34090912342071533,0.34090913832187653,0.43484669923782349,0.43484671413898468,1,36043,37,9.2375782559883544e-15
59,63,0.34090913832187653,0.34090915322303772,0.43484669923782349,0.43484671413898468,1,36019,37,1.2275149371118864e-13
60,63,0.34090915322303772,0.34090916812419891,0.43484669923782349,0.43484671413898468,1,36075,37,5.5357646106303871e-14
61,63,0.34090916812419891,0.34090918302536011,0.43484669923782349,0.43484671413898468,1,36063,38,1.8905546510421194e-13
62,63,0.34090918302536011,0.3409091979265213,0.43484669923782349,0.43484671413898468,1,36099,38,2.2449074906711111e-13
63,63,0.3409091979265213,0.3409092128276825,0.43484669923782349,0.43484671413898468,1,36049,38,2.155544638963608e-16
